generation,training_best,training_mean,training_worst,training_std,selected_candidate_fitness,benchmark_score,normal_score,mid_score,late_score,full_tournament_score,minimum_control_score,randomized_human_score,raw_selection_score,advantage_score,normal_advantage,mid_advantage,late_advantage,full_tournament_advantage,minimum_control_advantage,randomized_human_advantage,robust_score,verified_score,verified_top_two_rate,verified_first_place_rate,verified_average_position,verified_bankruptcy_rate,checkpoint_saved,checkpoint_batches_won,checkpoint_batch_count,checkpoint_improvement,league_promoted,league_size,total_probe_decisions,action_entropy,unique_policy_count,unique_policy_rate,mean_distinct_actions,contextual_policy_rate,action_legacy_fraction,action_minimum,action_bet_02_percent,action_bet_03_percent,action_bet_05_percent,action_bet_10_percent,action_bet_15_percent,action_bet_20_percent,action_bet_30_percent,action_bet_40_percent,action_bet_50_percent,action_bet_75_percent,action_bet_100_percent,probe_early_tied_action_index,probe_early_tied_legal_bet,probe_early_behind_second_action_index,probe_early_behind_second_legal_bet,probe_mid_one_bet_behind_action_index,probe_mid_one_bet_behind_legal_bet,probe_mid_far_behind_action_index,probe_mid_far_behind_legal_bet,probe_late_behind_second_action_index,probe_late_behind_second_legal_bet,probe_late_safe_lead_action_index,probe_late_safe_lead_legal_bet,probe_early_gap_cautious_action_index,probe_early_gap_cautious_legal_bet,probe_early_gap_volatile_action_index,probe_early_gap_volatile_legal_bet,probe_late_gap_cautious_action_index,probe_late_gap_cautious_legal_bet,probe_late_gap_volatile_action_index,probe_late_gap_volatile_legal_bet
0,43.78048387096776,5.298486356192272,-12.285440729483284,14.875632974984894,43.78048387096776,0.3,0.4,0.2830188679245283,0.16216216216216217,0.26666666666666666,0.31666666666666665,0.36666666666666664,0.3,0.0,0.0,0.0,0.0,0.0,0.0,0.0,0.0,0.28121707783168,0.28121707783168,0.09951752816625481,3.2402714833203254,0.005848908244117826,True,3,3,,True,1,2240,0.956738601191643,41,0.5857142857142857,1.6,0.42857142857142855,0.0,0.07544642857142857,0.11383928571428571,0.10714285714285714,0.07366071428571429,0.05669642857142857,0.10491071428571429,0.08705357142857142,0.06160714285714286,0.08705357142857142,0.10401785714285715,0.048214285714285716,0.08035714285714286,1,100,1,100,1,100,1,100,1,100,1,100,1,100,1,100,1,100,1,100
1,29.09126906809772,8.006033429416844,-10.590336956521739,10.896225226868578,23.124459768678307,0.2966666666666667,0.375,0.24528301886792453,0.24324324324324326,0.2,0.15,0.5,0.2786666666666667,0.0,0.0,0.0,0.0,0.0,0.0,0.033333333333333326,0.004999999999999998,0.30520266513340605,0.30520266513340605,0.08553245826710944,3.225700260668878,0.0,False,0,3,-0.0084101785476145,False,1,2240,0.7420304533210385,32,0.45714285714285713,1.3857142857142857,0.32857142857142857,0.0,0.365625,0.2611607142857143,0.09330357142857143,0.03125,0.0375,0.030357142857142857,0.03080357142857143,0.029910714285714287,0.015178571428571428,0.02857142857142857,0.033035714285714286,0.04330357142857143,1,100,1,100,1,100,1,100,1,100,1,100,1,100,1,100,1,100,1,100
2,20.58342890667914,9.195434008786386,-11.815940647482014,9.600211810763575,20.58342890667914,0.25666666666666665,0.39166666666666666,0.1509433962264151,0.1891891891891892,0.3333333333333333,0.3,0.45,0.3168333333333333,0.0,0.0,0.0,0.0,0.0,0.0,0.0,0.0,0.2965125730041681,0.2965125730041681,0.10174229853545919,3.25024117518887,0.0007984031936127746,False,1,3,6.490608900244776e-05,False,1,2240,0.5173868216577988,24,0.34285714285714286,1.2714285714285714,0.24285714285714285,0.0,0.64375,0.11026785714285714,0.028125,0.0,0.004910714285714286,0.028125,0.023660714285714285,0.0,0.019196428571428573,0.014285714285714285,0.07767857142857143,0.05,1,100,1,100,1,100,1,100,1,100,1,100,1,100,1,100,1,100,1,100
3,23.447712149197994,8.609112600893743,-12.7025,11.315624161190632,23.234454291490618,0.2733333333333333,0.3333333333333333,0.24528301886792453,0.21621621621621623,0.26666666666666666,0.23333333333333334,0.26666666666666666,0.266,0.0,0.0,0.0,0.0,0.0,0.0,0.0,0.0,0.25211143369826,0.25211143369826,0.08410853235721572,3.2285281208302634,0.0,False,1,3,0.0007575757575757347,False,1,2240,0.5727867065134938,26,0.37142857142857144,1.2714285714285714,0.24285714285714285,0.0,0.6299107142857143,0.05580357142857143,0.016964285714285713,0.04285714285714286,0.013839285714285714,0.04151785714285714,0.014285714285714285,0.055357142857142855,0.044642857142857144,0.026339285714285714,0.05848214285714286,0.0,1,100,1,100,1,100,1,100,1,100,1,100,1,100,1,100,1,100,1,100
4,25.71369407749347,8.859681349506221,-13.369,10.329188529580158,25.71369407749347,0.25333333333333335,0.36666666666666664,0.16981132075471697,0.1891891891891892,0.2833333333333333,0.3333333333333333,0.38333333333333336,0.29133333333333333,0.0,0.0,0.0,0.0,0.0,0.0,0.0,0.0,0.302111506571863,0.302111506571863,0.09921409462928833,3.1235234532759963,0.0,False,1,3,-0.0013252429059369408,False,1,2240,0.5377273491868808,26,0.37142857142857144,1.2714285714285714,0.2714285714285714,0.0,0.6767857142857143,0.033482142857142856,0.044196428571428574,0.026339285714285714,0.03214285714285714,0.020982142857142855,0.01607142857142857,0.015625,0.046875,0.014285714285714285,0.029017857142857144,0.044196428571428574,1,100,1,100,1,100,1,100,1,100,1,100,1,100,1,100,1,100,1,100
5,22.482727484067425,9.309516099361486,-12.06087767311609,9.970264047248758,22.482727484067425,0.23222222222222225,0.39722222222222225,0.1509433962264151,0.08108108108108109,0.35,0.13333333333333333,0.4166666666666667,0.2912222222222222,0.0,0.0,0.0,0.0,0.0,0.0,0.0,0.0,0.27264231425186625,0.27264231425186625,0.08002808427200607,3.232445751068145,0.0,False,0,3,-0.004107484191893662,False,1,2240,0.4643778895804831,26,0.37142857142857144,1.3,0.2714285714285714,0.0,0.7214285714285714,0.061160714285714284,0.005803571428571429,0.0,0.04017857142857143,0.014285714285714285,0.013839285714285714,0.03214285714285714,0.017857142857142856,0.02857142857142857,0.029017857142857144,0.03571428571428571,1,100,1,100,1,100,1,100,1,100,1,100,1,100,1,100,1,100,1,100
6,21.115537601754,9.378367126876752,-12.234275282913968,9.594627234754372,21.115537601754,0.26,0.31666666666666665,0.22641509433962265,0.21621621621621623,0.15,0.26666666666666666,0.36666666666666664,0.23816666666666667,0.0,0.0,0.0,0.0,0.0,0.0,0.0,0.0,0.25866863085317743,0.25866863085317743,0.08007305335780913,3.2344037736866533,0.0,False,1,3,-0.0020610294562390385,False,1,2240,0.43806022667837485,22,0.3142857142857143,1.2714285714285714,0.22857142857142856,0.0,0.7366071428571429,0.016517857142857143,0.05044642857142857,0.0017857142857142857,0.03660714285714286,0.04285714285714286,0.012946428571428572,0.0,0.008035714285714285,0.03571428571428571,0.014285714285714285,0.044196428571428574,1,100,1,100,1,100,1,100,1,100,1,100,1,100,1,100,1,100,1,100
7,22.637453229825564,9.197305521139478,-14.975510284810127,9.84495452212868,22.637453229825564,0.26111111111111107,0.38611111111111107,0.16981132075471697,0.1891891891891892,0.2833333333333333,0.1111111111111111,0.38333333333333336,0.2722222222222222,0.0,0.0,0.0,0.0,0.0,0.0,0.0,0.0,0.259580158169726,0.259580158169726,0.0788615722188336,3.2949042404420807,0.0,False,0,3,-0.001708102597288097,False,1,2240,0.4561939848294572,20,0.2857142857142857,1.1857142857142857,0.14285714285714285,0.0,0.7388392857142857,0.029464285714285714,0.015625,0.008928571428571428,0.029464285714285714,0.023214285714285715,0.014285714285714285,0.014285714285714285,0.027678571428571427,0.02857142857142857,0.015178571428571428,0.054464285714285715,1,100,1,100,1,100,1,100,1,100,1,100,1,100,1,100,1,100,1,100
8,20.48301167258354,9.857695516370677,-10.751172707889127,7.973712037578383,20.48301167258354,0.25,0.375,0.11320754716981132,0.24324324324324326,0.35,0.43333333333333335,0.4666666666666667,0.3358333333333333,0.0,0.0,0.0,0.0,0.0,0.0,0.0,0.0,0.3013974788648333,0.3013974788648333,0.09168402880256282,3.1517729054486865,0.0,False,1,3,-0.00303030303030305,False,1,2240,0.4005202764527264,19,0.2714285714285714,1.1857142857142857,0.15714285714285714,0.0,0.7785714285714286,0.028125,0.014732142857142857,0.026339285714285714,0.014285714285714285,0.05267857142857143,0.014285714285714285,0.012946428571428572,0.01875,0.005803571428571429,0.01607142857142857,0.017410714285714286,1,100,1,100,1,100,1,100,1,100,1,100,1,100,1,100,1,100,1,100
9,21.00662315553861,9.809478897974037,-14.91860303283673,8.204041003716531,18.175941145801183,0.25333333333333335,0.35,0.22641509433962265,0.13513513513513514,0.35,0.26666666666666666,0.3,0.2955,0.0,0.0,0.0,0.0,0.033333333333333326,0.0,0.0,0.011666666666666664,0.2752294971940019,0.2752294971940019,0.0770604646858164,3.252333303455156,0.0,False,0,3,-0.0010917558821750273,True,2,2240,0.3133677815564162,12,0.17142857142857143,1.1285714285714286,0.08571428571428572,0.0,0.8325892857142857,0.02857142857142857,0.02857142857142857,0.0,0.014285714285714285,0.019196428571428573,0.024553571428571428,0.0026785714285714286,0.020535714285714286,0.014732142857142857,0.013839285714285714,0.0004464285714285714,1,100,1,100,1,100,1,100,1,100,1,100,1,100,1,100,1,100,1,100
10,23.04696822049732,9.267479655512211,-12.66337777435265,8.901044752640175,19.41727202878569,0.23666666666666666,0.35833333333333334,0.1509433962264151,0.16216216216216217,0.3,0.2,0.3,0.26466666666666666,0.02666666666666666,0.04999999999999999,0.018867924528301883,0.0,0.0,0.0,0.0,0.010666666666666665,0.28880417332549213,0.28880417332549213,0.09224444502743327,3.2414651529361866,0.0,False,1,3,0.008088022567497355,False,2,2240,0.44129690044013126,16,0.22857142857142856,1.2285714285714286,0.15714285714285714,0.0,0.6754464285714286,0.1611607142857143,0.0004464285714285714,0.008928571428571428,0.04330357142857143,0.023660714285714285,0.0013392857142857143,0.05714285714285714,0.011160714285714286,0.014285714285714285,0.0004464285714285714,0.0026785714285714286,1,100,1,100,1,100,1,100,1,100,1,100,1,100,1,100,1,100,1,100
11,21.428608986833876,9.657624181904001,-11.023812499999998,7.673774975759037,21.428608986833876,0.2722222222222222,0.38055555555555554,0.22641509433962265,0.16216216216216217,0.43333333333333335,0.2611111111111111,0.4,0.3466666666666667,0.0,0.0,0.0,0.0,0.0,0.0,0.0,0.0,0.25075737535516773,0.25075737535516773,0.07770896687821872,3.279928314236806,0.0,False,1,3,0.0007984031936127955,False,2,2240,0.3286021621974206,22,0.3142857142857143,1.3142857142857143,0.2571428571428571,0.0,0.809375,0.04330357142857143,0.03080357142857143,0.015625,0.008928571428571428,0.01830357142857143,0.014285714285714285,0.0035714285714285713,0.0,0.0,0.054464285714285715,0.0013392857142857143,1,100,1,100,1,100,1,100,1,100,1,100,1,100,1,100,1,100,1,100
12,22.944681277192988,9.321264092737877,-12.679470936026883,8.584214898338258,20.187956941994436,0.32666666666666666,0.36666666666666664,0.22641509433962265,0.40540540540540543,0.26666666666666666,0.48333333333333334,0.2,0.30233333333333334,0.049999999999999996,-0.00833333333333336,0.07547169811320756,0.10810810810810811,0.016666666666666663,-0.016666666666666663,-0.1333333333333333,0.0041666666666666735,0.295612754046489,0.295612754046489,0.161088811788617,3.833048197143501,0.0,True,3,3,0.0369690338199104,False,2,2240,0.4234081451368838,27,0.38571428571428573,1.3428571428571427,0.2714285714285714,0.0,0.7482142857142857,0.029910714285714287,0.0013392857142857143,0.0,0.06830357142857142,0.04107142857142857,0.014285714285714285,0.016517857142857143,0.013839285714285714,0.024553571428571428,0.022767857142857142,0.019196428571428573,1,100,1,100,1,100,1,100,1,100,1,100,6,1500,6,1500,1,100,6,1500
13,21.599833627989426,10.130251703960218,-9.451318965517242,6.440420292663401,18.526199505712587,0.21666666666666667,0.25833333333333336,0.18867924528301888,0.1891891891891892,0.38333333333333336,0.23333333333333334,0.2833333333333333,0.2866666666666666,0.0,0.0,0.0,0.0,0.0,0.0,0.0,0.0,0.26550288433720365,0.26550288433720365,0.08232665738256965,3.1956476787206896,0.0,False,1,3,-0.009384137287066385,False,2,2240,0.27400904942336973,16,0.22857142857142856,1.1714285714285715,0.15714285714285714,0.0,0.8486607142857143,0.010267857142857143,0.014732142857142857,0.03125,0.016964285714285713,0.05,0.014285714285714285,0.0017857142857142857,0.0,0.0004464285714285714,0.011607142857142858,0.0,1,100,1,100,1,100,1,100,1,100,1,100,1,100,1,100,1,100,1,100
14,19.83211972317221,10.16028205030048,-8.778668032786886,6.182979945981797,19.83211972317221,0.24,0.3333333333333333,0.16981132075471697,0.1891891891891892,0.23333333333333334,0.3333333333333333,0.4,0.271,0.0,0.0,0.0,0.0,0.0,0.0,0.0,0.0,0.26385596823876895,0.26385596823876895,0.08158846600337112,3.230275229023516,0.0,False,2,3,0.004911243595321246,False,2,2240,0.2792184510487727,15,0.21428571428571427,1.1571428571428573,0.12857142857142856,0.0,0.8571428571428571,0.02857142857142857,0.020982142857142855,0.010267857142857143,0.012053571428571429,0.010267857142857143,0.0,0.016964285714285713,0.014285714285714285,0.0,0.015178571428571428,0.014285714285714285,1,100,1,100,1,100,1,100,1,100,1,100,1,100,1,100,1,100,1,100
15,23.082205764200353,10.269793702660573,-8.99851770705818,6.636345623933417,23.082205764200353,0.18666666666666668,0.26666666666666666,0.1509433962264151,0.10810810810810811,0.3,0.45,0.5166666666666667,0.30216666666666664,0.0,0.0,0.0,0.0,0.0,0.0,0.0,0.0,0.24878723628561303,0.24878723628561303,0.08764901376509486,3.2635310248433402,0.0,False,1,3,-0.03680199051817265,False,2,2240,0.20399000538449555,9,0.12857142857142856,1.0571428571428572,0.04285714285714286,0.0,0.89375,0.0,0.0,0.027232142857142858,0.0017857142857142857,0.014285714285714285,0.028125,0.014285714285714285,0.015178571428571428,0.0,0.0,0.005357142857142857,1,100,1,100,1,100,1,100,1,100,1,100,1,100,1,100,1,100,1,100
16,21.003104713124873,10.387831569329176,-10.76806685526355,5.893753140005428,18.823542572250048,0.24777777777777782,0.34444444444444444,0.19811320754716982,0.16216216216216217,0.35,0.38333333333333336,0.36666666666666664,0.31494444444444447,0.0,0.0,0.0,0.0,0.0,0.0,0.0,0.0,0.24780927374896064,0.24780927374896064,0.07675893193532614,3.3287213087516094,0.0,False,1,3,0.0059815017646343005,False,2,2240,0.16709242929172016,7,0.1,1.0571428571428572,0.05714285714285714,0.0,0.9142857142857143,0.0040178571428571425,0.015625,0.007589285714285714,0.0,0.0,0.0,0.0,0.0,0.023214285714285715,0.006696428571428571,0.02857142857142857,1,100,1,100,1,100,1,100,1,100,1,100,1,100,1,100,1,100,1,100
17,20.98243515162063,9.513248894043572,-13.33624684347033,8.602408263904689,20.98243515162063,0.22333333333333333,0.39166666666666666,0.1509433962264151,0.05405405405405406,0.15,0.2833333333333333,0.35,0.22266666666666668,0.0,0.0,0.0,0.0,0.0,0.0,0.0,0.0,0.26196671401021737,0.26196671401021737,0.08304302919049329,3.2195988089538337,0.0,False,1,3,-0.0231097559050088,False,2,2240,0.25665742246484097,12,0.17142857142857143,1.1285714285714286,0.08571428571428572,0.0,0.8549107142857143,0.0,0.0,0.0,0.014285714285714285,0.0035714285714285713,0.033482142857142856,0.027232142857142858,0.03616071428571429,0.0,0.029017857142857144,0.0013392857142857143,1,100,1,100,1,100,1,100,1,100,1,100,1,100,1,100,1,100,1,100
18,20.03505115139423,9.895711723090423,-13.598914624808577,6.886262421053833,20.03505115139423,0.23333333333333334,0.3,0.20754716981132076,0.16216216216216217,0.35,0.2833333333333333,0.38333333333333336,0.30166666666666664,0.0,0.0,0.0,0.0,0.0,0.0,0.0,0.0,0.25968566700115653,0.25968566700115653,0.08142961976740204,3.2178229339058286,0.0,True,2,3,0.015025589565666048,False,2,2240,0.21452237436659546,10,0.14285714285714285,1.0714285714285714,0.07142857142857142,0.0,0.8861607142857143,0.0,0.013839285714285714,0.0,0.038392857142857145,0.014285714285714285,0.0,0.0004464285714285714,0.01830357142857143,0.014285714285714285,0.0,0.014285714285714285,1,100,1,100,1,100,1,100,1,100,1,100,1,100,1,100,1,100,1,100
19,19.35294828727472,9.638947109045434,-11.905121805095007,7.273205437607628,19.35294828727472,0.2733333333333333,0.4,0.18867924528301888,0.1891891891891892,0.25,0.31666666666666665,0.43333333333333335,0.29350000000000004,0.0,0.0,0.0,0.0,0.0,0.0,0.0,0.0,0.31448707185847363,0.31448707185847363,0.10065251631336329,3.1318628351183726,0.0,False,0,3,0.0,False,2,2240,0.22344082869973822,11,0.15714285714285714,1.1142857142857143,0.08571428571428572,0.0,0.8852678571428572,0.0008928571428571428,0.0008928571428571428,0.0,0.0,0.0040178571428571425,0.014285714285714285,0.01830357142857143,0.013392857142857142,0.024107142857142858,0.010714285714285714,0.028125,1,100,1,100,1,100,1,100,1,100,1,100,1,100,1,100,1,100,1,100
20,19.2698348388249,10.256016904939784,-7.546482801183073,6.164906733276721,19.2698348388249,0.25333333333333335,0.35,0.18867924528301888,0.1891891891891892,0.25,0.18333333333333332,0.38333333333333336,0.26466666666666666,0.0,0.0,0.0,0.0,0.0,0.0,0.0,0.0,0.27509004748201055,0.27509004748201055,0.07464502053456674,3.2825446769841116,0.0,False,0,3,0.0,False,2,2240,0.2020881597890027,9,0.12857142857142856,1.1,0.07142857142857142,0.0,0.8977678571428571,0.004910714285714286,0.0017857142857142857,0.016964285714285713,0.029464285714285714,0.022767857142857142,0.0125,0.008035714285714285,0.0,0.0,0.005357142857142857,0.0004464285714285714,1,100,1,100,1,100,1,100,1,100,1,100,1,100,1,100,1,100,1,100
21,20.395695799333254,9.656448849918633,-10.424282743329154,6.756105133270548,20.395695799333254,0.26666666666666666,0.48333333333333334,0.1509433962264151,0.08108108108108109,0.18333333333333332,0.25,0.2833333333333333,0.2383333333333333,0.0,0.0,0.0,0.0,0.0,0.0,0.0,0.0,0.25334594896855916,0.25334594896855916,0.07722555983323605,3.2251339052453694,0.0,False,0,3,0.0,False,2,2240,0.24357983718259366,13,0.18571428571428572,1.1142857142857143,0.1,0.0,0.8723214285714286,0.013839285714285714,0.027678571428571427,0.0,0.012946428571428572,0.0004464285714285714,0.0,0.0,0.014285714285714285,0.014285714285714285,0.014732142857142857,0.029464285714285714,1,100,1,100,1,100,1,100,1,100,1,100,1,100,1,100,1,100,1,100
22,16.947886962280986,10.232875998069375,-7.187875,5.585913933906886,16.947886962280986,0.26,0.4166666666666667,0.16981132075471697,0.13513513513513514,0.3333333333333333,0.25,0.43333333333333335,0.3106666666666667,0.0,0.0,0.0,0.0,0.0,0.0,0.0,0.0,0.30506305145580814,0.30506305145580814,0.09997694157747544,3.1600158572959955,0.0,False,0,3,0.0,False,2,2240,0.22019284068639855,12,0.17142857142857143,1.1428571428571428,0.11428571428571428,0.0,0.8933035714285714,0.0,0.009821428571428571,0.013392857142857142,0.020089285714285716,0.014732142857142857,0.014285714285714285,0.014285714285714285,0.007589285714285714,0.0004464285714285714,0.010267857142857143,0.0017857142857142857,1,100,1,100,1,100,1,100,1,100,1,100,1,100,1,100,1,100,1,100
23,18.972657487755303,10.153885944209476,-7.486187500000001,5.697649673901461,17.2895661596083,0.22333333333333333,0.30833333333333335,0.18867924528301888,0.13513513513513514,0.3,0.3,0.39444444444444443,0.2835,0.0033333333333333435,0.00833333333333336,0.0,0.0,0.0,0.0,0.06666666666666671,0.011333333333333343,0.24943986312394073,0.24943986312394073,0.08950430646556468,3.331040310762192,0.013299432533254047,False,0,3,-0.004778595419602627,False,2,2240,0.201311161925816,14,0.2,1.1857142857142857,0.15714285714285714,0.0,0.8950892857142857,0.0,0.016517857142857143,0.01607142857142857,0.01830357142857143,0.00625,0.0,0.0,0.0,0.0,0.026785714285714284,0.020982142857142855,1,100,1,100,1,100,5,800,1,100,1,100,1,100,1,100,1,100,1,100
24,21.13437918824186,9.864962262713226,-13.819652206788144,7.173155116575387,19.564349271441557,0.29444444444444445,0.4694444444444444,0.16981132075471697,0.1891891891891892,0.36666666666666664,0.19444444444444445,0.31666666666666665,0.31305555555555553,0.0,0.0,0.0,0.0,0.0,0.0,0.0,0.0,0.2916661444058457,0.2916661444058457,0.08410627327552513,3.181426467984076,0.0,False,0,3,0.0,False,2,2240,0.269330607538647,17,0.24285714285714285,1.2285714285714286,0.18571428571428572,0.0,0.8450892857142858,0.02857142857142857,0.0004464285714285714,0.013839285714285714,0.05357142857142857,0.002232142857142857,0.0,0.029017857142857144,0.023660714285714285,0.0017857142857142857,0.0017857142857142857,0.0,1,100,1,100,1,100,1,100,1,100,1,100,1,100,1,100,1,100,1,100
25,19.69733930951604,9.556743956071456,-12.67292206291421,6.59978328803216,19.69733930951604,0.25666666666666665,0.39166666666666666,0.1320754716981132,0.21621621621621623,0.38333333333333336,0.25555555555555554,0.23333333333333334,0.29738888888888887,0.0,0.0,0.0,0.0,0.0,0.0,0.0,0.0,0.2503320364261133,0.2503320364261133,0.07859406536810763,3.3232969438997144,0.0,False,0,3,0.0,False,2,2240,0.2688457246011278,26,0.37142857142857144,1.4285714285714286,0.3142857142857143,0.0,0.8401785714285714,0.015625,0.03125,0.0,0.07455357142857143,0.020089285714285716,0.007589285714285714,0.0026785714285714286,0.0,0.0008928571428571428,0.0013392857142857143,0.005803571428571429,1,100,1,100,1,100,1,100,1,100,1,100,1,100,1,100,1,100,1,100
26,23.41258467721503,9.767048085551416,-11.373749933757287,6.8525856570669506,23.41258467721503,0.2966666666666667,0.4583333333333333,0.16981132075471697,0.21621621621621623,0.23333333333333334,0.25,0.25,0.26283333333333336,0.0,0.0,0.0,0.0,0.0,0.0,0.0,0.0,0.2780929196736137,0.2780929196736137,0.09230483902585483,3.2058616064694276,0.0,False,0,3,0.0,False,2,2240,0.33687339537223293,25,0.35714285714285715,1.457142857142857,0.35714285714285715,0.0,0.7790178571428571,0.0013392857142857143,0.03794642857142857,0.0,0.10982142857142857,0.004464285714285714,0.0,0.0,0.013392857142857142,0.014285714285714285,0.010714285714285714,0.029017857142857144,1,100,1,100,1,100,1,100,1,100,1,100,1,100,1,100,1,100,1,100
27,20.43185048645867,9.63439759241784,-12.299165416527941,6.187024451202147,17.998177590809014,0.21333333333333335,0.3333333333333333,0.1509433962264151,0.10810810810810811,0.36666666666666664,0.2,0.38333333333333336,0.2911666666666667,0.0,0.0,0.0,0.0,0.0,0.0,0.0,0.0,0.2942360502312886,0.2942360502312886,0.09250451269786093,3.1992669462098076,0.0,False,0,3,0.0,False,2,2240,0.2904048478257379,17,0.24285714285714285,1.1714285714285715,0.17142857142857143,0.0,0.8357142857142857,0.0,0.016517857142857143,0.038839285714285715,0.04196428571428571,0.029017857142857144,0.014285714285714285,0.014285714285714285,0.0,0.0,0.009375,0.0,1,100,1,100,1,100,1,100,1,100,1,100,1,100,1,100,1,100,1,100
28,19.364754370645727,9.43778251964991,-17.880250000000004,6.960458963807442,19.364754370645727,0.32,0.48333333333333334,0.22641509433962265,0.1891891891891892,0.2,0.46111111111111114,0.26666666666666666,0.28411111111111115,0.0,0.0,0.0,0.0,0.0,0.0,0.0,0.0,0.28256613826017185,0.28256613826017185,0.09625362272898526,3.2087641256370065,0.0,False,0,3,0.0,False,2,2240,0.3503949787403404,23,0.32857142857142857,1.3,0.2571428571428571,0.0,0.7772321428571428,0.014285714285714285,0.014285714285714285,0.004464285714285714,0.11517857142857142,0.007142857142857143,0.0,0.024553571428571428,0.0,0.014285714285714285,0.014285714285714285,0.014285714285714285,1,100,1,100,1,100,1,100,1,100,1,100,1,100,1,100,1,100,1,100
29,20.8644620912216,8.725501765877478,-13.27431192265305,8.472473108849996,20.8644620912216,0.21333333333333335,0.35,0.1320754716981132,0.10810810810810811,0.2833333333333333,0.23333333333333334,0.4,0.2678333333333333,0.0,0.0,0.0,0.0,0.0,0.0,0.0,0.0,0.2627662710358764,0.2627662710358764,0.07867088021838761,3.229263160426136,0.0015968063872255492,False,0,3,-0.012248504087115974,False,2,2240,0.3198056363740335,18,0.2571428571428571,1.2571428571428571,0.2,0.0,0.8165178571428572,0.0,0.0040178571428571425,0.003125,0.06830357142857142,0.020535714285714286,0.024553571428571428,0.025892857142857145,0.014285714285714285,0.0017857142857142857,0.014732142857142857,0.00625,1,100,1,100,1,100,1,100,1,100,1,100,1,100,1,100,1,100,1,100
30,17.8755056916843,9.480476206299718,-9.077246932515337,5.8698121901752796,17.8755056916843,0.32666666666666666,0.48333333333333334,0.24528301886792453,0.1891891891891892,0.3,0.18333333333333332,0.4666666666666667,0.324,0.0,0.0,0.0,0.0,0.0,0.0,0.0,0.0,0.23969694176208858,0.23969694176208858,0.07948591681186733,3.3001567693382854,0.0008032128514056225,False,0,3,-0.001601616045018378,False,2,2240,0.26266654326845845,24,0.34285714285714286,1.3285714285714285,0.3142857142857143,0.0,0.8424107142857142,0.014732142857142857,0.014285714285714285,0.002232142857142857,0.08392857142857142,0.019196428571428573,0.0,0.0040178571428571425,0.0,0.0,0.004910714285714286,0.014285714285714285,1,100,1,100,1,100,1,100,1,100,1,100,1,100,1,100,1,100,1,100
31,18.446833477506495,9.270680396546775,-11.417305086410055,7.5825099369794735,18.446833477506495,0.25666666666666665,0.30833333333333335,0.20754716981132076,0.24324324324324326,0.3,0.22222222222222224,0.18333333333333332,0.2573888888888889,0.0,0.0,0.0,0.0,0.0,0.0,0.0,0.0,0.2967116393961499,0.2967116393961499,0.08603493997765695,3.1477449263575803,0.0,False,0,3,0.0,False,2,2240,0.3652604169741321,24,0.34285714285714286,1.4,0.34285714285714286,0.0,0.7691964285714286,0.003125,0.0125,0.0,0.11517857142857142,0.009375,0.026785714285714284,0.006696428571428571,0.014285714285714285,0.014285714285714285,0.007142857142857143,0.02142857142857143,1,100,1,100,1,100,1,100,1,100,1,100,1,100,1,100,1,100,1,100
32,18.992691555445568,9.916041927034888,-8.03468302973622,6.455504702615932,18.992691555445568,0.19666666666666666,0.30833333333333335,0.11320754716981132,0.13513513513513514,0.35,0.3222222222222222,0.4,0.29338888888888887,0.0,0.0,0.0,0.0,0.0,0.0,0.0,0.0,0.28984805125054747,0.28984805125054747,0.1032212318699585,3.173686963422553,0.0,False,0,3,0.0,False,2,2240,0.28306314730915433,23,0.32857142857142857,1.3,0.2857142857142857,0.0,0.8352678571428571,0.0,0.017410714285714286,0.025,0.06517857142857143,0.014285714285714285,0.010714285714285714,0.026339285714285714,0.0,0.0,0.005803571428571429,0.0,1,100,1,100,1,100,1,100,1,100,1,100,1,100,1,100,1,100,1,100
33,24.631260353198698,9.558432205637956,-13.089370179941008,7.297643524516871,24.631260353198698,0.22333333333333333,0.25833333333333336,0.24528301886792453,0.13513513513513514,0.2833333333333333,0.23333333333333334,0.36666666666666664,0.2668333333333333,0.0,0.0,0.0,0.0,0.0,0.0,0.0,0.0,0.2831458902810176,0.2831458902810176,0.07718212716589457,3.2084870237618954,0.0,False,0,3,0.0,False,2,2240,0.31354827726703316,21,0.3,1.3142857142857143,0.2571428571428571,0.0,0.81875,0.015625,0.03080357142857143,0.0026785714285714286,0.061160714285714284,0.006696428571428571,0.0004464285714285714,0.005357142857142857,0.015178571428571428,0.0,0.005803571428571429,0.0375,1,100,1,100,1,100,1,100,1,100,1,100,1,100,1,100,1,100,1,100
34,21.465725333118908,9.329890420513523,-11.08195989761092,7.629706350371414,19.140536553095618,0.26666666666666666,0.4,0.22641509433962265,0.10810810810810811,0.25,0.16666666666666666,0.3,0.2558333333333333,0.0,0.0,0.0,0.0,0.0,0.0,0.0,0.0,0.283496035797457,0.283496035797457,0.08867496842751153,3.1753991469416043,0.0,False,0,3,-0.0008032128514056658,False,2,2240,0.44647035211737157,33,0.4714285714285714,1.6571428571428573,0.45714285714285713,0.0,0.6991071428571428,0.010714285714285714,0.06741071428571428,0.0013392857142857143,0.121875,0.01607142857142857,0.01607142857142857,0.026339285714285714,0.019642857142857142,0.0013392857142857143,0.0017857142857142857,0.01830357142857143,1,100,1,100,1,100,1,100,1,100,1,100,1,100,1,100,1,100,1,100
35,19.835566055678868,9.550068875411794,-11.914895833333333,6.837461606161062,19.650563264002475,0.23111111111111116,0.2611111111111111,0.18867924528301888,0.24324324324324326,0.22777777777777777,0.21666666666666667,0.4166666666666667,0.25633333333333336,0.0,0.0,0.0,0.0,0.0,0.0,0.0,0.0,0.2752042525633897,0.2752042525633897,0.07298536673762125,3.211792515735233,0.0,False,0,3,0.0,False,2,2240,0.2216312995888425,17,0.24285714285714285,1.1857142857142857,0.17142857142857143,0.0,0.88125,0.01607142857142857,0.004910714285714286,0.026785714285714284,0.0,0.0,0.008035714285714285,0.004464285714285714,0.0,0.0,0.021875,0.03660714285714286,1,100,1,100,1,100,1,100,1,100,1,100,1,100,1,100,1,100,1,100
36,18.366057324249315,9.848642579318977,-11.844999999999999,6.307276439786426,18.366057324249315,0.22333333333333333,0.425,0.07547169811320754,0.10810810810810811,0.46111111111111114,0.35,0.4,0.3457222222222222,0.0,0.0,0.0,0.0,0.0,0.0,0.0,0.0,0.288226431401527,0.288226431401527,0.10030582014746216,3.1546497184528355,0.0,False,0,3,0.0,False,2,2240,0.20196492907670308,8,0.11428571428571428,1.1285714285714286,0.08571428571428572,0.0,0.9017857142857143,0.003125,0.013392857142857142,0.005803571428571429,0.002232142857142857,0.013392857142857142,0.005357142857142857,0.02857142857142857,0.0017857142857142857,0.01607142857142857,0.0,0.008482142857142856,1,100,1,100,1,100,1,100,1,100,1,100,1,100,1,100,1,100,1,100
37,19.589301086817137,9.904981744179537,-7.545073016826923,6.082181620080443,19.589301086817137,0.23666666666666666,0.3416666666666667,0.18867924528301888,0.13513513513513514,0.3277777777777777,0.4166666666666667,0.26666666666666666,0.29105555555555557,0.0,0.0,0.0,0.0,0.0,0.0,0.0,0.0,0.29842739372174476,0.29842739372174476,0.10871588331187206,3.147223934751891,0.0,False,0,3,0.0,False,2,2240,0.22898127277585437,10,0.14285714285714285,1.1,0.08571428571428572,0.0,0.8848214285714285,0.014285714285714285,0.010714285714285714,0.0004464285714285714,0.013839285714285714,0.01607142857142857,0.026785714285714284,0.0035714285714285713,0.0,0.0,0.017857142857142856,0.011607142857142858,1,100,1,100,1,100,1,100,1,100,1,100,1,100,1,100,1,100,1,100
38,17.07026758270105,9.867985395475252,-12.304206617048555,5.976199200118634,15.068590521049824,0.20666666666666667,0.3,0.16981132075471697,0.10810810810810811,0.31666666666666665,0.19444444444444445,0.31666666666666665,0.2604444444444444,0.006666666666666665,0.016666666666666663,0.0,0.0,0.0,0.0,0.0,0.002666666666666666,0.27086809100552695,0.27086809100552695,0.06588577135615589,3.2427848574483016,0.0,False,0,3,0.0,False,2,2240,0.16517170700517125,9,0.12857142857142856,1.0857142857142856,0.07142857142857142,0.0,0.9120535714285715,0.014285714285714285,0.0013392857142857143,0.0,0.0004464285714285714,0.0,0.0,0.0004464285714285714,0.015178571428571428,0.014285714285714285,0.0013392857142857143,0.040625,1,100,1,100,1,100,1,100,1,100,1,100,1,100,1,100,1,100,1,100
39,19.028004995811653,9.949504512738908,-9.516277807342602,5.903417480092398,19.028004995811653,0.25666666666666665,0.35833333333333334,0.18867924528301888,0.1891891891891892,0.2833333333333333,0.4,0.36666666666666664,0.2968333333333333,0.0,0.0,0.0,0.0,0.0,0.0,0.0,0.0,0.27715986428020195,0.27715986428020195,0.07594858961643465,3.2107661092564785,0.0,False,0,3,0.0,False,2,2240,0.20912514860736006,8,0.11428571428571428,1.0857142857142856,0.05714285714285714,0.0,0.9,0.009821428571428571,0.01607142857142857,0.0017857142857142857,0.014285714285714285,0.012053571428571429,0.014285714285714285,0.010714285714285714,0.0125,0.008482142857142856,0.0,0.0,1,100,1,100,1,100,1,100,1,100,1,100,1,100,1,100,1,100,1,100
40,18.5,9.457142857142857,-10.5,6.388664050071125,18.5,0.23666666666666666,0.2916666666666667,0.1509433962264151,0.2702702702702703,0.3,0.23333333333333334,0.25,0.2605,0.0,0.0,0.0,0.0,0.0,0.0,0.0,0.0,0.29508208847001144,0.29508208847001144,0.09014757997695737,3.1576102814451423,0.0,False,0,3,0.0,False,2,2240,0.205032527923933,12,0.17142857142857143,1.1428571428571428,0.11428571428571428,0.0,0.89375,0.027678571428571427,0.0004464285714285714,0.004910714285714286,0.009821428571428571,0.012946428571428572,0.0,0.0,0.0,0.003125,0.02142857142857143,0.025892857142857145,1,100,1,100,1,100,1,100,1,100,1,100,1,100,1,100,1,100,1,100
41,19.5,9.503571428571428,-11.0,6.599354160835441,19.5,0.26,0.38333333333333336,0.16981132075471697,0.1891891891891892,0.39444444444444443,0.23333333333333334,0.21666666666666667,0.29788888888888887,0.0,0.0,0.0,0.0,0.0,0.0,0.0,0.0,0.2579104478155773,0.2579104478155773,0.07189833549403567,3.2336922358277236,0.0,False,0,3,0.0,False,2,2240,0.2198974394594345,10,0.14285714285714285,1.0857142857142856,0.08571428571428572,0.0,0.8897321428571429,0.0,0.0,0.012053571428571429,0.014285714285714285,0.004910714285714286,0.011607142857142858,0.026785714285714284,0.00625,0.01607142857142857,0.01830357142857143,0.0,1,100,1,100,1,100,1,100,1,100,1,100,1,100,1,100,1,100,1,100
42,21.75,9.96190476190476,-10.5,6.360884399211799,21.75,0.2633333333333333,0.4083333333333333,0.1509433962264151,0.1891891891891892,0.26666666666666666,0.31111111111111106,0.48333333333333334,0.30227777777777776,0.0,0.0,0.0,0.0,0.0,0.0,0.0,0.0,0.3097853945267552,0.3097853945267552,0.09792335737433494,3.1686947936911865,0.0,False,0,3,-0.0007984031936127955,False,2,2240,0.19115027992185926,7,0.1,1.042857142857143,0.04285714285714286,0.0,0.9,0.013839285714285714,0.0008928571428571428,0.002232142857142857,0.014285714285714285,0.0,0.0,0.0,0.0,0.0125,0.027678571428571427,0.02857142857142857,1,100,1,100,1,100,1,100,1,100,1,100,1,100,1,100,1,100,1,100
43,23.083333333333336,9.742857142857142,-14.0,6.813105118853239,17.5,0.23333333333333334,0.38333333333333336,0.1509433962264151,0.10810810810810811,0.31666666666666665,0.3,0.55,0.31666666666666665,-0.006666666666666665,-0.016666666666666663,0.0,0.0,0.0,0.0,0.033333333333333326,0.0023333333333333322,0.3212217708917081,0.3212217708917081,0.10326202894199432,3.128731474619217,0.0007984031936127746,False,0,3,-0.002003222470721211,False,2,2240,0.20060441707800755,8,0.11428571428571428,1.1285714285714286,0.08571428571428572,0.0,0.903125,0.006696428571428571,0.0017857142857142857,0.0,0.007142857142857143,0.00625,0.013839285714285714,0.007142857142857143,0.014732142857142857,0.026339285714285714,0.0125,0.0004464285714285714,1,100,1,100,1,100,1,100,1,100,1,100,1,100,1,100,1,100,1,100
44,20.5,10.185714285714285,-5.5,4.2724934968086385,16.0,0.2633333333333333,0.4083333333333333,0.16981132075471697,0.16216216216216217,0.4222222222222222,0.2111111111111111,0.3333333333333333,0.3242222222222222,-0.006666666666666665,-0.033333333333333326,0.018867924528301883,0.0,0.0,0.0,0.033333333333333326,0.0023333333333333322,0.26170606942376656,0.26170606942376656,0.085167397953272,3.3027993848010446,0.0038335158817086527,False,0,3,-0.005598441670875087,False,2,2240,0.17977425079744785,8,0.11428571428571428,1.0714285714285714,0.07142857142857142,0.0,0.9138392857142857,0.014285714285714285,0.007589285714285714,0.008928571428571428,0.005357142857142857,0.010267857142857143,0.022767857142857142,0.014285714285714285,0.0,0.002232142857142857,0.0,0.0004464285714285714,1,100,1,100,1,100,1,100,1,100,1,100,1,100,1,100,1,100,1,100
45,19.5,9.910714285714286,-12.25,5.593049850721256,19.0,0.29555555555555557,0.47222222222222227,0.18867924528301888,0.16216216216216217,0.2833333333333333,0.21666666666666667,0.3,0.28405555555555556,0.006666666666666665,0.016666666666666663,0.0,0.0,0.0,0.0,0.0,0.002666666666666666,0.2518547182135668,0.2518547182135668,0.101614575400738,3.2901498754954495,0.003535353535353535,False,2,3,0.004333756728966354,False,2,2240,0.1745597995224706,7,0.1,1.1,0.05714285714285714,0.0,0.9183035714285714,0.007589285714285714,0.004910714285714286,0.0125,0.0,0.0,0.0026785714285714286,0.013839285714285714,0.016964285714285713,0.0017857142857142857,0.007142857142857143,0.014285714285714285,1,100,1,100,1,100,1,100,1,100,1,100,1,100,1,100,1,100,1,100
46,19.083333333333332,9.763095238095238,-7.75,5.902996207776602,19.083333333333332,0.2966666666666667,0.44166666666666665,0.22641509433962265,0.16216216216216217,0.2,0.35,0.36666666666666664,0.2786666666666667,-0.0033333333333333435,-0.00833333333333336,0.0,0.0,0.0,0.0,0.0,-0.0013333333333333374,0.27311608983566277,0.27311608983566277,0.10359105325918687,3.283323003500119,0.00471838360518831,False,1,3,0.0002981623463551575,False,2,2240,0.2179512901021354,9,0.12857142857142856,1.0571428571428572,0.05714285714285714,0.0,0.8959821428571428,0.011607142857142858,0.0017857142857142857,0.0125,0.014285714285714285,0.014285714285714285,0.0035714285714285713,0.014285714285714285,0.014285714285714285,0.013392857142857142,0.0040178571428571425,0.0,1,100,1,100,1,100,1,100,1,100,1,100,1,100,1,100,1,100,1,100
47,17.333333333333332,9.707142857142857,-11.5,5.9065262341070675,17.25,0.2633333333333333,0.39166666666666666,0.20754716981132076,0.13513513513513514,0.1,0.3333333333333333,0.25,0.21116666666666667,0.0,0.0,0.0,0.0,0.0,0.0,0.033333333333333326,0.004999999999999998,0.2742669947922094,0.2742669947922094,0.08931570958120268,3.247380011790949,0.0015151515151515152,False,0,3,-0.004333756728966298,False,2,2240,0.18316242284901124,8,0.11428571428571428,1.0857142857142856,0.07142857142857142,0.0,0.9129464285714286,0.009375,0.0,0.017410714285714286,0.0,0.011160714285714286,0.0,0.014285714285714285,0.013839285714285714,0.0035714285714285713,0.006696428571428571,0.010714285714285714,1,100,1,100,1,100,1,100,1,100,1,100,1,100,1,100,1,100,1,100
48,17.833333333333332,9.321428571428571,-10.0,6.4023539463561185,17.75,0.22666666666666666,0.43333333333333335,0.09433962264150944,0.08108108108108109,0.3,0.3,0.5166666666666667,0.3031666666666667,0.0,0.0,0.0,0.0,0.0,0.0,0.0,0.0,0.2916716767268675,0.2916716767268675,0.10506959793447058,3.1454009833563976,0.0,False,0,3,0.0,False,2,2240,0.22608092006000213,12,0.17142857142857143,1.1714285714285715,0.14285714285714285,0.0,0.8870535714285714,0.01607142857142857,0.0,0.010714285714285714,0.0,0.008928571428571428,0.014285714285714285,0.007589285714285714,0.02544642857142857,0.0,0.017410714285714286,0.0125,1,100,1,100,1,100,1,100,1,100,1,100,1,100,1,100,1,100,1,100
49,18.25,9.442857142857145,-7.5,5.616806958420707,16.0,0.24,0.35,0.18867924528301888,0.13513513513513514,0.21666666666666667,0.4,0.45,0.2793333333333333,1.4802973661668755e-18,-0.016666666666666663,0.0,0.02702702702702703,0.0,0.0,0.0,5.921189464667502e-19,0.27339152776350667,0.27339152776350667,0.08518145952223578,3.2600905891757925,0.008248927482748995,False,1,3,-8.165487207406619e-05,False,2,2240,0.1876356378742349,13,0.18571428571428572,1.1142857142857143,0.11428571428571428,0.0,0.9058035714285714,0.014285714285714285,0.014285714285714285,0.0004464285714285714,0.014285714285714285,0.028125,0.014285714285714285,0.0004464285714285714,0.0,0.0008928571428571428,0.007142857142857143,0.0,1,100,1,100,1,100,1,100,1,100,1,100,1,100,1,100,1,100,1,100
50,22.0,9.25952380952381,-13.25,7.002444908307209,16.5,0.2833333333333333,0.375,0.20754716981132076,0.24324324324324326,0.26666666666666666,0.3,0.2833333333333333,0.2791666666666667,0.01333333333333333,0.033333333333333326,0.0,0.0,0.0,0.0,-0.016666666666666663,0.002833333333333333,0.28957229753709085,0.28957229753709085,0.07531519655103812,3.2920870380451217,0.0023183643665571373,False,0,3,-0.012794382028203488,False,2,2240,0.2380337463294264,15,0.21428571428571427,1.1571428571428573,0.12857142857142856,0.0,0.8700892857142857,0.015178571428571428,0.0,0.0,0.0,0.0,0.009375,0.016517857142857143,0.014285714285714285,0.008035714285714285,0.05223214285714286,0.014285714285714285,1,100,1,100,1,100,1,100,1,100,1,100,1,100,1,100,1,100,1,100
51,17.75,9.377380952380951,-9.0,6.639673349511151,17.75,0.22666666666666666,0.36666666666666664,0.1320754716981132,0.13513513513513514,0.3,0.25,0.3,0.26566666666666666,0.0,0.0,0.0,0.0,0.0,0.0,0.0,0.0,0.30895979126085177,0.30895979126085177,0.08945212896587255,3.1055905166665574,0.0016016160450183971,False,0,3,-0.002616526712912237,False,2,2240,0.25503711963203124,13,0.18571428571428572,1.1,0.1,0.0,0.8517857142857143,0.0,0.014285714285714285,0.014285714285714285,0.02857142857142857,0.012946428571428572,0.015625,0.0,0.0,0.0,0.0625,0.0,1,100,1,100,1,100,1,100,1,100,1,100,1,100,1,100,1,100,1,100
52,20.583333333333332,9.789285714285715,-7.25,5.478035532863924,16.75,0.26666666666666666,0.45,0.11320754716981132,0.1891891891891892,0.38333333333333336,0.18333333333333332,0.36666666666666664,0.31416666666666665,0.006666666666666665,0.016666666666666663,0.0,0.0,0.0,0.0,0.0,0.002666666666666666,0.28412730338276837,0.28412730338276837,0.08569114053747197,3.2446335878808283,0.0007984031936127746,False,1,3,-0.0046319190753214,False,2,2240,0.2145233711082613,9,0.12857142857142856,1.1142857142857143,0.08571428571428572,0.0,0.8991071428571429,0.011607142857142858,0.008482142857142856,0.015178571428571428,0.0125,0.012053571428571429,0.009821428571428571,0.007589285714285714,0.0,0.0017857142857142857,0.015178571428571428,0.006696428571428571,1,100,1,100,1,100,1,100,1,100,1,100,1,100,1,100,1,100,1,100
53,19.0,9.317857142857143,-9.5,6.651490059478242,16.0,0.28,0.43333333333333335,0.1509433962264151,0.21621621621621623,0.23333333333333334,0.3,0.13333333333333333,0.24366666666666667,0.0,0.016666666666666663,-0.018867924528301883,0.0,0.033333333333333326,0.0,-0.033333333333333326,0.006666666666666665,0.2653848564280712,0.2653848564280712,0.072227329447227,3.3438954147200306,0.009764078997900513,False,1,3,-0.004865406099083314,False,2,2240,0.21586597486966444,9,0.12857142857142856,1.0571428571428572,0.02857142857142857,0.0,0.8941964285714286,0.0008928571428571428,0.0,0.0,0.014285714285714285,0.014285714285714285,0.005803571428571429,0.014285714285714285,0.014285714285714285,0.02142857142857143,0.014285714285714285,0.00625,1,100,1,100,1,100,1,100,1,100,1,100,1,100,1,100,1,100,1,100
54,21.5,9.942857142857143,-7.5,4.911812431327586,21.5,0.26,0.35,0.1320754716981132,0.2972972972972973,0.26666666666666666,0.23333333333333334,0.3,0.26566666666666666,0.043333333333333314,0.05833333333333329,0.018867924528301883,0.05405405405405406,0.0,0.0,-0.033333333333333326,0.012333333333333328,0.25441437922499893,0.25441437922499893,0.09388349988595279,3.4305965651755996,0.013602404537402012,False,2,3,-0.001979374584165028,False,2,2240,0.16019623402133293,7,0.1,1.0285714285714285,0.02857142857142857,0.0,0.91875,0.009821428571428571,0.014285714285714285,0.027678571428571427,0.014285714285714285,0.014285714285714285,0.0,0.0,0.0008928571428571428,0.0,0.0,0.0,1,100,1,100,1,100,1,100,1,100,1,100,1,100,1,100,1,100,1,100
55,17.125,9.234523809523811,-11.75,6.97180820834004,17.125,0.22,0.3333333333333333,0.16981132075471697,0.10810810810810811,0.15,0.2833333333333333,0.35,0.22133333333333333,0.0,0.0,0.0,0.0,0.0,0.0,0.0,0.0,0.281625200372044,0.281625200372044,0.11226601197021802,3.1669094632932016,0.0,False,0,3,0.0,False,2,2240,0.29355740148278675,14,0.2,1.1571428571428573,0.12857142857142856,0.0,0.8397321428571428,0.0013392857142857143,0.03616071428571429,0.029017857142857144,0.014285714285714285,0.0,0.014285714285714285,0.023660714285714285,0.004464285714285714,0.03080357142857143,0.0004464285714285714,0.005803571428571429,1,100,1,100,1,100,1,100,1,100,1,100,1,100,1,100,1,100,1,100
56,18.5,9.96547619047619,-9.0,5.78730981821198,17.25,0.2911111111111111,0.4111111111111111,0.1320754716981132,0.32432432432432434,0.18333333333333332,0.21111111111111114,0.3,0.2467222222222222,0.0,0.0,0.0,0.0,0.0,0.0,0.0,0.0,0.28436806562122197,0.28436806562122197,0.07730446372679978,3.198866633290556,0.0,False,0,3,0.0,False,2,2240,0.1986349086105068,8,0.11428571428571428,1.0714285714285714,0.05714285714285714,0.0,0.9035714285714286,0.012053571428571429,0.014285714285714285,0.019642857142857142,0.014285714285714285,0.012053571428571429,0.008928571428571428,0.0026785714285714286,0.0125,0.0,0.0,0.0,1,100,1,100,1,100,1,100,1,100,1,100,1,100,1,100,1,100,1,100
57,18.0,9.782142857142857,-7.5,5.684954608457904,17.25,0.215,0.30416666666666664,0.20754716981132076,0.08108108108108109,0.1722222222222222,0.15,0.38333333333333336,0.2187777777777778,0.01333333333333333,0.016666666666666663,0.018867924528301883,0.0,0.0,0.0,-0.016666666666666663,0.002833333333333333,0.24592884937196313,0.24592884937196313,0.09221078349568357,3.3648586907965736,0.021721289075736807,False,0,3,-0.02032676159182184,False,2,2240,0.19662314946488899,8,0.11428571428571428,1.0857142857142856,0.04285714285714286,0.0,0.9,0.0008928571428571428,0.01875,0.008482142857142856,0.0,0.0,0.0004464285714285714,0.0,0.015625,0.026785714285714284,0.014732142857142857,0.014285714285714285,1,100,1,100,1,100,1,100,1,100,1,100,1,100,3,300,1,100,1,100
58,18.25,9.403571428571428,-10.0,6.653687301430344,17.833333333333336,0.2388888888888889,0.39722222222222225,0.16981132075471697,0.08108108108108109,0.19444444444444445,0.36666666666666664,0.3333333333333333,0.25027777777777777,0.0,0.0,0.0,0.0,0.0,0.0,0.0,0.0,0.2681142157695076,0.2681142157695076,0.09192227082891537,3.2027393005154354,0.0,False,0,3,0.0,False,2,2240,0.2167201745856636,13,0.18571428571428572,1.1714285714285715,0.15714285714285714,0.0,0.8892857142857142,0.0,0.022321428571428572,0.002232142857142857,0.009821428571428571,0.014285714285714285,0.014285714285714285,0.028125,0.016517857142857143,0.003125,0.0,0.0,1,100,1,100,1,100,1,100,1,100,1,100,1,100,1,100,1,100,1,100
59,18.0,9.563095238095238,-9.25,5.6428673146382105,17.5,0.29,0.39166666666666666,0.18867924528301888,0.2702702702702703,0.23333333333333334,0.31666666666666665,0.4166666666666667,0.29183333333333333,0.0,0.0,0.0,0.0,0.0,0.0,0.0,0.0,0.2682120060718286,0.2682120060718286,0.08659814361783917,3.2243647243665277,0.0,False,1,3,0.0008032128514056103,False,2,2240,0.18440424047479873,12,0.17142857142857143,1.1857142857142857,0.15714285714285714,0.0,0.909375,0.026785714285714284,0.0017857142857142857,0.012946428571428572,0.0,0.0,0.005357142857142857,0.005803571428571429,0.0,0.007589285714285714,0.014732142857142857,0.015625,1,100,1,100,1,100,1,100,1,100,1,100,1,100,1,100,1,100,1,100
60,21.75,9.532142857142857,-9.0,6.302482706466248,21.75,0.29,0.49166666666666664,0.1320754716981132,0.1891891891891892,0.2,0.25,0.35,0.2635,0.006666666666666667,0.0,0.0,0.02702702702702703,0.0,0.0,0.0,0.002666666666666667,0.2841562159847277,0.2841562159847277,0.08219200518277064,3.20489550289709,0.0,False,0,3,0.0,False,2,2240,0.21472296478333036,10,0.14285714285714285,1.1571428571428573,0.15714285714285714,0.0,0.8959821428571428,0.008035714285714285,0.014285714285714285,0.009821428571428571,0.0004464285714285714,0.0125,0.014732142857142857,0.00625,0.0,0.022321428571428572,0.0017857142857142857,0.013839285714285714,1,100,1,100,1,100,1,100,1,100,1,100,1,100,1,100,1,100,1,100
61,18.583333333333332,9.93095238095238,-10.5,5.432193340612603,17.5,0.22,0.3333333333333333,0.07547169811320754,0.24324324324324326,0.23333333333333334,0.3888888888888889,0.1888888888888889,0.2368888888888889,0.006666666666666665,0.016666666666666663,0.0,0.0,0.0,0.0,0.0,0.002666666666666666,0.28969287905872565,0.28969287905872565,0.07643723748802747,3.166421920671253,0.0,False,0,3,0.0,False,2,2240,0.17110994328545956,7,0.1,1.0285714285714285,0.02857142857142857,0.0,0.9142857142857143,0.023660714285714285,0.016964285714285713,0.014285714285714285,0.014285714285714285,0.011607142857142858,0.004910714285714286,0.0,0.0,0.0,0.0,0.0,1,100,1,100,1,100,1,100,1,100,1,100,1,100,1,100,1,100,1,100
62,19.333333333333332,9.710714285714285,-11.5,6.167016100597923,16.5,0.2833333333333333,0.4083333333333333,0.22641509433962265,0.16216216216216217,0.15,0.3,0.4,0.25583333333333336,0.006666666666666665,0.016666666666666663,0.0,0.0,0.0,0.0,0.03333333333333338,0.007666666666666673,0.2976794372797547,0.2976794372797547,0.08769456341060122,3.1904623757231794,0.0,False,0,3,-0.0008032128514056103,False,2,2240,0.17201275818165762,7,0.1,1.0714285714285714,0.04285714285714286,0.0,0.9142857142857143,0.0,0.02544642857142857,0.0,0.0,0.0035714285714285713,0.0,0.014732142857142857,0.012946428571428572,0.013392857142857142,0.0013392857142857143,0.014285714285714285,1,100,1,100,1,100,1,100,1,100,1,100,1,100,1,100,1,100,1,100
63,18.75,9.767857142857142,-10.0,6.047298571373657,17.0,0.25,0.4083333333333333,0.1509433962264151,0.13513513513513514,0.2555555555555556,0.25,0.3333333333333333,0.2644444444444445,-0.006666666666666665,0.0,-0.018867924528301883,0.0,0.01666666666666669,0.0,0.08333333333333331,0.015666666666666672,0.25843449403978946,0.25843449403978946,0.08599532102886838,3.3067651298352545,0.00783515116535822,False,1,3,0.0007753751350894622,False,2,2240,0.19107013519373503,7,0.1,1.042857142857143,0.02857142857142857,0.0,0.9,0.0,0.014285714285714285,0.0008928571428571428,0.013392857142857142,0.014285714285714285,0.026785714285714284,0.0017857142857142857,0.02857142857142857,0.0,0.0,0.0,1,100,1,100,1,100,1,100,1,100,1,100,1,100,1,100,1,100,1,100
64,20.75,9.738095238095237,-10.25,6.108335537488813,20.75,0.24333333333333335,0.39166666666666666,0.1509433962264151,0.13513513513513514,0.23333333333333334,0.23333333333333334,0.26666666666666666,0.24233333333333335,0.0,0.0,0.0,0.0,0.0,0.0,0.0,0.0,0.28305262421487803,0.28305262421487803,0.08145745748371822,3.1767720309654517,0.0,False,0,3,-0.001202414448212008,False,2,2240,0.18119614774862386,8,0.11428571428571428,1.1,0.07142857142857142,0.0,0.9013392857142857,0.002232142857142857,0.005357142857142857,0.0,0.0,0.0,0.002232142857142857,0.0013392857142857143,0.020089285714285716,0.003125,0.05,0.014285714285714285,1,100,1,100,1,100,1,100,1,100,1,100,1,100,1,100,1,100,1,100
65,20.25,9.017857142857142,-13.0,7.221810177065033,20.25,0.26,0.4,0.16981132075471697,0.16216216216216217,0.2833333333333333,0.2,0.35,0.27566666666666667,0.0,0.0,0.0,0.0,0.0,0.0,0.0,0.0,0.264851956061104,0.264851956061104,0.07598472277788344,3.25791250649486,0.0015151515151515152,False,0,3,-0.0008032128514056658,False,2,2240,0.20640044097810453,9,0.12857142857142856,1.1,0.08571428571428572,0.0,0.8955357142857143,0.0,0.005803571428571429,0.0,0.03616071428571429,0.014732142857142857,0.015178571428571428,0.0125,0.0,0.00625,0.008482142857142856,0.005357142857142857,1,100,1,100,1,100,1,100,1,100,1,100,1,100,1,100,1,100,1,100
66,21.083333333333332,10.007142857142858,-12.75,6.400470327105913,19.5,0.22666666666666666,0.31666666666666665,0.1509433962264151,0.1891891891891892,0.3,0.25,0.4666666666666667,0.2906666666666667,0.006666666666666665,0.0,0.018867924528301883,0.0,0.0,0.0,0.0,0.002666666666666666,0.29703234397700884,0.29703234397700884,0.09031100510431006,3.225472166291732,0.0,False,1,3,-4.809657792870237e-06,False,2,2240,0.1790184386704289,7,0.1,1.0285714285714285,0.02857142857142857,0.0,0.9142857142857143,0.0026785714285714286,0.014285714285714285,0.014285714285714285,0.014285714285714285,0.012053571428571429,0.0,0.002232142857142857,0.011607142857142858,0.0,0.0,0.014285714285714285,1,100,1,100,1,100,1,100,1,100,1,100,1,100,1,100,1,100,1,100
67,17.75,9.853571428571428,-11.25,5.993919467112591,17.75,0.28,0.4666666666666667,0.1320754716981132,0.1891891891891892,0.15,0.21666666666666667,0.43333333333333335,0.25116666666666665,0.0,0.0,0.0,0.0,0.0,0.0,0.016666666666666663,0.002499999999999999,0.2732151007708327,0.2732151007708327,0.09736476298953754,3.2249055558106132,0.0,False,2,3,0.0007623854153686604,False,2,2240,0.19606640121029112,8,0.11428571428571428,1.0571428571428572,0.05714285714285714,0.0,0.9022321428571428,0.0,0.007589285714285714,0.012053571428571429,0.0,0.0,0.027678571428571427,0.006696428571428571,0.014285714285714285,0.014732142857142857,0.0004464285714285714,0.014285714285714285,1,100,1,100,1,100,1,100,1,100,1,100,1,100,1,100,1,100,1,100
68,19.25,10.010714285714286,-9.0,5.771817157474735,17.5,0.24666666666666667,0.35,0.16981132075471697,0.1891891891891892,0.25,0.36666666666666664,0.36666666666666664,0.2778333333333333,0.006666666666666667,-0.016666666666666663,0.018867924528301883,0.02702702702702703,0.0,0.0,0.016666666666666663,0.005166666666666667,0.33429707458637553,0.33429707458637553,0.11161909477867922,3.138189575576849,0.0023135547087642897,True,3,3,0.020362578967657974,False,2,2240,0.20579431015746474,8,0.11428571428571428,1.042857142857143,0.02857142857142857,0.0,0.9,0.014285714285714285,0.012053571428571429,0.014285714285714285,0.014285714285714285,0.014285714285714285,0.002232142857142857,0.014285714285714285,0.013839285714285714,0.0,0.0004464285714285714,0.0,1,100,1,100,1,100,1,100,1,100,1,100,1,100,1,100,1,100,1,100
69,19.25,10.07857142857143,-13.0,6.244170070069006,17.0,0.25666666666666665,0.44166666666666665,0.07547169811320754,0.21621621621621623,0.25,0.3333333333333333,0.45,0.291,0.02333333333333332,0.008333333333333304,0.018867924528301883,0.05405405405405406,0.0,0.0,0.0,0.009333333333333329,0.2965484753992077,0.2965484753992077,0.10496196362295489,3.251908523223724,0.002400019238631172,False,2,3,0.0038287062239158454,False,2,2240,0.1719870569236007,10,0.14285714285714285,1.0714285714285714,0.07142857142857142,0.0,0.9107142857142857,0.014285714285714285,0.0,0.0004464285714285714,0.0,0.014285714285714285,0.0,0.0,0.014285714285714285,0.03125,0.014732142857142857,0.0,1,100,1,100,1,100,1,100,1,100,1,100,1,100,1,100,1,100,1,100
70,18.583333333333332,9.676785714285714,-8.0,5.901163608160013,16.5,0.2822222222222222,0.40555555555555556,0.16981132075471697,0.24324324324324326,0.26666666666666666,0.4166666666666667,0.4,0.3078888888888889,0.00888888888888888,0.0222222222222222,0.0,0.0,0.0,0.15000000000000002,-0.033333333333333326,0.013555555555555557,0.2622400386035766,0.2622400386035766,0.13451703748399513,3.443487103922859,0.05080733020997071,True,2,3,0.01048102772184728,False,2,2240,0.20218315356021613,10,0.14285714285714285,1.0714285714285714,0.07142857142857142,0.0,0.8986607142857143,0.0,0.0,0.01607142857142857,0.022321428571428572,0.00625,0.019196428571428573,0.009375,0.014285714285714285,0.0,0.013839285714285714,0.0,1,100,1,100,1,100,1,100,1,100,1,100,1,100,1,100,1,100,1,100
71,21.75,10.142857142857142,-9.5,5.973688055095598,17.0,0.2866666666666667,0.4666666666666667,0.22641509433962265,0.08108108108108109,0.2,0.26666666666666666,0.23333333333333334,0.24633333333333335,0.003333333333333339,0.025000000000000022,0.018867924528301883,-0.05405405405405406,0.06666666666666668,0.0,-0.033333333333333326,0.019666666666666676,0.243483514897915,0.243483514897915,0.11227763530988406,3.9139941183715083,0.1529181141186047,True,3,3,0.006825195902463055,False,2,2240,0.22191077254900196,16,0.22857142857142856,1.1857142857142857,0.18571428571428572,0.0,0.884375,0.007142857142857143,0.014285714285714285,0.005803571428571429,0.022767857142857142,0.0,0.0,0.0,0.007142857142857143,0.0017857142857142857,0.029910714285714287,0.026785714285714284,1,100,1,100,1,100,1,100,1,100,1,100,1,100,1,100,1,100,1,100
72,20.083333333333332,9.673809523809524,-11.5,6.8906386758082325,20.083333333333332,0.31,0.44166666666666665,0.20754716981132076,0.24324324324324326,0.3,0.36666666666666664,0.5,0.3406666666666667,-0.0033333333333333435,-0.00833333333333336,0.0,0.0,0.033333333333333326,0.08333333333333331,0.04999999999999999,0.026166666666666658,0.2539710648072238,0.2539710648072238,0.11253531636981605,3.9268830903363043,0.1305366995107995,False,0,3,0.0,True,3,2240,0.24208905011347248,23,0.32857142857142857,1.3714285714285714,0.32857142857142857,0.0,0.8651785714285715,0.0,0.0,0.0008928571428571428,0.0008928571428571428,0.020089285714285716,0.019196428571428573,0.014285714285714285,0.009821428571428571,0.015625,0.054017857142857145,0.0,1,100,1,100,1,100,1,100,1,100,1,100,1,100,1,100,1,100,1,100
73,19.75,10.246428571428572,-14.0,5.762588630215455,17.0,0.20222222222222225,0.32222222222222224,0.11320754716981132,0.13513513513513514,0.23333333333333334,0.21666666666666667,0.36666666666666664,0.23922222222222222,-0.016666666666666673,-0.025000000000000022,-0.018867924528301883,0.0,-0.033333333333333326,0.05000000000000002,0.06666666666666665,-0.003333333333333335,0.30502488997907795,0.30502488997907795,0.12949293089614855,3.5309871494688605,0.06557902814305672,True,2,3,0.006410144297021081,False,3,2240,0.25651107938537865,23,0.32857142857142857,1.3428571428571427,0.34285714285714286,0.0,0.8441964285714286,0.025,0.0,0.012053571428571429,0.028125,0.016517857142857143,0.0017857142857142857,0.0,0.0,0.0,0.07232142857142858,0.0,1,100,1,100,1,100,1,100,1,100,1,100,1,100,1,100,1,100,1,100
74,20.0,9.996428571428572,-9.5,5.756646188549029,17.5,0.22666666666666666,0.4,0.11320754716981132,0.10810810810810811,0.3333333333333333,0.18333333333333332,0.36666666666666664,0.2806666666666666,0.024444444444444453,0.011111111111111127,0.03773584905660378,0.02702702702702703,0.06666666666666665,0.0,0.016666666666666663,0.03561111111111111,0.2693566135345227,0.2693566135345227,0.09020976545145076,3.4920499635996354,0.04036457934805817,False,1,3,-0.0031597994226953974,False,3,2240,0.21844392742867066,19,0.2714285714285714,1.2571428571428571,0.24285714285714285,0.0,0.8848214285714285,0.0,0.0004464285714285714,0.0004464285714285714,0.0,0.02857142857142857,0.0,0.014285714285714285,0.009375,0.023660714285714285,0.024107142857142858,0.014285714285714285,1,100,1,100,1,100,1,100,1,100,1,100,1,100,1,100,1,100,1,100
75,18.5,9.267857142857142,-12.0,6.212169522000187,17.25,0.21,0.275,0.22641509433962265,0.08108108108108109,0.2833333333333333,0.4111111111111111,0.35,0.27677777777777773,-0.036666666666666646,-0.09166666666666662,0.0,0.0,0.11666666666666667,0.10000000000000003,-0.03333333333333338,0.03116666666666667,0.3002898729740227,0.3002898729740227,0.14147949081756164,3.558280900776031,0.05551609449957332,True,3,3,0.026207661347622313,False,3,2240,0.32343970945320805,29,0.4142857142857143,1.5571428571428572,0.5,0.0,0.8200892857142857,0.005357142857142857,0.0017857142857142857,0.03125,0.012946428571428572,0.014285714285714285,0.014285714285714285,0.019196428571428573,0.005357142857142857,0.019196428571428573,0.05625,0.0,1,100,1,100,1,100,11,6000,1,100,1,100,1,100,1,100,1,100,1,100
76,18.166666666666668,10.213095238095237,-2.5,4.487010257891303,17.833333333333336,0.29888888888888887,0.4472222222222222,0.20754716981132076,0.1891891891891892,0.25833333333333336,0.3333333333333333,0.4,0.30330555555555555,0.02666666666666667,0.033333333333333326,0.03773584905660379,0.0,0.0,0.0,0.0,0.010666666666666668,0.2617833761708663,0.2617833761708663,0.10776173101041438,3.28368689783631,0.012092062680043347,False,0,3,-0.029663357962182002,False,3,2240,0.2355850558865925,23,0.32857142857142857,1.3857142857142857,0.35714285714285715,0.0,0.8660714285714286,0.026785714285714284,0.02857142857142857,0.0040178571428571425,0.0004464285714285714,0.0,0.0013392857142857143,0.0,0.0,0.009375,0.053125,0.010267857142857143,1,100,1,100,1,100,1,100,1,100,1,100,1,100,1,100,1,100,1,100
77,18.0,9.735714285714286,-14.5,7.278869333592286,17.5,0.31333333333333335,0.43333333333333335,0.32075471698113206,0.10810810810810811,0.4166666666666667,0.26666666666666666,0.23333333333333334,0.3328333333333333,0.07666666666666666,0.041666666666666685,0.13207547169811318,0.05405405405405406,0.10000000000000003,0.0,0.06666666666666668,0.07566666666666669,0.29056195750157227,0.29056195750157227,0.15773403904130404,4.148104612243203,0.124494238977321,True,3,3,0.02956241587653463,True,4,2240,0.25424131271755296,23,0.32857142857142857,1.5,0.45714285714285713,0.0,0.8308035714285714,0.0,0.0,0.0008928571428571428,0.0026785714285714286,0.0,0.016964285714285713,0.015625,0.0026785714285714286,0.022767857142857142,0.10758928571428572,0.0,1,100,1,100,1,100,1,100,1,100,1,100,1,100,1,100,1,100,1,100
78,20.833333333333336,10.002380952380951,-9.583333333333334,5.602294941966198,20.75,0.3,0.48333333333333334,0.1320754716981132,0.24324324324324326,0.26666666666666666,0.3,0.4666666666666667,0.31333333333333335,0.05333333333333332,0.08333333333333331,0.037735849056603765,0.02702702702702703,0.016666666666666663,0.0,0.06666666666666665,0.03716666666666666,0.29415042982065565,0.29415042982065565,0.13909457463313604,3.5605889535277746,0.038546455828758694,True,3,3,0.00868987958122941,False,4,2240,0.2891680668620702,30,0.42857142857142855,1.542857142857143,0.4714285714285714,0.0,0.8125,0.014285714285714285,0.012946428571428572,0.029910714285714287,0.014285714285714285,0.0,0.0,0.0,0.004464285714285714,0.0013392857142857143,0.10714285714285714,0.003125,1,100,1,100,1,100,1,100,1,100,1,100,1,100,1,100,1,100,1,100
79,21.25,9.739285714285714,-10.25,6.353912702630801,16.25,0.26666666666666666,0.31666666666666665,0.22641509433962265,0.24324324324324326,0.23333333333333334,0.25,0.4,0.2733333333333334,-0.03,-0.10833333333333334,0.037735849056603765,0.0,0.06666666666666668,0.033333333333333326,0.10000000000000003,0.029666666666666675,0.29099870722228416,0.29099870722228416,0.1601859260668149,4.064852478321924,0.09407628700248279,False,1,3,0.018997055177705946,False,4,2240,0.26297852327462506,24,0.34285714285714286,1.3285714285714285,0.3142857142857143,0.0,0.85,0.013392857142857142,0.0,0.002232142857142857,0.01607142857142857,0.0,0.0,0.014285714285714285,0.014285714285714285,0.00625,0.06919642857142858,0.014285714285714285,1,100,1,100,1,100,1,100,1,100,1,100,1,100,1,100,1,100,1,100
80,21.875,9.932142857142857,-6.5,5.695920512746675,18.25,0.24,0.35,0.16981132075471697,0.16216216216216217,0.3,0.2611111111111111,0.38333333333333336,0.28461111111111115,0.004444444444444406,-0.02222222222222231,0.037735849056603765,0.0,0.06666666666666665,0.0,0.10000000000000003,0.0401111111111111,0.28427609306153423,0.28427609306153423,0.13938885038733534,3.4196929252120074,0.025761693116140846,False,1,3,-0.016490986628422577,False,4,2240,0.23969084358108167,17,0.24285714285714285,1.3714285714285714,0.2571428571428571,0.0,0.8790178571428572,0.014285714285714285,0.013392857142857142,0.021875,0.007589285714285714,0.026339285714285714,0.002232142857142857,0.02142857142857143,0.0008928571428571428,0.008928571428571428,0.0040178571428571425,0.0,1,100,1,100,1,100,1,100,1,100,1,100,1,100,1,100,1,100,1,100
81,18.833333333333336,10.142857142857142,-11.5,6.642517912485225,18.833333333333336,0.33,0.44166666666666665,0.20754716981132076,0.32432432432432434,0.2,0.3222222222222222,0.38333333333333336,0.2917222222222222,0.05333333333333334,0.033333333333333326,0.056603773584905676,0.08108108108108109,0.033333333333333354,0.0,-0.033333333333333326,0.02800000000000001,0.2966440855662413,0.2966440855662413,0.12920354981894552,3.5338115481341084,0.017729273107672933,False,2,3,-0.004156018011439722,False,4,2240,0.20248472575219995,14,0.2,1.2428571428571429,0.2,0.0,0.89375,0.0013392857142857143,0.0,0.004464285714285714,0.0,0.012946428571428572,0.0,0.0,0.017410714285714286,0.024107142857142858,0.013392857142857142,0.032589285714285716,1,100,1,100,1,100,1,100,1,100,1,100,1,100,1,100,1,100,1,100
82,22.5,9.935714285714285,-10.5,5.43161255668944,17.5,0.2633333333333333,0.275,0.24528301886792453,0.2702702702702703,0.38333333333333336,0.3777777777777778,0.3055555555555556,0.3231111111111111,0.05777777777777776,-0.005555555555555591,0.1509433962264151,0.02702702702702703,0.06666666666666671,0.0,-0.06666666666666671,0.036444444444444446,0.27728555909964175,0.27728555909964175,0.1268898797269766,3.574684493736149,0.030686964880024547,False,1,3,-0.016271697811630015,False,4,2240,0.2170606021201108,12,0.17142857142857143,1.1571428571428573,0.14285714285714285,0.0,0.8924107142857143,0.01607142857142857,0.0,0.014285714285714285,0.014285714285714285,0.0,0.02857142857142857,0.014285714285714285,0.007589285714285714,0.0026785714285714286,0.004910714285714286,0.004910714285714286,1,100,1,100,1,100,1,100,1,100,1,100,1,100,1,100,1,100,1,100
83,19.083333333333336,9.70952380952381,-10.0,6.206926859814275,17.5,0.31,0.375,0.3018867924528302,0.21621621621621623,0.3333333333333333,0.16666666666666666,0.2833333333333333,0.2998333333333333,0.06333333333333334,0.041666666666666685,0.09433962264150941,0.05405405405405406,0.1333333333333333,0.0,-0.033333333333333326,0.06699999999999999,0.2654018663415532,0.2654018663415532,0.10916072200250831,3.5679583330600573,0.026338779177679687,False,1,3,-0.015006751739310764,False,4,2240,0.18234776454443138,19,0.2714285714285714,1.2571428571428571,0.24285714285714285,0.0,0.9017857142857143,0.0,0.0,0.016964285714285713,0.014285714285714285,0.0,0.003125,0.0,0.0,0.0017857142857142857,0.033482142857142856,0.02857142857142857,1,100,1,100,1,100,1,100,1,100,1,100,1,100,1,100,1,100,1,100
84,17.0,9.341666666666667,-12.5,6.928033545640769,17.0,0.23666666666666666,0.4083333333333333,0.09433962264150944,0.16216216216216217,0.5,0.36666666666666664,0.4166666666666667,0.36883333333333335,4.440892098500626e-18,-0.016666666666666663,0.018867924528301896,0.0,0.06666666666666665,0.0,0.0,0.02333333333333333,0.293279778522546,0.293279778522546,0.11145778905861152,3.3126790413331784,0.030437190606009596,True,2,3,0.007994343550941196,False,4,2240,0.2232836378762642,16,0.22857142857142856,1.2428571428571429,0.22857142857142856,0.0,0.8883928571428571,0.002232142857142857,0.0,0.014285714285714285,0.0,0.014285714285714285,0.014285714285714285,0.013392857142857142,0.0,0.017410714285714286,0.019642857142857142,0.01607142857142857,1,100,1,100,1,100,1,100,1,100,1,100,1,100,1,100,1,100,1,100
85,22.5,9.75,-10.0,6.983611768514437,21.833333333333332,0.24333333333333335,0.3416666666666667,0.18867924528301888,0.16216216216216217,0.5333333333333333,0.26666666666666666,0.23333333333333334,0.3456666666666666,0.01777777777777779,0.011111111111111127,0.03773584905660379,0.0,0.08333333333333331,0.0,-0.033333333333333326,0.03127777777777777,0.29777751907648736,0.29777751907648736,0.15476261788216192,3.97794766436459,0.10026212634971021,True,3,3,0.021432199492945392,False,4,2240,0.2642259179517219,17,0.24285714285714285,1.3714285714285714,0.3,0.0,0.8638392857142857,0.0017857142857142857,0.008482142857142856,0.013839285714285714,0.014285714285714285,0.02142857142857143,0.017857142857142856,0.008928571428571428,0.0,0.024553571428571428,0.025,0.0,1,100,1,100,1,100,1,100,1,100,1,100,1,100,1,100,1,100,1,100
86,17.75,9.60952380952381,-13.5,5.94441085458965,17.75,0.23666666666666666,0.325,0.20754716981132076,0.13513513513513514,0.23333333333333334,0.21666666666666667,0.31666666666666665,0.2455,-0.019999999999999993,-0.04999999999999999,0.018867924528301883,-0.02702702702702703,0.06666666666666668,0.0,0.13333333333333333,0.03533333333333334,0.27231899836690254,0.27231899836690254,0.1342249054282818,3.7467690212856506,0.05086945495646167,False,1,3,-0.000592334862950239,False,4,2240,0.21312675794858918,17,0.24285714285714285,1.3,0.22857142857142856,0.0,0.8924107142857143,0.011160714285714286,0.0,0.00625,0.0,0.0,0.011160714285714286,0.0013392857142857143,0.016517857142857143,0.020982142857142855,0.025892857142857145,0.014285714285714285,1,100,1,100,1,100,1,100,1,100,1,100,1,100,1,100,1,100,1,100
87,20.666666666666668,9.777380952380952,-10.5,6.531983604331553,19.25,0.2966666666666667,0.375,0.2641509433962264,0.21621621621621623,0.4666666666666667,0.23333333333333334,0.35,0.35783333333333334,0.06,0.08333333333333331,0.018867924528301883,0.08108108108108109,0.16666666666666669,0.0,0.08333333333333331,0.09483333333333334,0.3452034169460762,0.3452034169460762,0.18691245961284197,3.6926365778847567,0.0765302545693571,False,1,3,0.004944279628645798,False,4,2240,0.241695437716725,13,0.18571428571428572,1.2,0.2,0.0,0.8816964285714286,0.0,0.010714285714285714,0.014285714285714285,0.014285714285714285,0.014285714285714285,0.014285714285714285,0.017857142857142856,0.014285714285714285,0.00625,0.012053571428571429,0.0,1,100,1,100,1,100,1,100,1,100,1,100,1,100,1,100,1,100,1,100
88,22.0,10.00595238095238,-12.0,5.969271867879119,16.25,0.33666666666666667,0.425,0.2641509433962264,0.2972972972972973,0.4,0.3333333333333333,0.31666666666666665,0.3555,0.07999999999999999,0.09999999999999998,0.09433962264150944,0.02702702702702703,0.1166666666666667,0.033333333333333326,0.0,0.07616666666666666,0.2783896124023099,0.2783896124023099,0.1375088268151539,3.812573793632159,0.05763649772379301,False,1,3,-0.02186327114542974,False,4,2240,0.19344825687185221,13,0.18571428571428572,1.2285714285714286,0.21428571428571427,0.0,0.8959821428571428,0.0017857142857142857,0.014285714285714285,0.020535714285714286,0.0,0.0,0.0,0.0,0.0,0.033482142857142856,0.007142857142857143,0.026785714285714284,1,100,1,100,1,100,1,100,1,100,1,100,1,100,1,100,1,100,1,100
89,16.75,9.630952380952381,-5.0,5.224362409427012,16.5,0.32,0.38333333333333336,0.2641509433962264,0.2972972972972973,0.38333333333333336,0.21666666666666667,0.23333333333333334,0.3188333333333333,0.03333333333333335,-0.11666666666666664,0.1320754716981132,0.13513513513513514,0.08333333333333337,0.08333333333333334,0.06666666666666668,0.06083333333333335,0.31336651268474364,0.31336651268474364,0.19272737839399698,4.372358550514888,0.19710932279289542,False,0,3,-0.035742194569119146,False,4,2240,0.25618780244617523,21,0.3,1.3857142857142857,0.34285714285714286,0.0,0.8638392857142857,0.0035714285714285713,0.0,0.016964285714285713,0.014285714285714285,0.0,0.03080357142857143,0.016517857142857143,0.0035714285714285713,0.024107142857142858,0.026339285714285714,0.0,1,100,1,100,1,100,1,100,1,100,1,100,1,100,1,100,1,100,1,100
90,21.0,9.796428571428569,-8.833333333333332,5.574969494440806,17.166666666666664,0.26666666666666666,0.3333333333333333,0.2830188679245283,0.13513513513513514,0.35,0.4,0.15555555555555553,0.2925,0.023333333333333334,-0.14166666666666666,0.16981132075471697,0.08108108108108109,0.14999999999999997,0.06666666666666671,0.03333333333333331,0.07349999999999998,0.267378143797594,0.267378143797594,0.1749206831560197,4.592654158641461,0.2000868288978815,False,0,3,-0.03615104584551232,False,4,2240,0.28261395936383166,21,0.3,1.3857142857142857,0.38571428571428573,0.0,0.821875,0.014285714285714285,0.0017857142857142857,0.02857142857142857,0.039732142857142855,0.0,0.0,0.0,0.0,0.07946428571428571,0.0,0.014285714285714285,1,100,1,100,1,100,10,4000,1,100,1,100,1,100,10,5000,1,100,10,5000
91,19.5,9.973809523809523,-11.25,6.072062992063886,17.5,0.27,0.275,0.2641509433962264,0.2702702702702703,0.4,0.24444444444444444,0.21666666666666667,0.3049444444444444,0.04,-0.04999999999999999,0.07547169811320753,0.13513513513513514,0.10000000000000003,0.033333333333333326,-0.1333333333333333,0.03433333333333335,0.3074185084862526,0.3074185084862526,0.20144774343244873,4.426993275223922,0.2276093304446237,False,0,3,-0.022146397238381854,False,4,2240,0.22272825233119167,18,0.2571428571428571,1.2714285714285714,0.2571428571428571,0.0,0.8700892857142857,0.0,0.009821428571428571,0.0,0.0,0.0,0.03214285714285714,0.014285714285714285,0.014285714285714285,0.05848214285714286,0.0004464285714285714,0.0004464285714285714,1,100,1,100,1,100,10,4000,1,100,1,100,1,100,10,5000,1,100,10,5000
92,18.75,9.92142857142857,-8.25,5.076280933706667,16.0,0.36666666666666664,0.45,0.39622641509433965,0.1891891891891892,0.3277777777777778,0.2833333333333333,0.3,0.3347222222222222,0.020000000000000018,0.0,0.03773584905660382,0.02702702702702703,0.0,0.0,0.033333333333333326,0.013000000000000005,0.25526426154627585,0.25526426154627585,0.11115925019864131,3.4017664561348275,0.005511977141008235,False,0,3,-0.04286427145708582,False,4,2240,0.26941433626981254,18,0.2571428571428571,1.3,0.3,0.0,0.8589285714285714,0.014285714285714285,0.004464285714285714,0.023660714285714285,0.014285714285714285,0.014285714285714285,0.0017857142857142857,0.0125,0.0,0.04107142857142857,0.0125,0.002232142857142857,1,100,1,100,1,100,1,100,1,100,1,100,1,100,1,100,1,100,1,100
93,19.583333333333332,9.79404761904762,-10.25,6.309616014600308,19.583333333333332,0.2866666666666667,0.36666666666666664,0.20754716981132076,0.2702702702702703,0.35,0.23333333333333334,0.3333333333333333,0.3105,0.02333333333333332,-0.025000000000000022,0.018867924528301883,0.10810810810810811,0.11666666666666664,0.033333333333333326,0.0,0.053499999999999985,0.33236277839841794,0.33236277839841794,0.1493669470114171,3.53645376279205,0.04526070167077309,True,2,3,0.007930305872373533,False,4,2240,0.22913168499371658,17,0.24285714285714285,1.4857142857142858,0.45714285714285713,0.0,0.8709821428571428,0.0,0.014285714285714285,0.0,0.011160714285714286,0.0004464285714285714,0.0026785714285714286,0.0,0.011607142857142858,0.05758928571428571,0.026785714285714284,0.004464285714285714,1,100,1,100,1,100,1,100,1,100,1,100,1,100,1,100,1,100,1,100
94,19.0,9.760714285714284,-9.25,6.636298712453127,17.25,0.31333333333333335,0.4,0.24528301886792453,0.2702702702702703,0.23333333333333334,0.43333333333333335,0.31666666666666665,0.29783333333333334,0.036666666666666674,0.025000000000000022,0.018867924528301883,0.08108108108108109,0.033333333333333326,0.0,0.06666666666666665,0.03633333333333333,0.2809545567499539,0.2809545567499539,0.12651189042142075,3.726797573163276,0.05845031368442377,False,1,3,-0.0011686010964562232,False,4,2240,0.28747332007966486,22,0.3142857142857143,1.6142857142857143,0.5714285714285714,0.0,0.8147321428571429,0.013839285714285714,0.0,0.005803571428571429,0.03214285714285714,0.012946428571428572,0.0035714285714285713,0.0,0.0,0.10267857142857142,0.014285714285714285,0.0,1,100,1,100,1,100,1,100,1,100,1,100,1,100,1,100,1,100,1,100
95,20.75,9.675,-8.5,5.907272051906709,20.75,0.2633333333333333,0.3416666666666667,0.20754716981132076,0.21621621621621623,0.4,0.48333333333333334,0.23333333333333334,0.32866666666666666,0.04,0.016666666666666663,0.09433962264150944,0.0,0.08333333333333337,0.05833333333333335,-0.1333333333333333,0.031000000000000017,0.2981648119120163,0.2981648119120163,0.1514083005948672,3.750492388716543,0.06249935324677406,True,2,3,0.00539445023789592,False,4,2240,0.2966103293339584,25,0.35714285714285715,1.5285714285714285,0.5285714285714286,0.0,0.8294642857142858,0.01875,0.010267857142857143,0.01830357142857143,0.024107142857142858,0.0,0.01830357142857143,0.011607142857142858,0.0,0.06651785714285714,0.0026785714285714286,0.0,1,100,1,100,1,100,1,100,1,100,1,100,1,100,1,100,1,100,1,100
96,22.5,9.641666666666666,-7.5,6.271792957740386,22.5,0.3,0.38333333333333336,0.3018867924528302,0.16216216216216217,0.43333333333333335,0.22777777777777777,0.23333333333333334,0.32944444444444443,0.04000000000000001,-0.08333333333333331,0.1320754716981132,0.10810810810810811,0.06666666666666671,0.06666666666666668,0.0,0.04600000000000001,0.29741103165459276,0.29741103165459276,0.149350258956348,3.88258728982342,0.07288438821517242,False,1,3,0.008287003940275761,False,4,2240,0.3268203334502191,26,0.37142857142857144,1.6142857142857143,0.5714285714285714,0.0,0.7589285714285714,0.0,0.0,0.004464285714285714,0.0,0.006696428571428571,0.024107142857142858,0.0,0.03705357142857143,0.15089285714285713,0.017410714285714286,0.0004464285714285714,1,100,1,100,1,100,1,100,1,100,1,100,1,100,1,100,1,100,1,100
97,18.25,9.553571428571429,-6.25,5.0987089035355995,15.5,0.24,0.2833333333333333,0.22641509433962265,0.1891891891891892,0.36666666666666664,0.35833333333333334,0.36666666666666664,0.31516666666666665,0.02999999999999999,-0.025000000000000022,0.09433962264150944,0.02702702702702703,0.0,0.0888888888888889,0.08333333333333331,0.033388888888888885,0.2915889834059519,0.2915889834059519,0.20126264448102696,4.518924363758791,0.18325164202445787,False,1,3,-0.024509093046716557,False,4,2240,0.3569729302485084,33,0.4714285714285714,1.7142857142857142,0.6857142857142857,0.0,0.6892857142857143,0.009821428571428571,0.014732142857142857,0.01607142857142857,0.00625,0.0125,0.0,0.0004464285714285714,0.012053571428571429,0.23883928571428573,0.0,0.0,1,100,1,100,1,100,10,4000,1,100,1,100,1,100,10,5000,10,5000,10,5000
98,24.5,9.230357142857143,-13.5,6.940166338137755,19.0,0.24,0.2833333333333333,0.22641509433962265,0.1891891891891892,0.31666666666666665,0.4222222222222223,0.36666666666666664,0.3040555555555555,0.02777777777777778,-0.06388888888888888,0.09433962264150944,0.08108108108108109,0.0,0.033333333333333326,0.033333333333333326,0.019444444444444445,0.2882730340705955,0.2882730340705955,0.19661595028271317,4.531194802800386,0.19986099360242637,False,0,3,-0.011033227447988403,False,4,2240,0.34789471374514835,34,0.4857142857142857,1.6142857142857143,0.6,0.0,0.69375,0.008928571428571428,0.0,0.015178571428571428,0.0008928571428571428,0.011607142857142858,0.0,0.0,0.016517857142857143,0.23794642857142856,0.0004464285714285714,0.014732142857142857,1,100,1,100,1,100,10,4000,1,100,1,100,1,100,1,100,1,100,10,5000
99,18.0,9.41904761904762,-8.5,6.135344704947397,18.0,0.24333333333333335,0.275,0.2641509433962264,0.16216216216216217,0.25,0.3888888888888889,0.5,0.2987222222222222,0.05333333333333334,0.033333333333333354,0.07547169811320753,0.05405405405405406,0.033333333333333326,0.0,-0.01666666666666672,0.030499999999999992,0.3167615663160717,0.3167615663160717,0.13451845851925212,3.5283289026182754,0.039065935307187744,False,0,3,-0.01828477036434617,False,4,2240,0.34830785965579864,28,0.4,1.5857142857142856,0.5571428571428572,0.0,0.7758928571428572,0.0,0.011160714285714286,0.021875,0.012053571428571429,0.013839285714285714,0.0,0.014285714285714285,0.014285714285714285,0.12008928571428572,0.002232142857142857,0.014285714285714285,1,100,1,100,1,100,1,100,1,100,1,100,1,100,1,100,1,100,1,100
100,20.083333333333336,10.302380952380954,-10.5,6.301977068030825,19.5,0.25333333333333335,0.35,0.18867924528301888,0.1891891891891892,0.43333333333333335,0.31666666666666665,0.4666666666666667,0.3546666666666667,0.02,0.0,0.0,0.08108108108108109,0.033333333333333326,0.0,0.033333333333333326,0.024666666666666663,0.27528976366361835,0.27528976366361835,0.13408043351048907,3.5452499345959416,0.022433227739482697,False,1,3,-0.01848203920745589,False,4,2240,0.2858486747209229,25,0.35714285714285715,1.8,0.7571428571428571,0.0,0.7839285714285714,0.003125,0.0008928571428571428,0.0013392857142857143,0.0008928571428571428,0.0,0.0,0.0,0.0008928571428571428,0.14598214285714287,0.039285714285714285,0.023660714285714285,1,100,1,100,1,100,1,100,1,100,1,100,1,100,1,100,1,100,1,100
101,19.5,10.098809523809525,-10.25,6.614142688466992,17.0,0.31,0.30833333333333335,0.3018867924528302,0.32432432432432434,0.45,0.27777777777777773,0.23333333333333334,0.34427777777777774,0.030000000000000006,-0.05833333333333329,0.1132075471698113,0.05405405405405406,0.10000000000000003,0.055555555555555525,-0.07777777777777778,0.040888888888888905,0.3198336198480488,0.3198336198480488,0.16005666044083186,3.7564332998843497,0.06885841314814693,False,1,3,-0.008008371719503693,False,4,2240,0.3185514968738316,24,0.34285714285714286,1.7857142857142858,0.7142857142857143,0.0,0.7977678571428571,0.0,0.0017857142857142857,0.0,0.0125,0.017410714285714286,0.0026785714285714286,0.011160714285714286,0.0125,0.11026785714285714,0.022767857142857142,0.011160714285714286,1,100,1,100,1,100,11,6000,1,100,1,100,1,100,11,7500,1,100,11,7500
102,24.166666666666668,9.902380952380954,-10.75,6.373991850390424,19.5,0.27666666666666667,0.4083333333333333,0.24528301886792453,0.10810810810810811,0.5,0.2,0.35,0.3581666666666667,0.03333333333333334,0.016666666666666663,0.07547169811320756,0.0,0.033333333333333326,0.0,-0.03333333333333338,0.019999999999999993,0.3108770927173279,0.3108770927173279,0.13929119975941995,3.398311627930703,0.028715150932162693,False,0,3,-0.012969369767219907,False,4,2240,0.34458223219946316,32,0.45714285714285713,1.9,0.7571428571428571,0.0,0.7888392857142857,0.014285714285714285,0.014285714285714285,0.01875,0.014285714285714285,0.005357142857142857,0.011160714285714286,0.0,0.0,0.10178571428571428,0.01875,0.0125,1,100,1,100,1,100,1,100,1,100,1,100,1,100,1,100,1,100,1,100
103,23.333333333333332,10.184523809523808,-10.25,6.166439713602704,18.5,0.30666666666666664,0.4,0.2641509433962264,0.21621621621621623,0.21666666666666667,0.31666666666666665,0.3333333333333333,0.2801666666666667,0.0666666666666667,0.050000000000000044,0.1320754716981132,0.0,-0.033333333333333326,0.0,0.033333333333333326,0.020000000000000014,0.31299173589051665,0.31299173589051665,0.14696426181347902,3.5557636825655003,0.029600018655642348,False,0,3,-0.011912064880826134,False,4,2240,0.30376432123296127,23,0.32857142857142857,1.6428571428571428,0.5571428571428572,0.0,0.8160714285714286,0.0,0.013839285714285714,0.01875,0.0,0.0,0.014285714285714285,0.0008928571428571428,0.014732142857142857,0.08794642857142858,0.019196428571428573,0.014285714285714285,1,100,1,100,1,100,1,100,1,100,1,100,1,100,1,100,1,100,1,100
104,19.5,10.217857142857143,-7.0,5.564062208971618,19.5,0.32,0.45,0.22641509433962265,0.24324324324324326,0.4666666666666667,0.3277777777777777,0.36666666666666664,0.3791111111111111,0.04000000000000001,0.0,0.056603773584905676,0.08108108108108109,0.1166666666666667,0.016666666666666663,-0.01666666666666672,0.056,0.3097703400549516,0.3097703400549516,0.1778092652470403,3.9479116429426653,0.11200763861105827,True,2,3,0.03264912914829954,False,4,2240,0.35620278460180665,33,0.4714285714285714,1.8,0.6571428571428571,0.0,0.765625,0.011160714285714286,0.0,0.032589285714285716,0.026785714285714284,0.014285714285714285,0.014285714285714285,0.014285714285714285,0.0,0.11830357142857142,0.0026785714285714286,0.0,1,100,1,100,1,100,1,100,1,100,1,100,1,100,1,100,1,100,1,100
105,21.5,9.619047619047619,-11.0,6.875776600128548,20.5,0.3,0.45,0.1320754716981132,0.2972972972972973,0.3333333333333333,0.36666666666666664,0.23333333333333334,0.3083333333333333,0.06333333333333334,0.07500000000000001,0.018867924528301883,0.10810810810810811,0.09999999999999998,0.09999999999999998,-0.08333333333333331,0.05783333333333332,0.31842159662663233,0.31842159662663233,0.1735098987858529,3.9115973966634088,0.11890953398059667,False,2,3,-0.013383838383838387,False,4,2240,0.3663375610541999,35,0.5,1.957142857142857,0.8142857142857143,0.0,0.7580357142857143,0.0013392857142857143,0.014285714285714285,0.03169642857142857,0.014285714285714285,0.0,0.0004464285714285714,0.0040178571428571425,0.015178571428571428,0.1263392857142857,0.019196428571428573,0.015178571428571428,1,100,1,100,1,100,1,100,1,100,1,100,1,100,1,100,1,100,1,100
106,23.75,9.67142857142857,-7.5,5.597386112509749,23.75,0.22,0.26666666666666666,0.20754716981132076,0.16216216216216217,0.4666666666666667,0.4,0.36666666666666664,0.3463333333333334,0.0033333333333333257,-0.041666666666666685,0.018867924528301883,0.05405405405405406,0.06666666666666665,0.03333333333333338,0.09999999999999998,0.043,0.2783112550607681,0.2783112550607681,0.1441861075220862,3.92896497986138,0.08859345930264334,False,0,3,-0.017856710820782662,False,4,2240,0.3208940652383411,34,0.4857142857142857,1.8857142857142857,0.8285714285714286,0.0,0.78125,0.0035714285714285713,0.0017857142857142857,0.022767857142857142,0.008928571428571428,0.010267857142857143,0.005803571428571429,0.025,0.00625,0.134375,0.0,0.0,1,100,1,100,1,100,1,100,1,100,1,100,1,100,1,100,1,100,1,100
107,21.5,10.349999999999998,-10.25,6.0306360716404885,18.0,0.33,0.4583333333333333,0.2641509433962264,0.21621621621621623,0.3444444444444444,0.45,0.25,0.3350555555555555,0.05666666666666664,0.04166666666666663,0.07547169811320753,0.05405405405405406,0.08333333333333326,0.033333333333333326,-0.06666666666666665,0.04516666666666664,0.30549882952848106,0.30549882952848106,0.17486339843132281,3.9813056435504315,0.11031857424253355,False,1,3,-0.012344587932568596,False,4,2240,0.3340876323335623,30,0.42857142857142855,1.7714285714285714,0.7571428571428571,0.0,0.7839285714285714,0.028125,0.014285714285714285,0.014732142857142857,0.014285714285714285,0.0,0.0,0.0,0.0035714285714285713,0.11473214285714285,0.015625,0.010714285714285714,1,100,1,100,1,100,10,4000,1,100,1,100,1,100,1,100,1,100,1,100
108,19.5,9.172619047619047,-10.0,6.854515969223181,19.0,0.26666666666666666,0.4166666666666667,0.18867924528301888,0.13513513513513514,0.25,0.4,0.36666666666666664,0.2891666666666667,0.02666666666666669,0.050000000000000044,0.01886792452830191,0.0,0.033333333333333326,0.06666666666666671,0.06666666666666665,0.03900000000000001,0.32283448801557163,0.32283448801557163,0.12097194803529121,3.4222485660296784,0.039321211538223294,False,2,3,0.0006014258449147936,False,4,2240,0.3224362591670669,27,0.38571428571428573,1.6428571428571428,0.5714285714285714,0.0,0.8205357142857143,0.0035714285714285713,0.009821428571428571,0.007589285714285714,0.011607142857142858,0.014285714285714285,0.014285714285714285,0.013839285714285714,0.0013392857142857143,0.07053571428571428,0.01830357142857143,0.014285714285714285,1,100,1,100,1,100,1,100,1,100,1,100,1,100,1,100,1,100,1,100
109,21.833333333333332,10.25,-9.75,5.855857872982526,19.5,0.27,0.4083333333333333,0.16981132075471697,0.1891891891891892,0.45,0.31666666666666665,0.5,0.3721666666666667,0.04333333333333332,-0.025000000000000022,0.11320754716981131,0.05405405405405406,0.06666666666666665,0.06666666666666665,0.15000000000000002,0.06983333333333333,0.2927720438397879,0.2927720438397879,0.13590554075006853,3.714961442576694,0.06280673410389881,True,3,3,0.011339326944261707,False,4,2240,0.26181165342334034,19,0.2714285714285714,1.5571428571428572,0.5428571428571428,0.0,0.8616071428571429,0.009821428571428571,0.01607142857142857,0.011607142857142858,0.014285714285714285,0.014285714285714285,0.014285714285714285,0.0,0.0,0.04375,0.0,0.014285714285714285,1,100,1,100,1,100,1,100,1,100,1,100,1,100,1,100,1,100,1,100
110,18.5,9.380952380952381,-10.0,6.064526889589807,17.5,0.3,0.4166666666666667,0.2830188679245283,0.13513513513513514,0.45,0.3777777777777777,0.16666666666666666,0.3402777777777778,0.02666666666666666,0.033333333333333326,0.018867924528301883,0.02702702702702703,0.13333333333333336,0.0,-0.1,0.04233333333333334,0.26053984279220554,0.26053984279220554,0.12568973043325546,3.95744114181276,0.100103626263355,False,1,3,-0.01449703732367319,False,4,2240,0.2968676639043551,27,0.38571428571428573,1.7571428571428571,0.6857142857142857,0.0,0.8147321428571429,0.014285714285714285,0.005357142857142857,0.008035714285714285,0.0040178571428571425,0.0,0.0,0.024553571428571428,0.014285714285714285,0.103125,0.0035714285714285713,0.008035714285714285,1,100,1,100,1,100,1,100,1,100,1,100,1,100,1,100,1,100,1,100
111,18.0,9.897619047619047,-10.0,6.380404205309351,16.75,0.25,0.35833333333333334,0.20754716981132076,0.13513513513513514,0.3611111111111111,0.36666666666666664,0.5166666666666667,0.34055555555555556,0.006666666666666665,0.033333333333333326,-0.018867924528301883,0.0,0.04999999999999999,0.033333333333333326,0.0,0.023499999999999993,0.3152893009162398,0.3152893009162398,0.15808426957694685,3.6082159521774266,0.0445487630070272,True,2,3,0.0072489073210522115,False,4,2240,0.2745394337506593,25,0.35714285714285715,1.6142857142857143,0.5571428571428572,0.0,0.84375,0.0008928571428571428,0.0017857142857142857,0.029017857142857144,0.0008928571428571428,0.0,0.0017857142857142857,0.014285714285714285,0.04642857142857143,0.039285714285714285,0.003125,0.01875,1,100,1,100,1,100,1,100,1,100,1,100,1,100,1,100,1,100,1,100
112,17.5,9.779761904761903,-12.75,6.2237231066613194,17.083333333333332,0.26111111111111107,0.3361111111111111,0.24528301886792453,0.16216216216216217,0.25,0.2611111111111111,0.3,0.2630555555555555,0.0033333333333333453,-0.024999999999999967,0.018867924528301883,0.02702702702702703,0.06666666666666668,0.0,0.016666666666666663,0.027166666666666676,0.24247337745101252,0.24247337745101252,0.09834708093852455,3.5481428891031377,0.020966464296671355,False,2,3,-0.004240569609229888,False,4,2240,0.286362621384957,29,0.4142857142857143,1.7571428571428571,0.5428571428571428,0.0,0.8334821428571428,0.013839285714285714,0.0,0.059375,0.014285714285714285,0.0,0.0,0.003125,0.008928571428571428,0.04642857142857143,0.00625,0.014285714285714285,1,100,1,100,1,100,1,100,1,100,1,100,1,100,1,100,1,100,1,100
113,18.0,9.448809523809523,-11.25,6.559333784301387,16.0,0.27888888888888885,0.41388888888888886,0.24528301886792453,0.10810810810810811,0.3,0.31666666666666665,0.36666666666666664,0.3032222222222222,0.03666666666666666,0.024999999999999967,0.07547169811320756,0.0,0.033333333333333326,0.0,0.0,0.026333333333333327,0.30910533806428764,0.30910533806428764,0.13442477950269596,3.546412049941738,0.04850751217535721,False,1,3,-0.012469128919962158,False,4,2240,0.2931948596433351,23,0.32857142857142857,1.5,0.42857142857142855,0.0,0.8415178571428571,0.0008928571428571428,0.0008928571428571428,0.030357142857142857,0.014285714285714285,0.007142857142857143,0.014285714285714285,0.014285714285714285,0.014285714285714285,0.04375,0.01830357142857143,0.0,1,100,1,100,1,100,1,100,1,100,1,100,1,100,1,100,1,100,1,100
114,20.5,9.922619047619047,-9.5,4.712241770714755,17.25,0.24666666666666667,0.3333333333333333,0.20754716981132076,0.16216216216216217,0.3,0.23333333333333334,0.3,0.27199999999999996,0.04000000000000001,0.016666666666666663,0.056603773584905676,0.05405405405405406,0.08333333333333331,0.0,-0.033333333333333326,0.04016666666666666,0.27150498200386375,0.27150498200386375,0.15047710347832993,3.720213588886484,0.05376421308532989,False,1,3,0.00048675923071711535,False,4,2240,0.23840564223982516,21,0.3,1.5,0.4857142857142857,0.0,0.8665178571428571,0.012053571428571429,0.014285714285714285,0.017410714285714286,0.004464285714285714,0.019196428571428573,0.0,0.0004464285714285714,0.0,0.059375,0.0,0.00625,1,100,1,100,1,100,1,100,1,100,1,100,1,100,1,100,1,100,1,100
115,20.75,9.389285714285714,-17.75,7.1591283918550985,17.25,0.33222222222222225,0.4305555555555556,0.2641509433962264,0.2702702702702703,0.16666666666666666,0.3277777777777777,0.36666666666666664,0.279,0.043333333333333314,0.024999999999999967,0.07547169811320753,0.02702702702702703,0.09999999999999999,0.0,0.09999999999999998,0.06733333333333331,0.30047198410772463,0.30047198410772463,0.13219728851898246,3.617876678187983,0.05385617957221737,True,2,3,0.015634576046883897,False,4,2240,0.21813615424242264,15,0.21428571428571427,1.3571428571428572,0.32857142857142857,0.0,0.8825892857142857,0.0040178571428571425,0.0,0.012946428571428572,0.0013392857142857143,0.0,0.014285714285714285,0.015178571428571428,0.0013392857142857143,0.04196428571428571,0.026339285714285714,0.0,1,100,1,100,1,100,1,100,1,100,1,100,1,100,1,100,1,100,1,100
116,21.0,9.878571428571428,-7.5,6.405566863913963,18.5,0.2833333333333333,0.375,0.24528301886792453,0.1891891891891892,0.36666666666666664,0.3333333333333333,0.31666666666666665,0.3225,0.006666666666666672,-0.016666666666666663,0.07547169811320756,-0.05405405405405406,0.09999999999999998,0.09999999999999998,-0.04999999999999999,0.040166666666666656,0.2814374293885151,0.2814374293885151,0.16115244866236858,4.191998405525568,0.14152600239462657,False,0,3,-0.020610264198389183,False,4,2240,0.252797801336951,15,0.21428571428571427,1.3571428571428572,0.34285714285714286,0.0,0.8696428571428572,0.012053571428571429,0.0,0.005357142857142857,0.016964285714285713,0.014285714285714285,0.02857142857142857,0.014285714285714285,0.0,0.027678571428571427,0.0013392857142857143,0.009821428571428571,1,100,1,100,1,100,1,100,1,100,1,100,1,100,1,100,1,100,1,100
117,21.0,10.175,-12.5,6.1814839680791085,17.583333333333332,0.27,0.425,0.11320754716981132,0.24324324324324326,0.2833333333333333,0.31666666666666665,0.3333333333333333,0.28883333333333333,0.03666666666666665,0.04166666666666663,0.03773584905660378,0.02702702702702703,0.13333333333333333,0.033333333333333326,-0.033333333333333326,0.05966666666666666,0.29402554268364817,0.29402554268364817,0.12539379680458967,3.5927440482306654,0.031110360513001017,True,2,3,0.016504869049779214,False,4,2240,0.2077553854778104,15,0.21428571428571427,1.2571428571428571,0.21428571428571427,0.0,0.8888392857142857,0.016964285714285713,0.012946428571428572,0.0008928571428571428,0.0,0.0,0.014285714285714285,0.0004464285714285714,0.0017857142857142857,0.021875,0.04107142857142857,0.0008928571428571428,1,100,1,100,1,100,1,100,1,100,1,100,1,100,1,100,1,100,1,100
118,19.5,9.935714285714285,-8.5,6.316930064689402,18.333333333333336,0.31333333333333335,0.5166666666666667,0.18867924528301888,0.16216216216216217,0.3333333333333333,0.26666666666666666,0.38333333333333336,0.32616666666666666,0.04333333333333337,0.04166666666666674,0.03773584905660379,0.05405405405405406,0.06666666666666665,0.0,0.03333333333333338,0.04566666666666668,0.262334622467369,0.262334622467369,0.08931982693976777,3.406102253324676,0.009259028492850006,False,2,3,-0.0010461187883452072,False,4,2240,0.25718065293108366,20,0.2857142857142857,1.4428571428571428,0.34285714285714286,0.0,0.8714285714285714,0.013839285714285714,0.005803571428571429,0.020535714285714286,0.004910714285714286,0.0013392857142857143,0.014285714285714285,0.016517857142857143,0.015625,0.022767857142857142,0.012946428571428572,0.0,1,100,1,100,1,100,1,100,1,100,1,100,1,100,1,100,1,100,1,100
119,18.0,9.889285714285714,-10.0,4.947276014736432,18.0,0.20666666666666667,0.25,0.1509433962264151,0.21621621621621623,0.5166666666666667,0.38333333333333336,0.3333333333333333,0.35183333333333333,-0.030000000000000006,-0.09166666666666667,-0.03773584905660379,0.08108108108108109,0.20000000000000007,0.1166666666666667,0.06666666666666665,0.07966666666666669,0.3041050793629973,0.3041050793629973,0.1707873774174907,4.1446646866908745,0.12431139910758986,False,1,3,-0.015858036877443804,False,4,2240,0.20043082931016332,19,0.2714285714285714,1.4,0.2714285714285714,0.0,0.896875,0.025,0.0,0.015625,0.014285714285714285,0.014285714285714285,0.0,0.0,0.0,0.019642857142857142,0.0,0.014285714285714285,1,100,1,100,1,100,1,100,1,100,1,100,1,100,1,100,1,100,1,100
120,20.75,9.79047619047619,-9.0,6.304693119319781,20.75,0.19222222222222224,0.2638888888888889,0.1320754716981132,0.16216216216216217,0.23333333333333334,0.23333333333333334,0.4,0.2418888888888889,0.016666666666666656,-0.00833333333333336,0.037735849056603765,0.02702702702702703,0.033333333333333326,0.0,0.10000000000000003,0.03333333333333333,0.3065346488476133,0.3065346488476133,0.14116250279045173,3.4857021080147117,0.028955305890591945,True,3,3,0.020279958520345198,False,4,2240,0.24042075484189598,23,0.32857142857142857,1.4428571428571428,0.38571428571428573,0.0,0.8669642857142857,0.01875,0.0,0.0,0.0,0.0040178571428571425,0.015178571428571428,0.0017857142857142857,0.025892857142857145,0.04151785714285714,0.025892857142857145,0.0,1,100,1,100,1,100,1,100,1,100,1,100,1,100,1,100,1,100,1,100
121,18.5,9.946428571428571,-14.5,6.1754608419110975,18.0,0.24888888888888885,0.3055555555555555,0.20754716981132076,0.21621621621621623,0.38333333333333336,0.26666666666666666,0.48333333333333334,0.3328888888888889,-0.0033333333333333435,-0.025000000000000022,0.018867924528301883,0.0,0.0,0.0,0.033333333333333326,0.003666666666666661,0.32678060575939516,0.32678060575939516,0.12370855222741811,3.164199949862961,0.011365695042918908,False,2,3,-0.000564916169850882,False,4,2240,0.18409194910248258,11,0.15714285714285714,1.0857142857142856,0.08571428571428572,0.0,0.9102678571428572,0.014285714285714285,0.014732142857142857,0.013392857142857142,0.014285714285714285,0.0125,0.01607142857142857,0.0,0.0,0.004464285714285714,0.0,0.0,1,100,1,100,1,100,1,100,1,100,1,100,1,100,1,100,1,100,1,100
122,21.0,10.053571428571429,-10.5,6.6505763521913295,18.0,0.28555555555555556,0.3805555555555556,0.24528301886792453,0.1891891891891892,0.3,0.2,0.23333333333333334,0.2742222222222222,0.05,-0.025000000000000022,0.07547169811320756,0.13513513513513514,0.09999999999999998,0.0,-0.033333333333333326,0.049999999999999996,0.32206085577415206,0.32206085577415206,0.16751190936855753,3.8500620700912886,0.11500398254239967,False,2,3,-0.005634259046711276,False,4,2240,0.17978327631163044,10,0.14285714285714285,1.1285714285714286,0.1,0.0,0.9071428571428571,0.016964285714285713,0.0,0.0,0.0,0.0,0.0017857142857142857,0.014285714285714285,0.025892857142857145,0.026339285714285714,0.0017857142857142857,0.005803571428571429,1,100,1,100,1,100,1,100,1,100,1,100,1,100,1,100,1,100,1,100
123,19.833333333333332,9.697619047619046,-5.5,5.666196959324607,19.833333333333332,0.36,0.45,0.3584905660377358,0.21621621621621623,0.2,0.26666666666666666,0.36666666666666664,0.29566666666666663,0.08666666666666666,0.033333333333333326,0.15094339622641506,0.08108108108108109,0.033333333333333354,0.0,-0.03333333333333338,0.04133333333333333,0.2865309723743458,0.2865309723743458,0.15234729518691714,3.9869362406985958,0.10707274753158887,False,0,3,-0.03021827830283208,False,4,2240,0.1978987595438556,14,0.2,1.1857142857142857,0.17142857142857143,0.0,0.9013392857142857,0.0,0.002232142857142857,0.024553571428571428,0.0040178571428571425,0.012946428571428572,0.015625,0.019642857142857142,0.014285714285714285,0.005357142857142857,0.0,0.0,1,100,1,100,1,100,1,100,1,100,1,100,1,100,1,100,1,100,1,100
124,20.75,10.057142857142857,-9.0,5.696151284488704,18.833333333333332,0.25,0.35833333333333334,0.18867924528301888,0.16216216216216217,0.31666666666666665,0.35,0.43333333333333335,0.3108333333333333,0.03666666666666668,0.041666666666666685,0.056603773584905676,0.0,-0.016666666666666663,0.033333333333333326,0.0222222222222222,0.015500000000000005,0.2705055994861925,0.2705055994861925,0.11716639739870387,3.7941729720551596,0.08899663251080897,False,0,3,-0.021735371899501477,False,4,2240,0.18163280383967143,12,0.17142857142857143,1.0857142857142856,0.08571428571428572,0.0,0.9075892857142858,0.014285714285714285,0.02857142857142857,0.014285714285714285,0.0,0.0,0.0,0.0,0.0,0.006696428571428571,0.014285714285714285,0.014285714285714285,1,100,1,100,1,100,10,4000,1,100,1,100,1,100,1,100,1,100,1,100
125,20.0,9.892857142857142,-11.333333333333334,6.3326463107497295,17.25,0.29,0.4083333333333333,0.24528301886792453,0.16216216216216217,0.26666666666666666,0.3,0.2,0.2693333333333333,0.07666666666666666,0.125,0.037735849056603765,0.05405405405405406,0.033333333333333326,0.033333333333333326,0.06666666666666668,0.05566666666666666,0.281580431688649,0.281580431688649,0.1248523216436787,3.778521598642802,0.10025250703412451,False,1,3,-0.01097640425610985,False,4,2240,0.20406728841921126,14,0.2,1.1857142857142857,0.17142857142857143,0.0,0.8928571428571429,0.0,0.0008928571428571428,0.0,0.010267857142857143,0.0375,0.013392857142857142,0.0,0.014285714285714285,0.011160714285714286,0.019642857142857142,0.0,1,100,1,100,1,100,1,100,1,100,1,100,1,100,1,100,1,100,1,100
126,20.0,10.45357142857143,-10.5,5.31142516137599,20.0,0.27666666666666667,0.39166666666666666,0.20754716981132076,0.1891891891891892,0.35,0.3,0.36666666666666664,0.3181666666666667,0.04666666666666667,0.06666666666666665,0.03773584905660379,0.02702702702702703,0.0,0.0,0.06666666666666665,0.028666666666666667,0.3009443872386661,0.3009443872386661,0.11154445399088642,3.323869329613865,0.01809947101051639,False,1,3,-0.006243300183131406,False,4,2240,0.20671166651629258,13,0.18571428571428572,1.1571428571428573,0.14285714285714285,0.0,0.9017857142857143,0.015178571428571428,0.016964285714285713,0.013839285714285714,0.014285714285714285,0.008035714285714285,0.006696428571428571,0.00625,0.0,0.00625,0.0,0.010714285714285714,1,100,1,100,1,100,1,100,1,100,1,100,1,100,1,100,1,100,1,100
127,23.0,10.446428571428571,-9.0,6.572791978128861,21.0,0.22,0.3,0.20754716981132076,0.10810810810810811,0.43333333333333335,0.3777777777777778,0.36666666666666664,0.3324444444444445,0.029999999999999995,-0.00833333333333336,0.07547169811320756,0.02702702702702703,0.06666666666666671,0.0,-0.01666666666666672,0.03283333333333333,0.276197027874396,0.276197027874396,0.1548467626023358,4.154538440461173,0.13853446812107803,False,0,3,-0.021391372056908498,False,4,2240,0.1773246874226103,9,0.12857142857142856,1.1142857142857143,0.08571428571428572,0.0,0.9129464285714286,0.0008928571428571428,0.0,0.0,0.004910714285714286,0.0125,0.0004464285714285714,0.0013392857142857143,0.014285714285714285,0.019642857142857142,0.012053571428571429,0.020982142857142855,1,100,1,100,1,100,1,100,1,100,1,100,1,100,1,100,1,100,1,100
128,20.25,10.239285714285714,-7.0,5.316993597736164,18.0,0.2866666666666667,0.4,0.20754716981132076,0.21621621621621623,0.23333333333333334,0.3,0.5,0.30133333333333334,0.05000000000000001,0.025000000000000022,0.07547169811320756,0.05405405405405406,-0.04999999999999999,0.0,0.0,0.002500000000000009,0.2924651245154817,0.2924651245154817,0.12961222498413177,3.661739718809916,0.07786697506775424,False,1,3,-0.02163001488807703,False,4,2240,0.21572077637290063,11,0.15714285714285714,1.1571428571428573,0.12857142857142856,0.0,0.8924107142857143,0.017410714285714286,0.0013392857142857143,0.013392857142857142,0.0017857142857142857,0.014285714285714285,0.004464285714285714,0.02857142857142857,0.010267857142857143,0.015178571428571428,0.0008928571428571428,0.0,1,100,1,100,1,100,1,100,1,100,1,100,1,100,1,100,1,100,1,100
129,20.75,10.042857142857143,-7.75,6.004260108937846,18.0,0.25666666666666665,0.375,0.16981132075471697,0.1891891891891892,0.38333333333333336,0.4166666666666667,0.3777777777777778,0.33516666666666667,0.003333333333333335,0.00833333333333336,-0.01886792452830191,0.02702702702702703,0.08333333333333337,0.0,0.15000000000000005,0.05300000000000002,0.30857993760562114,0.30857993760562114,0.12484579945621717,3.521474885205857,0.06369710378439906,False,0,3,-0.020060226389134905,False,4,2240,0.23547691255205785,16,0.22857142857142856,1.2428571428571429,0.17142857142857143,0.0,0.878125,0.019642857142857142,0.0125,0.0,0.0040178571428571425,0.0,0.004464285714285714,0.009821428571428571,0.02857142857142857,0.028125,0.014285714285714285,0.0004464285714285714,1,100,1,100,1,100,1,100,1,100,1,100,1,100,1,100,1,100,1,100
130,17.0,9.789285714285715,-9.5,5.715939864747964,17.0,0.2822222222222222,0.4222222222222222,0.16981132075471697,0.21621621621621623,0.36666666666666664,0.4,0.4166666666666667,0.34372222222222226,0.02,0.0,0.018867924528301883,0.05405405405405406,0.08333333333333331,0.0888888888888889,-0.033333333333333326,0.04105555555555555,0.26221477575456364,0.26221477575456364,0.12682975293176577,3.765418432940617,0.07669837397129801,False,0,3,-0.022036631373980764,False,4,2240,0.22197547378121887,13,0.18571428571428572,1.2285714285714286,0.17142857142857143,0.0,0.8879464285714286,0.0013392857142857143,0.0125,0.0017857142857142857,0.0035714285714285713,0.023214285714285715,0.019196428571428573,0.010267857142857143,0.008928571428571428,0.029464285714285714,0.0008928571428571428,0.0008928571428571428,1,100,1,100,1,100,1,100,1,100,1,100,1,100,1,100,1,100,1,100
131,25.0,9.7,-11.5,6.019304262913098,17.333333333333336,0.28,0.38333333333333336,0.24528301886792453,0.16216216216216217,0.36666666666666664,0.2833333333333333,0.48333333333333334,0.3411666666666667,0.010000000000000005,-0.008333333333333304,0.05660377358490565,-0.02702702702702703,0.1333333333333333,-0.04999999999999999,0.033333333333333326,0.05066666666666666,0.29554086423720644,0.29554086423720644,0.13590142339150346,3.6625352070594115,0.0527784518586048,True,2,3,0.01628948504354316,False,4,2240,0.22658376735200975,17,0.24285714285714285,1.2714285714285714,0.2,0.0,0.8767857142857143,0.016964285714285713,0.0125,0.0004464285714285714,0.0,0.0008928571428571428,0.030357142857142857,0.0017857142857142857,0.0,0.0035714285714285713,0.04241071428571429,0.014285714285714285,1,100,1,100,1,100,1,100,1,100,1,100,1,100,1,100,1,100,1,100
132,19.75,9.414285714285715,-15.0,7.244414534668303,18.5,0.27,0.4083333333333333,0.20754716981132076,0.13513513513513514,0.2944444444444444,0.4,0.36666666666666664,0.3060555555555555,0.019999999999999993,0.033333333333333326,0.018867924528301883,0.0,-5.551115123125783e-17,0.08333333333333337,0.0,0.016333333333333318,0.25936728222999056,0.25936728222999056,0.09911427601168603,3.916452800860492,0.11315740188115919,False,1,3,-0.025852839774995473,False,4,2240,0.2935627722496527,18,0.2571428571428571,1.2285714285714286,0.18571428571428572,0.0,0.8191964285714286,0.0,0.0017857142857142857,0.007589285714285714,0.005357142857142857,0.0,0.09151785714285714,0.016964285714285713,0.015625,0.027232142857142858,0.0,0.014732142857142857,1,100,1,100,7,1900,1,100,7,1900,1,100,1,100,1,100,7,2000,1,100
133,20.0,10.095238095238095,-9.25,6.272092473085015,18.75,0.2966666666666667,0.49166666666666664,0.16981132075471697,0.16216216216216217,0.3333333333333333,0.23333333333333334,0.23333333333333334,0.29366666666666663,0.036666666666666646,0.05833333333333329,0.018867924528301883,0.02702702702702703,0.11666666666666664,0.12777777777777777,-0.09999999999999998,0.05327777777777776,0.3147786391437643,0.3147786391437643,0.1699814318059755,3.7112511923943274,0.055452985959442924,True,2,3,0.01674832153874073,False,4,2240,0.24363491678439986,14,0.2,1.1571428571428573,0.14285714285714285,0.0,0.8705357142857143,0.004464285714285714,0.013839285714285714,0.014285714285714285,0.013839285714285714,0.014285714285714285,0.048214285714285716,0.0,0.0,0.010714285714285714,0.009821428571428571,0.0,1,100,1,100,1,100,1,100,1,100,1,100,1,100,1,100,1,100,1,100
134,22.5,9.496428571428572,-8.0,6.179899504022585,18.5,0.26,0.3333333333333333,0.2830188679245283,0.10810810810810811,0.4,0.3777777777777778,0.36666666666666664,0.3367777777777778,0.004444444444444452,-0.03888888888888886,0.037735849056603765,0.02702702702702703,0.10000000000000003,-0.016666666666666663,0.0,0.03511111111111113,0.2669824583521287,0.2669824583521287,0.14602236442291272,4.041653458326137,0.14816850417456431,False,2,3,-0.01047711076569019,False,4,2240,0.32524685281453763,21,0.3,1.4285714285714286,0.3,0.0,0.79375,0.01607142857142857,0.02142857142857143,0.0,0.0,0.0,0.10357142857142858,0.0,0.014285714285714285,0.013392857142857142,0.016517857142857143,0.020982142857142855,1,100,1,100,1,100,1,100,1,100,1,100,1,100,1,100,1,100,1,100
135,22.75,9.561904761904762,-11.5,7.142563089185366,22.75,0.3433333333333333,0.4083333333333333,0.33962264150943394,0.24324324324324326,0.35,0.36666666666666664,0.3333333333333333,0.3465,0.07666666666666665,0.024999999999999967,0.13207547169811318,0.08108108108108109,0.09999999999999998,0.04999999999999999,-0.016666666666666663,0.06816666666666665,0.3290494464399666,0.3290494464399666,0.171370311585664,3.797756549697247,0.0776648965668517,True,2,3,0.016981778198501385,False,4,2240,0.3809943681545267,24,0.34285714285714286,1.4714285714285715,0.2857142857142857,0.0,0.7611607142857143,0.027232142857142858,0.023214285714285715,0.0004464285714285714,0.014285714285714285,0.011160714285714286,0.10535714285714286,0.014285714285714285,0.005803571428571429,0.008482142857142856,0.0,0.02857142857142857,1,100,1,100,1,100,1,100,1,100,1,100,1,100,1,100,1,100,1,100
136,21.25,9.977380952380951,-11.75,6.678626495825941,18.5,0.2866666666666667,0.38333333333333336,0.22641509433962265,0.21621621621621623,0.4,0.2833333333333333,0.3,0.32799999999999996,0.05333333333333336,0.03333333333333338,0.056603773584905676,0.08108108108108109,0.06666666666666671,0.13333333333333333,-0.1166666666666667,0.040500000000000015,0.31909931506100614,0.31909931506100614,0.1548935535282119,3.8326254755913514,0.11074845562617007,False,2,3,-0.02472082122720598,False,4,2240,0.24325719082258257,14,0.2,1.1285714285714286,0.11428571428571428,0.0,0.8683035714285714,0.024553571428571428,0.04241071428571429,0.0040178571428571425,0.0,0.0,0.016964285714285713,0.0,0.0,0.015178571428571428,0.014285714285714285,0.014285714285714285,1,100,1,100,1,100,1,100,1,100,1,100,1,100,1,100,1,100,1,100
137,22.25,9.948214285714286,-8.0,6.060870283790833,18.25,0.2966666666666667,0.30833333333333335,0.2830188679245283,0.2972972972972973,0.36666666666666664,0.31666666666666665,0.3,0.32366666666666666,0.020000000000000007,-0.06666666666666665,0.11320754716981132,0.02702702702702703,0.033333333333333326,0.13333333333333333,0.016666666666666663,0.0355,0.2830370292638527,0.2830370292638527,0.17036103040359588,4.392715099191904,0.14712925372329455,False,0,3,-0.03098066371820074,False,4,2240,0.22581251760136178,12,0.17142857142857143,1.1,0.08571428571428572,0.0,0.8879464285714286,0.0,0.005357142857142857,0.014285714285714285,0.013839285714285714,0.014732142857142857,0.019642857142857142,0.0,0.014285714285714285,0.015178571428571428,0.014732142857142857,0.0,1,100,1,100,1,100,1,100,1,100,1,100,1,100,1,100,1,100,1,100
138,21.0,9.682142857142857,-9.5,6.628660906107905,21.0,0.23,0.3416666666666667,0.1509433962264151,0.16216216216216217,0.43333333333333335,0.6,0.48333333333333334,0.3761666666666667,0.006666666666666664,-0.033333333333333326,0.05660377358490565,0.0,0.06666666666666671,0.06666666666666665,0.04999999999999999,0.04016666666666668,0.3057658505551875,0.3057658505551875,0.11848684886524868,3.472328581245687,0.040662741694413286,False,1,3,-0.01257204466568873,False,4,2240,0.2001133609149267,10,0.14285714285714285,1.0857142857142856,0.07142857142857142,0.0,0.9008928571428572,0.003125,0.0013392857142857143,0.014285714285714285,0.014285714285714285,0.028125,0.009375,0.0,0.0017857142857142857,0.0,0.0125,0.014285714285714285,1,100,1,100,1,100,1,100,1,100,1,100,1,100,1,100,1,100,1,100
139,23.0,9.923809523809524,-10.5,6.439349870706639,18.25,0.22,0.31666666666666665,0.1320754716981132,0.1891891891891892,0.4166666666666667,0.2,0.3333333333333333,0.30383333333333334,0.02,-0.016666666666666663,0.018867924528301883,0.08108108108108109,0.050000000000000044,0.0,-0.033333333333333326,0.020500000000000018,0.2960382387227492,0.2960382387227492,0.14946210779123267,3.9181847877811378,0.11101265887356355,False,0,3,-0.035529361138985305,False,4,2240,0.21262301154805333,11,0.15714285714285714,1.0857142857142856,0.07142857142857142,0.0,0.8933035714285714,0.0,0.0,0.004910714285714286,0.011607142857142858,0.0,0.024107142857142858,0.002232142857142857,0.014285714285714285,0.020535714285714286,0.014285714285714285,0.014732142857142857,1,100,1,100,1,100,1,100,1,100,1,100,1,100,1,100,1,100,1,100
140,19.25,9.798809523809524,-7.0,6.02683306859703,17.333333333333336,0.20333333333333334,0.2916666666666667,0.16981132075471697,0.10810810810810811,0.43333333333333335,0.43333333333333335,0.38333333333333336,0.33383333333333337,-0.0033333333333333214,-0.008333333333333304,0.0,0.0,0.13333333333333336,-0.033333333333333326,0.0,0.042000000000000016,0.2963944691850326,0.2963944691850326,0.12808038541391112,3.596175356479447,0.0007984031936127746,False,0,3,-0.016476181141429014,False,4,2240,0.25772773651818,14,0.2,1.1142857142857143,0.1,0.0,0.8723214285714286,0.014285714285714285,0.014285714285714285,0.013839285714285714,0.014285714285714285,0.014285714285714285,0.01875,0.014285714285714285,0.0,0.009821428571428571,0.013839285714285714,0.0,1,100,1,100,1,100,1,100,1,100,1,100,1,100,1,100,1,100,1,100
141,18.5,9.311904761904762,-10.0,6.483123477358406,18.0,0.30333333333333334,0.425,0.24528301886792453,0.1891891891891892,0.3333333333333333,0.35555555555555557,0.3722222222222223,0.3293888888888889,0.06,0.033333333333333326,0.07547169811320756,0.08108108108108109,0.09999999999999998,0.033333333333333326,-0.03333333333333327,0.05733333333333333,0.2842177395239945,0.2842177395239945,0.1102211240170262,3.5464282460999867,0.03614643659012751,False,1,3,-0.02802758241579395,False,4,2240,0.2398904897141861,20,0.2857142857142857,1.2857142857142858,0.21428571428571427,0.0,0.8700892857142857,0.014285714285714285,0.0013392857142857143,0.0,0.0,0.0,0.01875,0.0,0.039285714285714285,0.014732142857142857,0.019642857142857142,0.021875,1,100,1,100,1,100,1,100,1,100,1,100,1,100,1,100,1,100,1,100
142,19.5,9.722619047619046,-11.0,6.01983694059758,19.5,0.2733333333333333,0.3,0.32075471698113206,0.16216216216216217,0.36666666666666664,0.4666666666666667,0.36666666666666664,0.3393333333333333,0.019999999999999993,-0.016666666666666663,0.07547169811320753,0.0,0.09999999999999998,0.1166666666666667,0.06666666666666665,0.06466666666666665,0.31237475760417827,0.31237475760417827,0.14686333794623238,3.57746957709262,0.003116767560169912,False,1,3,-0.015131493129112328,False,4,2240,0.23308598451372903,13,0.18571428571428572,1.2,0.14285714285714285,0.0,0.8794642857142857,0.0013392857142857143,0.0,0.010714285714285714,0.014285714285714285,0.00625,0.02544642857142857,0.02857142857142857,0.010267857142857143,0.022767857142857142,0.0004464285714285714,0.0004464285714285714,1,100,1,100,1,100,1,100,1,100,1,100,1,100,1,100,1,100,1,100
143,21.75,9.979761904761906,-9.0,6.066454661953131,21.75,0.29,0.39166666666666666,0.2641509433962264,0.16216216216216217,0.3333333333333333,0.26666666666666666,0.3,0.3043333333333333,0.0033333333333333214,-0.05833333333333335,0.05660377358490565,0.02702702702702703,0.09999999999999998,0.016666666666666663,0.033333333333333326,0.042999999999999976,0.27101297587373624,0.27101297587373624,0.1509951072662998,4.080182369834993,0.1404585862958275,False,0,3,-0.02861764605145317,False,4,2240,0.32560547468514023,22,0.3142857142857143,1.3857142857142857,0.2571428571428571,0.0,0.81875,0.0,0.02857142857142857,0.03616071428571429,0.014285714285714285,0.0,0.03526785714285714,0.0125,0.0,0.013392857142857142,0.01607142857142857,0.025,1,100,1,100,1,100,1,100,1,100,1,100,1,100,1,100,1,100,1,100
144,20.416666666666668,9.428571428571427,-11.5,7.2023789846514426,17.5,0.25333333333333335,0.36666666666666664,0.2830188679245283,0.02702702702702703,0.36666666666666664,0.24444444444444444,0.4,0.3141111111111111,0.033333333333333326,0.016666666666666663,0.07547169811320753,0.0,0.06666666666666665,0.0,0.06666666666666671,0.04666666666666666,0.29958350306810017,0.29958350306810017,0.12427819303585842,3.8636753510139266,0.07017629582018876,False,0,3,-0.02533823675516189,False,4,2240,0.24508666783616365,14,0.2,1.1714285714285715,0.15714285714285714,0.0,0.8732142857142857,0.014285714285714285,0.0,0.0004464285714285714,0.005803571428571429,0.0,0.029017857142857144,0.012946428571428572,0.016517857142857143,0.004910714285714286,0.026785714285714284,0.01607142857142857,1,100,1,100,1,100,1,100,1,100,1,100,1,100,1,100,1,100,1,100
145,22.5,9.46190476190476,-7.5,6.325538525827137,18.25,0.23333333333333334,0.3333333333333333,0.20754716981132076,0.10810810810810811,0.43333333333333335,0.31666666666666665,0.43333333333333335,0.3416666666666667,8.881784197001253e-18,-0.033333333333333326,0.03773584905660379,0.0,0.16666666666666669,0.016666666666666663,-0.011111111111111127,0.058333333333333334,0.27762805896057463,0.27762805896057463,0.11217561226579335,3.983173175372512,0.13423977164327786,False,0,3,-0.02877962585234789,False,4,2240,0.30039727461676935,24,0.34285714285714286,1.4428571428571428,0.32857142857142857,0.0,0.834375,0.012053571428571429,0.007142857142857143,0.005803571428571429,0.008035714285714285,0.010714285714285714,0.06964285714285715,0.011160714285714286,0.017410714285714286,0.015625,0.0013392857142857143,0.006696428571428571,1,100,1,100,1,100,1,100,1,100,1,100,1,100,1,100,1,100,1,100
146,24.0,9.528571428571428,-10.5,6.821881893023235,16.5,0.22666666666666666,0.35,0.1509433962264151,0.13513513513513514,0.4,0.38333333333333336,0.3,0.314,-0.006666666666666665,0.0,-0.018867924528301883,0.0,0.16666666666666669,0.01666666666666672,-0.04999999999999999,0.04983333333333334,0.2888216629901934,0.2888216629901934,0.16000751326846127,3.787371605820852,0.09079690199739258,False,1,3,-0.019412544024765332,False,4,2240,0.24582224349882983,18,0.2571428571428571,1.3142857142857143,0.22857142857142856,0.0,0.871875,0.01875,0.0017857142857142857,0.0008928571428571428,0.023660714285714285,0.0,0.019196428571428573,0.005357142857142857,0.02544642857142857,0.026785714285714284,0.0035714285714285713,0.0026785714285714286,1,100,1,100,1,100,1,100,1,100,1,100,1,100,1,100,1,100,1,100
147,18.5,9.61904761904762,-11.833333333333334,6.633317950277859,18.5,0.28,0.3333333333333333,0.16981132075471697,0.35135135135135137,0.3333333333333333,0.3,0.38333333333333336,0.3161666666666667,0.04999999999999999,-0.00833333333333336,0.037735849056603765,0.16216216216216217,-0.033333333333333326,0.0,0.06666666666666671,0.01833333333333334,0.28860697735598534,0.28860697735598534,0.13684913852470304,3.9229864659144655,0.09759790386368555,False,1,3,-0.023278543314976474,False,4,2240,0.34312989763938906,27,0.38571428571428573,1.4428571428571428,0.3,0.0,0.8049107142857143,0.0013392857142857143,0.014285714285714285,0.027232142857142858,0.014285714285714285,0.012946428571428572,0.059375,0.014285714285714285,0.0,0.034375,0.014285714285714285,0.0026785714285714286,1,100,1,100,1,100,1,100,1,100,1,100,1,100,1,100,1,100,1,100
148,19.25,9.397619047619049,-11.75,6.553566995370673,17.5,0.27777777777777773,0.3777777777777777,0.2830188679245283,0.10810810810810811,0.3,0.16111111111111112,0.4666666666666667,0.3022222222222222,0.06,0.033333333333333326,0.1320754716981132,0.0,0.033333333333333326,0.0,0.16666666666666669,0.06066666666666667,0.283728976269197,0.283728976269197,0.15551306417225183,3.949452464184446,0.12253273664427261,False,0,3,-0.022709977392179226,False,4,2240,0.21879714380388324,14,0.2,1.1857142857142857,0.15714285714285714,0.0,0.8897321428571429,0.015178571428571428,0.017410714285714286,0.025,0.01875,0.004910714285714286,0.0004464285714285714,0.0,0.0,0.013392857142857142,0.013392857142857142,0.0017857142857142857,1,100,1,100,1,100,1,100,1,100,1,100,1,100,1,100,1,100,1,100
149,20.0,9.342857142857143,-13.5,7.036745150488623,16.5,0.2833333333333333,0.4583333333333333,0.1509433962264151,0.1891891891891892,0.38333333333333336,0.11666666666666667,0.3333333333333333,0.30916666666666665,0.05666666666666664,0.05833333333333329,0.07547169811320754,0.02702702702702703,0.13333333333333336,0.0,-0.1166666666666667,0.05183333333333333,0.31216661844863275,0.31216661844863275,0.17210601311676268,3.5449679319710348,0.059858778244897576,False,0,3,-0.04174705232348974,False,4,2240,0.31103661898252627,21,0.3,1.3571428571428572,0.2571428571428571,0.0,0.8299107142857143,0.009375,0.0013392857142857143,0.033482142857142856,0.014285714285714285,0.005357142857142857,0.04241071428571429,0.016517857142857143,0.002232142857142857,0.029017857142857144,0.015178571428571428,0.0008928571428571428,1,100,1,100,1,100,1,100,1,100,1,100,1,100,1,100,1,100,1,100
150,21.0,10.482142857142856,-10.0,5.6236443314716675,18.333333333333332,0.25666666666666665,0.30833333333333335,0.3018867924528302,0.10810810810810811,0.4,0.48333333333333334,0.3,0.33599999999999997,0.02666666666666666,-0.016666666666666663,0.07547169811320753,0.02702702702702703,0.2,0.09999999999999998,-0.016666666666666663,0.08816666666666666,0.29396694016129843,0.29396694016129843,0.15156508815155376,3.822673929249934,0.12221945302531119,False,2,3,0.004798180200387858,True,5,2240,0.2613421238491333,14,0.2,1.3714285714285714,0.14285714285714285,0.0,0.8580357142857142,0.04107142857142857,0.0004464285714285714,0.039285714285714285,0.002232142857142857,0.01607142857142857,0.00625,0.01875,0.0,0.004464285714285714,0.005357142857142857,0.008035714285714285,1,100,1,100,1,100,1,100,1,100,1,100,1,100,1,100,1,100,1,100
151,21.0,9.8,-9.0,6.319508721110406,21.0,0.3466666666666667,0.45,0.3018867924528302,0.24324324324324326,0.4,0.35,0.4,0.37366666666666665,0.09000000000000001,0.025000000000000022,0.16981132075471697,0.08108108108108109,0.10000000000000003,0.033333333333333326,-0.033333333333333326,0.06933333333333333,0.3616581550298454,0.3616581550298454,0.20734779072741702,3.78925203627065,0.09739582536278302,True,2,3,0.006118066896510066,False,5,2240,0.3130777389741134,16,0.22857142857142856,1.3714285714285714,0.17142857142857143,0.0,0.8308035714285714,0.009375,0.0,0.04776785714285714,0.009375,0.0004464285714285714,0.022767857142857142,0.014285714285714285,0.010714285714285714,0.017410714285714286,0.022767857142857142,0.014285714285714285,1,100,7,1900,7,1900,4,400,4,400,1,100,7,2000,1,100,4,500,7,2000
152,21.5,9.775,-11.5,6.23715107813083,17.75,0.26,0.31666666666666665,0.22641509433962265,0.21621621621621623,0.325,0.4,0.36666666666666664,0.31275,0.019999999999999993,0.04999999999999999,-0.018867924528301883,0.02702702702702703,-0.033333333333333326,0.25,0.0,0.021333333333333336,0.289404979744782,0.289404979744782,0.14660261441337843,4.024686424886627,0.09606803188074381,False,1,3,-0.013736710587587186,False,5,2240,0.43967743843847573,38,0.5428571428571428,1.8285714285714285,0.5,0.0,0.6772321428571428,0.011160714285714286,0.0004464285714285714,0.12410714285714286,0.014285714285714285,0.049553571428571426,0.09642857142857143,0.0004464285714285714,0.0,0.017410714285714286,0.008928571428571428,0.0,1,100,7,1900,7,1900,4,400,7,1900,7,2400,7,2000,2,200,7,2000,7,2000
153,21.0,9.666666666666666,-11.5,6.45174395028197,19.0,0.37333333333333335,0.4666666666666667,0.33962264150943394,0.2702702702702703,0.31666666666666665,0.28888888888888886,0.5,0.3640555555555556,0.036666666666666674,-0.024999999999999967,0.09433962264150941,0.05405405405405406,-0.033333333333333326,0.06666666666666662,-0.01666666666666672,0.0071666666666666615,0.31011596740800984,0.31011596740800984,0.15889116254530003,3.8300326874545902,0.07630893743728316,False,2,3,-0.00031053264045111106,False,5,2240,0.51883495711053,42,0.6,2.0285714285714285,0.5285714285714286,0.0,0.5897321428571428,0.03169642857142857,0.010714285714285714,0.12276785714285714,0.0,0.0,0.159375,0.0,0.014285714285714285,0.009821428571428571,0.04732142857142857,0.014285714285714285,1,100,1,100,1,100,1,100,7,1900,1,100,1,100,1,100,7,2000,7,2000
154,19.75,10.45952380952381,-7.5,6.257324959298383,17.583333333333336,0.27,0.375,0.24528301886792453,0.13513513513513514,0.3,0.5,0.3,0.308,0.006666666666666667,-0.06666666666666665,0.05660377358490565,0.05405405405405406,0.06666666666666665,0.09999999999999998,-0.10000000000000003,0.02099999999999999,0.328168495672644,0.328168495672644,0.1822181242966179,3.879788706632008,0.07914266392370424,True,2,3,0.020716605003453015,False,5,2240,0.46537631033555216,33,0.4714285714285714,1.7857142857142858,0.4857142857142857,0.0,0.63125,0.03660714285714286,0.0,0.20580357142857142,0.016964285714285713,0.016517857142857143,0.05178571428571429,0.023660714285714285,0.0,0.014732142857142857,0.0026785714285714286,0.0,1,100,1,100,1,100,1,100,1,100,1,100,1,100,1,100,1,100,1,100
155,21.0,9.713095238095237,-10.0,6.542620277995722,18.0,0.30111111111111116,0.3861111111111111,0.2830188679245283,0.1891891891891892,0.31666666666666665,0.5,0.31666666666666665,0.3287777777777778,0.011111111111111118,-0.03888888888888886,0.037735849056603765,0.05405405405405406,0.11666666666666664,0.16666666666666669,0.033333333333333326,0.06694444444444443,0.2876549201706117,0.2876549201706117,0.1287323126656508,3.64253267834539,0.03439043781731899,False,0,3,-0.018732129267083397,False,5,2240,0.46552704953938145,43,0.6142857142857143,1.9,0.6857142857142857,0.0,0.584375,0.05714285714285714,0.014285714285714285,0.25491071428571427,0.0017857142857142857,0.0008928571428571428,0.05848214285714286,0.0,0.010714285714285714,0.01607142857142857,0.0,0.0013392857142857143,2,200,2,100,2,100,2,100,2,100,2,200,2,200,2,200,2,200,2,200
156,19.5,9.91547619047619,-9.0,6.833601807402267,17.75,0.33,0.44166666666666665,0.32075471698113206,0.16216216216216217,0.4277777777777778,0.36111111111111105,0.34444444444444444,0.36949999999999994,0.039999999999999994,0.016666666666666663,0.05660377358490565,0.05405405405405406,0.0,0.06666666666666665,0.033333333333333326,0.02766666666666666,0.3471570428572088,0.3471570428572088,0.12954901927919749,3.2748415910056483,0.022659354529349477,False,0,3,-0.033678960686391646,False,5,2240,0.49270395281332596,43,0.6142857142857143,1.8428571428571427,0.5857142857142857,0.0,0.6379464285714286,0.07767857142857143,0.009821428571428571,0.16026785714285716,0.0,0.014285714285714285,0.03080357142857143,0.022767857142857142,0.014285714285714285,0.0,0.005357142857142857,0.026785714285714284,1,100,1,100,1,100,1,100,1,100,1,100,1,100,1,100,1,100,1,100
157,20.0,9.92142857142857,-11.5,6.6306300682545105,20.0,0.29333333333333333,0.3333333333333333,0.3018867924528302,0.21621621621621623,0.26666666666666666,0.23333333333333334,0.4166666666666667,0.2965,0.07999999999999997,0.06666666666666665,0.1132075471698113,0.05405405405405406,0.04999999999999999,0.1,0.050000000000000044,0.067,0.33281225063563996,0.33281225063563996,0.16209038658717614,3.5891033012470857,0.05256263668355148,True,3,3,0.014917335828525502,False,5,2240,0.4106380739603566,34,0.4857142857142857,1.6285714285714286,0.5,0.0,0.703125,0.03794642857142857,0.014732142857142857,0.15669642857142857,0.025,0.014285714285714285,0.03794642857142857,0.0,0.0004464285714285714,0.0008928571428571428,0.0,0.008928571428571428,1,100,1,100,1,100,1,100,1,100,1,100,1,100,1,100,1,100,1,100
158,18.25,9.823809523809524,-11.25,6.441102865383301,18.0,0.3466666666666667,0.4666666666666667,0.24528301886792453,0.2972972972972973,0.3333333333333333,0.36666666666666664,0.3333333333333333,0.342,0.07,0.041666666666666685,0.09433962264150944,0.08108108108108109,0.033333333333333326,0.06666666666666665,-0.033333333333333326,0.04133333333333334,0.2990975758110164,0.2990975758110164,0.13943530123639783,3.761148367740605,0.057386723449778056,False,1,3,0.0006740079534250931,False,5,2240,0.3154050398632729,22,0.3142857142857143,1.5142857142857142,0.4,0.0,0.7883928571428571,0.0017857142857142857,0.0,0.11696428571428572,0.0040178571428571425,0.0,0.0035714285714285713,0.0375,0.0,0.008928571428571428,0.014285714285714285,0.024553571428571428,1,100,1,100,1,100,1,100,1,100,1,100,1,100,1,100,1,100,1,100
159,22.0,9.734523809523811,-9.0,6.711741855993614,20.5,0.2633333333333333,0.35833333333333334,0.1320754716981132,0.2972972972972973,0.43333333333333335,0.43333333333333335,0.3,0.3453333333333333,0.06666666666666665,0.09999999999999998,0.037735849056603765,0.05405405405405406,0.04999999999999999,0.23333333333333334,-0.13333333333333336,0.04749999999999999,0.31536492549767203,0.31536492549767203,0.1999992712639708,4.360534772004002,0.21003786512407827,False,0,3,-0.03477149388699785,False,5,2240,0.34326720728883725,40,0.5714285714285714,1.7714285714285714,0.5571428571428572,0.0,0.7986607142857143,0.0,0.014285714285714285,0.0625,0.014285714285714285,0.014285714285714285,0.044196428571428574,0.014285714285714285,0.0125,0.025,0.0,0.0,1,100,1,100,1,100,4,400,1,100,1,100,1,100,1,100,1,100,1,100
160,20.25,10.575,-7.0,5.87600295390376,19.5,0.29333333333333333,0.35,0.24528301886792453,0.2702702702702703,0.25,0.4888888888888889,0.38333333333333336,0.31122222222222223,0.06,-0.016666666666666663,0.07547169811320756,0.16216216216216217,0.033333333333333326,0.0,0.06666666666666671,0.045666666666666675,0.30639341980515056,0.30639341980515056,0.10585355393630409,3.5411130641236697,0.026391976907812708,False,1,3,-0.015637181278188417,False,5,2240,0.326621534103497,37,0.5285714285714286,1.6428571428571428,0.5142857142857142,0.0,0.7866071428571428,0.017410714285714286,0.010267857142857143,0.10357142857142858,0.0,0.0004464285714285714,0.004910714285714286,0.0,0.0,0.048660714285714286,0.013839285714285714,0.014285714285714285,1,100,1,100,1,100,1,100,1,100,1,100,1,100,1,100,1,100,1,100
161,21.5,10.214285714285714,-11.0,6.755708512485492,19.0,0.24,0.3,0.3018867924528302,0.05405405405405406,0.2833333333333333,0.23333333333333334,0.4,0.27849999999999997,0.046666666666666655,0.016666666666666663,0.1132075471698113,0.0,0.1,0.0,0.08333333333333337,0.06616666666666667,0.3272610857146605,0.3272610857146605,0.13021521761150937,3.4592843338514645,0.03325098616203154,False,1,3,-0.002646368453308734,False,5,2240,0.42543066392805723,45,0.6428571428571429,1.8714285714285714,0.6714285714285714,0.0,0.7165178571428571,0.0,0.0,0.09419642857142857,0.03125,0.007142857142857143,0.029910714285714287,0.014285714285714285,0.014285714285714285,0.078125,0.014285714285714285,0.0,1,100,1,100,1,100,1,100,1,100,1,100,1,100,1,100,1,100,1,100
162,22.0,10.560714285714285,-6.5,5.385568631982691,19.25,0.25333333333333335,0.3,0.2641509433962264,0.16216216216216217,0.25,0.38333333333333336,0.43333333333333335,0.2921666666666667,0.00666666666666667,-0.04999999999999999,0.037735849056603765,0.05405405405405406,0.06666666666666668,0.10000000000000003,0.10000000000000003,0.05100000000000001,0.3187629062187175,0.3187629062187175,0.14109153604680622,3.628722037487639,0.005612870644253662,True,3,3,0.009151120905323384,False,5,2240,0.25733490833224437,34,0.4857142857142857,1.6714285714285715,0.5857142857142857,0.0,0.8491071428571428,0.0125,0.0004464285714285714,0.08035714285714286,0.0017857142857142857,0.014285714285714285,0.004910714285714286,0.0,0.0026785714285714286,0.019642857142857142,0.0040178571428571425,0.010267857142857143,1,100,1,100,1,100,1,100,1,100,1,100,1,100,1,100,1,100,1,100
163,19.5,10.105952380952383,-9.25,6.129665722594365,18.75,0.2511111111111111,0.3111111111111111,0.2641509433962264,0.13513513513513514,0.3,0.3333333333333333,0.5,0.31377777777777777,0.02666666666666666,-0.016666666666666663,0.07547169811320753,0.02702702702702703,0.06666666666666665,0.06666666666666665,0.033333333333333326,0.045666666666666654,0.31284982062162636,0.31284982062162636,0.1223430345102663,3.682979568427949,0.058488098647538796,True,3,3,0.024851823674058693,False,5,2240,0.2773311704485691,25,0.35714285714285715,1.4142857142857144,0.34285714285714286,0.0,0.8383928571428572,0.0008928571428571428,0.0,0.055357142857142855,0.0,0.0,0.04196428571428571,0.014285714285714285,0.014285714285714285,0.020089285714285716,0.014285714285714285,0.0004464285714285714,1,100,1,100,1,100,1,100,1,100,1,100,1,100,1,100,1,100,1,100
164,22.25,10.695238095238095,-8.5,5.968400348593284,19.25,0.27,0.325,0.2641509433962264,0.1891891891891892,0.4166666666666667,0.31666666666666665,0.38333333333333336,0.343,0.03999999999999999,0.04999999999999999,0.037735849056603765,0.02702702702702703,0.13333333333333336,0.0,-0.06666666666666665,0.05266666666666668,0.325062325148899,0.325062325148899,0.16049474617759732,3.582437297730206,0.03358722496591337,False,1,3,-0.022356036375587585,False,5,2240,0.37581967589811854,43,0.6142857142857143,1.7428571428571429,0.6428571428571429,0.0,0.7642857142857142,0.016517857142857143,0.025892857142857145,0.05580357142857143,0.015178571428571428,0.025892857142857145,0.08035714285714286,0.012946428571428572,0.0,0.003125,0.0,0.0,1,100,1,100,1,100,4,400,1,100,1,100,1,100,1,100,1,100,1,100
165,20.5,10.058333333333332,-10.0,6.332132561608116,18.0,0.2733333333333333,0.3333333333333333,0.2641509433962264,0.1891891891891892,0.25,0.4666666666666667,0.55,0.326,0.02666666666666667,-0.033333333333333326,0.11320754716981132,0.0,0.033333333333333326,0.19166666666666665,0.0,0.041499999999999995,0.33618277015398434,0.33618277015398434,0.15283736409376694,3.41627943455914,0.027690620948683135,True,3,3,0.02276740786408199,False,5,2240,0.40889928876160797,37,0.5285714285714286,1.6857142857142857,0.5857142857142857,0.0,0.7200892857142858,0.01607142857142857,0.007142857142857143,0.14285714285714285,0.0,0.0,0.04241071428571429,0.021875,0.009821428571428571,0.007589285714285714,0.014285714285714285,0.017857142857142856,1,100,1,100,1,100,1,100,1,100,1,100,1,100,1,100,1,100,1,100
166,18.5,10.577380952380953,-8.0,6.026896089524267,17.0,0.21333333333333335,0.36666666666666664,0.11320754716981132,0.10810810810810811,0.4666666666666667,0.36666666666666664,0.36666666666666664,0.3403333333333333,-0.013333333333333334,0.0,0.0,-0.05405405405405406,0.10000000000000003,0.06666666666666665,0.0,0.03633333333333334,0.2895094379817704,0.2895094379817704,0.09529443000332545,3.3884661308999378,0.02412130831436798,False,0,3,-0.020287792432659324,False,5,2240,0.4113828023735391,27,0.38571428571428573,1.5571428571428572,0.5142857142857142,0.0,0.6848214285714286,0.004910714285714286,0.004464285714285714,0.20133928571428572,0.013839285714285714,0.024553571428571428,0.029464285714285714,0.014732142857142857,0.009375,0.004464285714285714,0.0,0.008035714285714285,1,100,1,100,1,100,1,100,1,100,1,100,1,100,1,100,1,100,1,100
167,19.75,10.066071428571428,-8.5,5.455003950326027,18.5,0.2733333333333333,0.3,0.2641509433962264,0.24324324324324326,0.2833333333333333,0.36666666666666664,0.35,0.2976666666666667,0.023333333333333324,-0.041666666666666685,0.037735849056603765,0.10810810810810811,0.06666666666666665,0.09999999999999998,0.04999999999999999,0.05016666666666665,0.3086671673083187,0.3086671673083187,0.1618720937096235,3.7855134564751474,0.0676074648803889,False,1,3,-0.005245569467126399,False,5,2240,0.28619493694572795,16,0.22857142857142856,1.3142857142857143,0.3,0.0,0.8147321428571429,0.014285714285714285,0.015625,0.11026785714285714,0.0026785714285714286,0.0,0.015178571428571428,0.0,0.0,0.0004464285714285714,0.014285714285714285,0.0125,1,100,1,100,1,100,1,100,1,100,1,100,1,100,1,100,1,100,1,100
168,22.0,10.075,-13.0,6.3283211683292295,20.5,0.31333333333333335,0.4,0.20754716981132076,0.32432432432432434,0.28888888888888886,0.3333333333333333,0.3,0.30477777777777776,0.05666666666666668,0.025000000000000022,0.056603773584905676,0.10810810810810811,0.06666666666666665,0.16666666666666666,0.08333333333333331,0.07516666666666666,0.2954621364548498,0.2954621364548498,0.15021599735906063,3.7214079325831726,0.04629995212204288,False,0,3,-0.02561742160075614,False,5,2240,0.2620587457113406,19,0.2714285714285714,1.2428571428571429,0.24285714285714285,0.0,0.8450892857142858,0.0013392857142857143,0.0026785714285714286,0.06875,0.0,0.017410714285714286,0.024553571428571428,0.011160714285714286,0.0017857142857142857,0.0,0.027232142857142858,0.0,1,100,1,100,1,100,4,400,1,100,1,100,1,100,1,100,1,100,1,100
169,18.5,10.117857142857142,-7.5,5.784120518286944,17.0,0.3433333333333333,0.39166666666666666,0.32075471698113206,0.2972972972972973,0.4,0.36666666666666664,0.43333333333333335,0.379,0.09333333333333334,0.016666666666666663,0.18867924528301885,0.08108108108108109,0.10000000000000003,0.08333333333333331,0.10000000000000003,0.09566666666666668,0.2791960074010431,0.2791960074010431,0.13589085064627957,3.810401704805067,0.07032586889018604,False,0,3,-0.024784354863353508,False,5,2240,0.3041420351269305,23,0.32857142857142857,1.3142857142857143,0.3,0.0,0.7986607142857143,0.0017857142857142857,0.014285714285714285,0.10401785714285715,0.026785714285714284,0.02857142857142857,0.025892857142857145,0.0,0.0,0.0,0.0,0.0,1,100,1,100,1,100,4,400,1,100,1,100,1,100,1,100,1,100,1,100
170,19.5,9.38452380952381,-11.25,6.516588917712163,19.5,0.25666666666666665,0.3416666666666667,0.24528301886792453,0.13513513513513514,0.25,0.26666666666666666,0.4166666666666667,0.2793333333333333,0.023333333333333352,0.00833333333333336,0.07547169811320756,-0.02702702702702703,0.033333333333333326,0.033333333333333326,-0.10000000000000003,0.009333333333333332,0.32173412090265135,0.32173412090265135,0.15134191274260533,3.615287387984163,0.07310982270581144,False,0,3,-0.018779655001788964,False,5,2240,0.36109427665066257,31,0.44285714285714284,1.4857142857142858,0.42857142857142855,0.0,0.7392857142857143,0.014285714285714285,0.0,0.16651785714285713,0.0,0.0,0.008035714285714285,0.014285714285714285,0.014732142857142857,0.014285714285714285,0.014285714285714285,0.014285714285714285,1,100,1,100,1,100,1,100,1,100,1,100,1,100,1,100,1,100,1,100
171,21.75,9.716666666666667,-7.5,5.398530076245477,21.75,0.32,0.4,0.32075471698113206,0.1891891891891892,0.43333333333333335,0.4,0.26666666666666666,0.3596666666666667,0.05999999999999999,0.016666666666666663,0.1132075471698113,0.05405405405405406,0.10000000000000003,0.06666666666666671,0.033333333333333326,0.07066666666666668,0.2925703722165016,0.2925703722165016,0.15322144441796703,3.8425876068235927,0.10107426621747377,False,0,3,-0.021541576698131115,False,5,2240,0.26740914649110925,18,0.2571428571428571,1.2571428571428571,0.21428571428571427,0.0,0.85,0.0008928571428571428,0.014285714285714285,0.05223214285714286,0.016517857142857143,0.014285714285714285,0.03705357142857143,0.0026785714285714286,0.003125,0.008928571428571428,0.0,0.0,1,100,1,100,1,100,1,100,1,100,1,100,1,100,1,100,1,100,1,100
172,19.75,9.939285714285715,-11.0,5.233892930131608,17.833333333333332,0.32,0.4,0.3018867924528302,0.21621621621621623,0.38333333333333336,0.26666666666666666,0.38333333333333336,0.3463333333333333,0.010000000000000005,-0.008333333333333304,0.05660377358490565,-0.02702702702702703,0.03333333333333338,0.033333333333333326,-0.06666666666666665,0.009000000000000022,0.2884873674823895,0.2884873674823895,0.14432110587149907,3.857623380475267,0.10347016809753985,False,0,3,-0.052209764479802634,False,5,2240,0.24109849131164277,15,0.21428571428571427,1.3428571428571427,0.3142857142857143,0.0,0.8611607142857143,0.014285714285714285,0.014285714285714285,0.06875,0.0013392857142857143,0.0,0.0013392857142857143,0.0,0.0,0.014285714285714285,0.017410714285714286,0.007142857142857143,1,100,1,100,1,100,1,100,1,100,1,100,1,100,1,100,1,100,1,100
173,23.5,9.192857142857143,-11.5,7.419469011200416,17.75,0.22,0.23333333333333334,0.18867924528301888,0.24324324324324326,0.38333333333333336,0.3333333333333333,0.3,0.3005,0.05,-0.008333333333333331,0.07547169811320756,0.10810810810810811,0.03333333333333338,-0.011111111111111072,0.0,0.030555555555555582,0.2478978576861125,0.2478978576861125,0.13637611596813676,4.038881583310196,0.0628221468709168,False,0,3,-0.09580678001426868,False,5,2240,0.3359694610396462,28,0.4,1.7,0.4857142857142857,0.0,0.8053571428571429,0.0035714285714285713,0.0,0.05848214285714286,0.014285714285714285,0.014285714285714285,0.048214285714285716,0.0125,0.00625,0.021875,0.015178571428571428,0.0,1,100,1,100,1,100,1,100,1,100,1,100,1,100,1,100,1,100,1,100
174,22.0,10.407142857142857,-10.0,5.6886747497253936,17.0,0.2733333333333333,0.25,0.22641509433962265,0.3783783783783784,0.36666666666666664,0.23333333333333334,0.3333333333333333,0.311,0.013333333333333336,-0.016666666666666663,-0.018867924528301883,0.10810810810810811,0.1333333333333333,0.016666666666666663,-0.16666666666666669,0.028666666666666656,0.2400225106559426,0.2400225106559426,0.13846037388530716,4.293249280919723,0.07163894190443502,False,0,3,-0.10746635000657073,False,5,2240,0.25778205492351464,22,0.3142857142857143,1.5,0.38571428571428573,0.0,0.8517857142857143,0.014285714285714285,0.01607142857142857,0.038839285714285715,0.0,0.0,0.04776785714285714,0.0,0.0035714285714285713,0.0017857142857142857,0.0,0.025892857142857145,1,100,1,100,1,100,4,400,7,1900,1,100,1,100,1,100,7,2000,1,100
175,22.75,9.640476190476189,-10.75,7.225458502191637,19.0,0.32777777777777783,0.4361111111111111,0.2641509433962264,0.24324324324324326,0.21666666666666667,0.25,0.4166666666666667,0.2944444444444445,0.006666666666666665,0.0,0.018867924528301883,0.0,0.033333333333333354,0.033333333333333326,0.06666666666666671,0.02766666666666668,0.297290577661763,0.297290577661763,0.09763475968836333,3.371119772138819,0.009268647808435703,False,1,3,-0.017161405556903764,False,5,2240,0.44721056251615426,45,0.6428571428571429,1.9,0.6428571428571429,0.0,0.6950892857142857,0.0,0.024107142857142858,0.096875,0.008482142857142856,0.0,0.10446428571428572,0.014285714285714285,0.015625,0.013839285714285714,0.012946428571428572,0.014285714285714285,1,100,1,100,1,100,1,100,1,100,1,100,1,100,1,100,1,100,1,100
176,21.5,9.467857142857143,-7.5,5.678004988220643,21.5,0.27777777777777773,0.36111111111111105,0.22641509433962265,0.21621621621621623,0.36666666666666664,0.35,0.3444444444444444,0.3261111111111111,0.016666666666666653,0.024999999999999967,0.018867924528301883,0.0,0.0,0.06666666666666665,-5.551115123125783e-17,0.013333333333333319,0.2663365370998298,0.2663365370998298,0.1053869138927937,3.378935648236203,0.007031938313952599,False,1,3,-0.02388046105671099,False,5,2240,0.42437634092702686,42,0.6,2.0142857142857142,0.7714285714285715,0.0,0.7058035714285714,0.02857142857142857,0.03214285714285714,0.05625,0.014285714285714285,0.029464285714285714,0.125,0.007142857142857143,0.0,0.0013392857142857143,0.0,0.0,1,100,1,100,1,100,1,100,1,100,1,100,1,100,1,100,1,100,1,100
177,20.25,9.428571428571429,-11.5,6.9867545562317375,20.25,0.26,0.3333333333333333,0.20754716981132076,0.21621621621621623,0.35,0.22222222222222224,0.25,0.28622222222222216,0.04000000000000001,0.016666666666666663,0.056603773584905676,0.05405405405405406,0.0,0.05555555555555558,0.04999999999999999,0.029055555555555557,0.28128716401929016,0.28128716401929016,0.1266315367318181,3.615067491887346,0.04781029397940154,False,1,3,-0.007484829537711679,False,5,2240,0.4054534777007596,45,0.6428571428571429,2.057142857142857,0.7285714285714285,0.0,0.7116071428571429,0.034375,0.017857142857142856,0.033928571428571426,0.0,0.0,0.15848214285714285,0.009821428571428571,0.014285714285714285,0.004464285714285714,0.004910714285714286,0.010267857142857143,1,100,1,100,1,100,1,100,1,100,1,100,1,100,1,100,1,100,1,100
178,22.0,10.227380952380953,-7.5,6.039320914543583,22.0,0.30333333333333334,0.375,0.24528301886792453,0.2702702702702703,0.35,0.4,0.3333333333333333,0.3338333333333333,0.013333333333333332,-0.016666666666666663,0.037735849056603765,0.02702702702702703,0.033333333333333326,0.06666666666666671,0.0,0.02366666666666667,0.35922454713306745,0.35922454713306745,0.13586445218362106,3.494878989738668,0.04108132766959691,True,3,3,0.031657015772519725,False,5,2240,0.3587290932096434,34,0.4857142857142857,1.6285714285714286,0.5571428571428572,0.0,0.7616071428571428,0.0,0.020535714285714286,0.016517857142857143,0.007142857142857143,0.027232142857142858,0.12767857142857142,0.014285714285714285,0.008482142857142856,0.016517857142857143,0.0,0.0,1,100,1,100,1,100,1,100,1,100,1,100,1,100,1,100,1,100,1,100
179,20.0,10.627380952380951,-8.833333333333334,5.656638911536621,17.75,0.3333333333333333,0.48333333333333334,0.24528301886792453,0.21621621621621623,0.45,0.4,0.5333333333333333,0.4108333333333334,0.030000000000000016,0.00833333333333336,0.07547169811320756,0.0,0.04999999999999999,0.13333333333333336,0.1333333333333333,0.06283333333333332,0.3485405421358816,0.3485405421358816,0.18541544147921754,3.633926305840309,0.056093180561112156,True,2,3,0.006255093561204239,False,5,2240,0.3291383588123067,31,0.44285714285714284,1.6428571428571428,0.5,0.0,0.7995535714285714,0.015178571428571428,0.02142857142857143,0.025892857142857145,0.0004464285714285714,0.0,0.08169642857142857,0.0,0.0,0.01607142857142857,0.009821428571428571,0.029910714285714287,1,100,1,100,1,100,1,100,1,100,1,100,1,100,1,100,1,100,1,100
180,24.5,10.232142857142858,-11.5,7.191180291133844,20.5,0.30333333333333334,0.475,0.20754716981132076,0.16216216216216217,0.36666666666666664,0.3277777777777777,0.4666666666666667,0.35244444444444445,0.05333333333333334,0.033333333333333326,0.09433962264150944,0.02702702702702703,0.11666666666666664,0.11666666666666659,0.16666666666666669,0.09883333333333331,0.2669618472681022,0.2669618472681022,0.12891190966005192,3.8667138341061578,0.05621331269552898,False,0,3,-0.015226155939307984,True,6,2240,0.35227168135432474,32,0.45714285714285713,1.5142857142857142,0.4142857142857143,0.0,0.8035714285714286,0.012946428571428572,0.0035714285714285713,0.03571428571428571,0.0008928571428571428,0.014285714285714285,0.05758928571428571,0.014285714285714285,0.008928571428571428,0.020535714285714286,0.013392857142857142,0.014285714285714285,1,100,1,100,1,100,1,100,1,100,1,100,1,100,1,100,1,100,1,100
181,22.0,10.861904761904762,-8.0,6.371172765168758,21.5,0.31333333333333335,0.36666666666666664,0.24528301886792453,0.32432432432432434,0.48333333333333334,0.43333333333333335,0.31666666666666665,0.3853333333333333,0.039999999999999994,0.016666666666666663,0.037735849056603765,0.08108108108108109,0.09999999999999998,0.16666666666666669,-0.04999999999999999,0.06016666666666666,0.34854318380398747,0.34854318380398747,0.16126585820691586,3.678560677112369,0.052144050708367855,False,1,3,-0.0035281390486642805,False,6,2240,0.4420791200221439,38,0.5428571428571428,1.8857142857142857,0.5857142857142857,0.0,0.6892857142857143,0.022321428571428572,0.029017857142857144,0.009821428571428571,0.026785714285714284,0.0017857142857142857,0.1575892857142857,0.009821428571428571,0.020982142857142855,0.03080357142857143,0.0,0.0017857142857142857,1,100,1,100,1,100,1,100,1,100,1,100,1,100,1,100,1,100,1,100
182,21.5,10.792857142857143,-11.0,6.707290555704253,21.0,0.3,0.36666666666666664,0.24528301886792453,0.2702702702702703,0.13333333333333333,0.4,0.36666666666666664,0.26166666666666666,0.07444444444444442,0.03611111111111104,0.07547169811320756,0.13513513513513514,0.06666666666666667,0.23333333333333336,0.09999999999999998,0.09144444444444444,0.27478818680030714,0.27478818680030714,0.1581393255839544,4.269153824515992,0.12300382805036149,False,0,3,-0.027690390182273872,False,6,2240,0.3092794474999191,21,0.3,1.4857142857142858,0.3142857142857143,0.0,0.8183035714285715,0.06785714285714285,0.0,0.016517857142857143,0.002232142857142857,0.0,0.020535714285714286,0.0,0.026785714285714284,0.017410714285714286,0.026339285714285714,0.0040178571428571425,1,100,1,100,4,400,4,400,4,400,4,600,1,100,1,100,4,500,1,100
183,22.5,10.501190476190475,-8.0,6.254101715299018,18.5,0.37,0.4583333333333333,0.3018867924528302,0.32432432432432434,0.3333333333333333,0.36666666666666664,0.23333333333333334,0.3363333333333333,0.07111111111111111,0.07777777777777778,0.05660377358490565,0.08108108108108109,0.09999999999999998,0.05555555555555558,-0.04999999999999999,0.0615,0.3281449392804995,0.3281449392804995,0.18349944263839366,4.049466492353009,0.08291748011825928,False,1,3,-0.006317479438105678,False,6,2240,0.3397709402567155,29,0.4142857142857143,1.6428571428571428,0.5285714285714286,0.0,0.7852678571428572,0.017857142857142856,0.015625,0.10848214285714286,0.0017857142857142857,0.004464285714285714,0.026785714285714284,0.014285714285714285,0.014732142857142857,0.010714285714285714,0.0,0.0,1,100,1,100,1,100,1,100,1,100,1,100,1,100,1,100,1,100,1,100
184,22.25,10.941666666666666,-8.25,6.45102658866161,22.25,0.33,0.425,0.32075471698113206,0.1891891891891892,0.3,0.5333333333333333,0.3,0.3353333333333333,0.05999999999999999,0.033333333333333326,0.13207547169811318,0.0,0.033333333333333326,0.1333333333333333,0.033333333333333326,0.053999999999999986,0.3335850205394249,0.3335850205394249,0.13898666704560939,3.5451840750773003,0.053086925819773374,False,2,3,-0.0015657440139801304,False,6,2240,0.2556963470059547,24,0.34285714285714286,1.6571428571428573,0.5285714285714286,0.0,0.85,0.014732142857142857,0.026785714285714284,0.059375,0.0,0.0,0.0,0.0,0.0,0.014285714285714285,0.004464285714285714,0.030357142857142857,1,100,1,100,1,100,1,100,1,100,1,100,1,100,1,100,1,100,1,100
185,21.0,10.126190476190475,-8.5,6.410676592717593,20.5,0.3433333333333333,0.4583333333333333,0.2830188679245283,0.24324324324324326,0.43333333333333335,0.4277777777777778,0.43333333333333335,0.39677777777777784,0.08,0.06666666666666665,0.1320754716981132,0.02702702702702703,0.10000000000000003,0.12777777777777782,0.0,0.07977777777777778,0.30218385791396396,0.30218385791396396,0.15941927754567534,3.7883670592367658,0.04126868570270922,False,1,3,-0.00682757036735826,False,6,2240,0.2291200034355528,16,0.22857142857142856,1.3571428571428572,0.32857142857142857,0.0,0.8816964285714286,0.005803571428571429,0.004910714285714286,0.010267857142857143,0.038392857142857145,0.022321428571428572,0.0013392857142857143,0.002232142857142857,0.016964285714285713,0.0017857142857142857,0.014285714285714285,0.0,1,100,1,100,1,100,1,100,1,100,1,100,1,100,1,100,1,100,1,100
186,19.0,10.484523809523811,-9.0,6.323885384836147,17.25,0.25666666666666665,0.275,0.2830188679245283,0.1891891891891892,0.38333333333333336,0.35,0.3333333333333333,0.3218333333333333,0.030000000000000006,-0.008333333333333304,0.05660377358490565,0.05405405405405406,0.18333333333333335,0.06666666666666665,0.11666666666666664,0.10033333333333332,0.33421266873579114,0.33421266873579114,0.1767062625388143,3.6703783378842902,0.04925340993806473,False,2,3,0.0003946227054227869,False,6,2240,0.24958662642771748,22,0.3142857142857143,1.7,0.5142857142857142,0.0,0.878125,0.005803571428571429,0.008035714285714285,0.024553571428571428,0.00625,0.0017857142857142857,0.012053571428571429,0.015625,0.013392857142857142,0.01875,0.0125,0.003125,1,100,1,100,1,100,1,100,1,100,1,100,1,100,1,100,1,100,1,100
187,22.0,10.304761904761905,-9.5,6.352366227583419,22.0,0.29333333333333333,0.3333333333333333,0.24528301886792453,0.2972972972972973,0.3333333333333333,0.2833333333333333,0.3777777777777777,0.31899999999999995,0.07,0.008333333333333304,0.169811320754717,0.02702702702702703,0.09999999999999998,0.0,0.09444444444444439,0.07716666666666666,0.34249523953188915,0.34249523953188915,0.20738650482896928,3.9457258356598235,0.11734187703453991,True,3,3,0.023314992262037926,False,6,2240,0.23578570850865416,21,0.3,1.5142857142857142,0.44285714285714284,0.0,0.8723214285714286,0.0,0.027232142857142858,0.03482142857142857,0.0,0.0,0.014732142857142857,0.0004464285714285714,0.0,0.021875,0.014285714285714285,0.014285714285714285,1,100,1,100,1,100,1,100,1,100,1,100,1,100,1,100,1,100,1,100
188,21.5,10.114285714285714,-11.5,6.181002824652918,21.5,0.26,0.3333333333333333,0.24528301886792453,0.16216216216216217,0.31666666666666665,0.4666666666666667,0.3333333333333333,0.3115,0.04,0.016666666666666663,0.1320754716981132,-0.05405405405405406,0.13333333333333333,0.10000000000000003,0.033333333333333326,0.07766666666666668,0.31408242295984884,0.31408242295984884,0.18789441926661465,3.861489088271066,0.07941677798109513,True,2,3,0.015790580212339145,False,6,2240,0.2318474235510749,18,0.2571428571428571,1.4428571428571428,0.37142857142857144,0.0,0.8816964285714286,0.024107142857142858,0.01830357142857143,0.017857142857142856,0.0026785714285714286,0.008928571428571428,0.014285714285714285,0.025892857142857145,0.0017857142857142857,0.004464285714285714,0.0,0.0,1,100,1,100,1,100,1,100,1,100,1,100,1,100,1,100,1,100,1,100
189,23.0,10.10952380952381,-13.5,6.755972414486765,18.5,0.31,0.35833333333333334,0.3018867924528302,0.24324324324324326,0.48333333333333334,0.3,0.3722222222222222,0.379,0.10333333333333333,0.05833333333333335,0.16981132075471697,0.08108108108108109,0.09999999999999998,0.0,0.0,0.07633333333333332,0.26847296644389207,0.26847296644389207,0.13592260531875278,4.011086516270125,0.07457286959487379,False,1,3,-0.01632492590576423,False,6,2240,0.20431490216225703,13,0.18571428571428572,1.3,0.2714285714285714,0.0,0.8973214285714286,0.0040178571428571425,0.014285714285714285,0.011607142857142858,0.0,0.0,0.01607142857142857,0.0,0.0004464285714285714,0.020535714285714286,0.013392857142857142,0.022321428571428572,1,100,1,100,1,100,1,100,1,100,1,100,1,100,1,100,1,100,1,100
190,24.75,10.040476190476191,-10.5,6.724669444539411,20.0,0.2633333333333333,0.2916666666666667,0.18867924528301888,0.32432432432432434,0.2833333333333333,0.4666666666666667,0.3333333333333333,0.3011666666666667,0.03666666666666669,-0.04166666666666663,0.07547169811320756,0.10810810810810811,0.0222222222222222,0.08333333333333331,-0.016666666666666663,0.028277777777777777,0.3559496317089564,0.3559496317089564,0.20877882788639587,3.8904853126896994,0.12183453465467751,True,3,3,0.031493566353965996,False,6,2240,0.2039896989664782,13,0.18571428571428572,1.2714285714285714,0.21428571428571427,0.0,0.8982142857142857,0.0013392857142857143,0.00625,0.017857142857142856,0.008035714285714285,0.0,0.01607142857142857,0.014285714285714285,0.012946428571428572,0.025,0.0,0.0,1,100,1,100,1,100,1,100,1,100,1,100,1,100,1,100,1,100,1,100
191,23.25,10.11190476190476,-11.0,6.365938716085905,20.75,0.2833333333333333,0.3416666666666667,0.22641509433962265,0.2702702702702703,0.3,0.23333333333333334,0.38333333333333336,0.29916666666666664,0.013333333333333345,-0.04999999999999999,0.07547169811320756,0.02702702702702703,0.06666666666666665,0.08333333333333334,0.01666666666666672,0.03950000000000001,0.3118780754178633,0.3118780754178633,0.13496083772578973,3.6583073721122923,0.05805096634041155,False,1,3,-0.014949667417021917,False,6,2240,0.2179567662612659,16,0.22857142857142856,1.3,0.24285714285714285,0.0,0.8888392857142857,0.0125,0.027678571428571427,0.023660714285714285,0.009821428571428571,0.0,0.002232142857142857,0.016517857142857143,0.0,0.004464285714285714,0.0,0.014285714285714285,1,100,1,100,1,100,1,100,1,100,1,100,1,100,1,100,1,100,1,100
192,21.25,10.313095238095238,-9.75,6.36282974188867,20.0,0.2966666666666667,0.35833333333333334,0.24528301886792453,0.2702702702702703,0.5333333333333333,0.21666666666666667,0.5,0.402,0.04333333333333334,0.00833333333333336,0.05660377358490565,0.08108108108108109,0.23333333333333334,0.033333333333333354,-0.033333333333333326,0.09733333333333334,0.31035688753926977,0.31035688753926977,0.12259402334432995,3.631086731247254,0.039387745137691034,False,1,3,-0.01328092263811187,False,6,2240,0.19860874487322122,10,0.14285714285714285,1.1428571428571428,0.12857142857142856,0.0,0.8986607142857143,0.023214285714285715,0.0026785714285714286,0.0,0.0,0.0,0.0017857142857142857,0.002232142857142857,0.013839285714285714,0.022321428571428572,0.012946428571428572,0.022321428571428572,1,100,1,100,1,100,1,100,1,100,1,100,1,100,1,100,1,100,1,100
193,18.5,10.210714285714285,-7.5,5.206675382373571,17.5,0.30666666666666664,0.43333333333333335,0.2641509433962264,0.16216216216216217,0.38333333333333336,0.4166666666666667,0.41111111111111115,0.36016666666666663,0.07333333333333333,0.13333333333333336,0.05660377358490565,0.0,0.0,0.0,0.0,0.029333333333333336,0.3154778127813984,0.3154778127813984,0.13202372181522315,3.6412373864902547,0.038598961259663944,False,1,3,-0.005045926159121417,False,6,2240,0.17788350766364822,8,0.11428571428571428,1.1142857142857143,0.07142857142857142,0.0,0.9138392857142857,0.014732142857142857,0.0013392857142857143,0.0125,0.014285714285714285,0.0004464285714285714,0.020089285714285716,0.0,0.006696428571428571,0.014285714285714285,0.0,0.0017857142857142857,1,100,1,100,1,100,1,100,1,100,1,100,1,100,1,100,1,100,1,100
194,23.5,10.525,-9.5,6.779013922533628,21.75,0.27,0.425,0.18867924528301888,0.13513513513513514,0.3,0.5166666666666667,0.35,0.3171666666666667,0.01666666666666666,-0.00833333333333336,0.07547169811320756,-0.02702702702702703,0.11666666666666667,0.20000000000000007,0.0,0.0675,0.32019369439288636,0.32019369439288636,0.1744339360709031,3.8694610778443113,0.09193635365268005,False,1,3,-0.025065021472207127,False,6,2240,0.19074424661853448,12,0.17142857142857143,1.2285714285714286,0.18571428571428572,0.0,0.9066964285714286,0.0013392857142857143,0.0125,0.0004464285714285714,0.0,0.013839285714285714,0.010714285714285714,0.007142857142857143,0.02544642857142857,0.017857142857142856,0.0017857142857142857,0.002232142857142857,1,100,1,100,1,100,1,100,1,100,1,100,1,100,1,100,1,100,1,100
195,23.5,9.976190476190474,-13.0,6.260295375295086,20.166666666666668,0.31666666666666665,0.475,0.20754716981132076,0.21621621621621623,0.3,0.26666666666666666,0.31666666666666665,0.30583333333333335,0.036666666666666646,0.09166666666666662,0.0,0.0,0.033333333333333326,0.033333333333333326,0.033333333333333326,0.03466666666666666,0.3158318813267951,0.3158318813267951,0.15009708585749276,3.6624813352484513,0.04079278463882749,True,2,3,0.006069533076964007,False,6,2240,0.24155116037128208,22,0.3142857142857143,1.4714285714285715,0.35714285714285715,0.0,0.8790178571428572,0.0040178571428571425,0.029464285714285714,0.019642857142857142,0.011160714285714286,0.014285714285714285,0.015625,0.012053571428571429,0.0013392857142857143,0.010267857142857143,0.0,0.003125,1,100,1,100,1,100,1,100,1,100,1,100,1,100,1,100,1,100,1,100
196,20.5,10.133333333333333,-11.0,5.937745817802021,18.5,0.36333333333333334,0.475,0.3018867924528302,0.2702702702702703,0.2388888888888889,0.35,0.4,0.3239444444444444,0.08999999999999998,0.09166666666666662,0.1132075471698113,0.05405405405405406,0.0,0.06666666666666665,0.0,0.042666666666666665,0.29962844786270226,0.29962844786270226,0.11737018842927509,3.441763788960961,0.019956363286570345,False,0,3,-0.004001635283649552,False,6,2240,0.23936544351886185,23,0.32857142857142857,1.5,0.38571428571428573,0.0,0.871875,0.033035714285714286,0.00625,0.024553571428571428,0.0,0.008928571428571428,0.0,0.0,0.002232142857142857,0.023214285714285715,0.0035714285714285713,0.026339285714285714,1,100,1,100,1,100,1,100,1,100,1,100,1,100,1,100,1,100,1,100
197,21.75,10.670238095238094,-10.0,5.929185878466444,21.75,0.31,0.39166666666666666,0.3018867924528302,0.1891891891891892,0.36666666666666664,0.36666666666666664,0.4,0.349,0.07,0.041666666666666685,0.1320754716981132,0.02702702702702703,0.033333333333333326,0.06666666666666665,0.06666666666666671,0.056333333333333346,0.3332292091003584,0.3332292091003584,0.14434398818281655,3.422963364982339,0.03616086556350606,False,1,3,-0.007793358154082497,False,6,2240,0.18782968375974723,12,0.17142857142857143,1.1142857142857143,0.08571428571428572,0.0,0.9066964285714286,0.0004464285714285714,0.023214285714285715,0.014732142857142857,0.009375,0.014285714285714285,0.0,0.0,0.014285714285714285,0.015178571428571428,0.0017857142857142857,0.0,1,100,1,100,1,100,1,100,1,100,1,100,1,100,1,100,1,100,1,100
198,22.0,10.4,-12.75,6.370981459861955,22.0,0.3333333333333333,0.35,0.39622641509433965,0.21621621621621623,0.23333333333333334,0.31666666666666665,0.36111111111111105,0.30083333333333334,0.08333333333333333,0.024999999999999967,0.15094339622641512,0.08108108108108109,0.06666666666666668,0.0,0.0,0.05666666666666667,0.33898492415193954,0.33898492415193954,0.1962365642331013,3.8866585011794594,0.15548075080215618,True,2,3,0.012070534603180139,False,6,2240,0.2107017856548089,12,0.17142857142857143,1.1428571428571428,0.12857142857142856,0.0,0.8950892857142857,0.00625,0.017410714285714286,0.014285714285714285,0.002232142857142857,0.023660714285714285,0.0,0.012053571428571429,0.0,0.014732142857142857,0.0,0.014285714285714285,1,100,1,100,1,100,1,100,1,100,1,100,1,100,1,100,1,100,1,100
199,21.5,10.122619047619049,-12.5,6.970085192092993,17.0,0.2966666666666667,0.375,0.2830188679245283,0.1891891891891892,0.36666666666666664,0.38333333333333336,0.38333333333333336,0.3428333333333333,0.039999999999999994,0.016666666666666663,0.05660377358490565,0.05405405405405406,0.16666666666666663,0.03333333333333338,0.03333333333333338,0.08266666666666665,0.31435178201464903,0.31435178201464903,0.15310339525403371,3.9300368776867587,0.14325835368328693,False,1,3,0.0016567874352305667,False,6,2240,0.22116871398242063,14,0.2,1.3285714285714285,0.21428571428571427,0.0,0.8928571428571429,0.004910714285714286,0.020089285714285716,0.008035714285714285,0.0,0.0,0.014285714285714285,0.00625,0.014285714285714285,0.015625,0.013839285714285714,0.009821428571428571,1,100,1,100,1,100,1,100,1,100,1,100,1,100,1,100,1,100,1,100
200,19.75,10.764285714285714,-9.5,5.837209110874959,18.0,0.30333333333333334,0.4083333333333333,0.2830188679245283,0.16216216216216217,0.4166666666666667,0.23333333333333334,0.38333333333333336,0.348,0.039999999999999994,0.033333333333333326,0.018867924528301883,0.08108108108108109,0.06666666666666671,0.0,0.06666666666666671,0.049333333333333354,0.280949370578546,0.280949370578546,0.12697115808543555,3.5997528491756903,0.03237504545490982,False,2,3,0.0029743543216597668,False,6,2240,0.24743111114759445,19,0.2714285714285714,1.2,0.2,0.0,0.8683035714285714,0.014285714285714285,0.03169642857142857,0.026785714285714284,0.025,0.015178571428571428,0.013392857142857142,0.0017857142857142857,0.0,0.0,0.0035714285714285713,0.0,1,100,1,100,1,100,1,100,1,100,1,100,1,100,1,100,1,100,1,100
201,20.0,10.223809523809525,-9.75,5.687628297125129,20.0,0.2966666666666667,0.3416666666666667,0.2830188679245283,0.24324324324324326,0.43333333333333335,0.43333333333333335,0.26666666666666666,0.3536666666666667,0.05,0.041666666666666685,0.07547169811320753,0.02702702702702703,0.06666666666666671,0.0,0.016666666666666663,0.04583333333333335,0.29642338785979216,0.29642338785979216,0.14050387724004346,3.8172600399784584,0.06464508004800913,True,3,3,0.023032594905114945,False,6,2240,0.17136042123946488,7,0.1,1.042857142857143,0.02857142857142857,0.0,0.9142857142857143,0.014285714285714285,0.020982142857142855,0.0,0.007142857142857143,0.0,0.0,0.0,0.014285714285714285,0.020982142857142855,0.008035714285714285,0.0,1,100,1,100,1,100,1,100,1,100,1,100,1,100,1,100,1,100,1,100
202,20.0,10.64107142857143,-13.083333333333332,6.666745880694352,19.5,0.28,0.3333333333333333,0.18867924528301888,0.32432432432432434,0.31666666666666665,0.36666666666666664,0.35,0.312,0.049999999999999996,-0.00833333333333336,0.07547169811320756,0.10810810810810811,0.0,0.033333333333333326,0.06666666666666665,0.03333333333333333,0.3247369870214542,0.3247369870214542,0.14661684298434893,3.8353172807360814,0.06168240372121766,False,2,3,-0.0012650310915227059,False,6,2240,0.19723730255453534,8,0.11428571428571428,1.0714285714285714,0.05714285714285714,0.0,0.9,0.011160714285714286,0.0,0.0017857142857142857,0.014285714285714285,0.0017857142857142857,0.0,0.028125,0.0035714285714285713,0.02544642857142857,0.0125,0.0013392857142857143,1,100,1,100,1,100,1,100,1,100,1,100,1,100,1,100,1,100,1,100
203,19.333333333333336,10.475000000000001,-9.5,5.714214905315251,19.333333333333336,0.2633333333333333,0.35833333333333334,0.20754716981132076,0.1891891891891892,0.31111111111111106,0.38333333333333336,0.23333333333333334,0.28755555555555556,0.01333333333333334,-0.08333333333333331,0.09433962264150944,0.05405405405405406,0.09999999999999995,0.0,0.05000000000000002,0.04783333333333332,0.32674302119868814,0.32674302119868814,0.17682293924989256,3.8569069783033423,0.06058514588202202,False,1,3,-0.016589129153157745,False,6,2240,0.18268946883213624,8,0.11428571428571428,1.0571428571428572,0.04285714285714286,0.0,0.9089285714285714,0.0013392857142857143,0.027232142857142858,0.014285714285714285,0.013392857142857142,0.0,0.0,0.0013392857142857143,0.0,0.004910714285714286,0.014285714285714285,0.014285714285714285,1,100,1,100,1,100,1,100,1,100,1,100,1,100,1,100,1,100,1,100
204,19.0,10.40952380952381,-11.5,6.424604596213458,19.0,0.3333333333333333,0.4,0.39622641509433965,0.13513513513513514,0.25,0.31666666666666665,0.38333333333333336,0.31,0.06666666666666668,-0.016666666666666663,0.169811320754717,0.05405405405405406,0.06666666666666668,0.06666666666666665,0.0,0.05666666666666668,0.34805944882779166,0.34805944882779166,0.16071283865274197,3.743821302265859,0.05909914380803927,True,2,3,0.02234951418812614,False,6,2240,0.1883947803192695,8,0.11428571428571428,1.0714285714285714,0.05714285714285714,0.0,0.9089285714285714,0.0,0.0,0.0125,0.0,0.014285714285714285,0.015178571428571428,0.006696428571428571,0.014732142857142857,0.0008928571428571428,0.014285714285714285,0.0125,1,100,1,100,1,100,1,100,1,100,1,100,1,100,1,100,1,100,1,100
205,21.5,10.170238095238094,-12.0,6.748257207615612,19.5,0.32888888888888884,0.4222222222222222,0.3018867924528302,0.21621621621621623,0.38888888888888895,0.36666666666666664,0.4166666666666667,0.36683333333333334,0.046666666666666655,0.0,0.1132075471698113,0.02702702702702703,0.13333333333333336,0.06666666666666665,-0.016666666666666663,0.0695,0.34219704682153274,0.34219704682153274,0.1536708619999869,3.6416498510827924,0.04219232218294335,False,0,3,-0.014167812604072683,False,6,2240,0.20585750971585798,10,0.14285714285714285,1.0857142857142856,0.08571428571428572,0.0,0.8973214285714286,0.014285714285714285,0.014285714285714285,0.0,0.0,0.020089285714285716,0.008482142857142856,0.0,0.014285714285714285,0.017410714285714286,0.013839285714285714,0.0,1,100,1,100,1,100,1,100,1,100,1,100,1,100,1,100,1,100,1,100
206,21.0,10.925,-12.0,6.085064169947672,20.75,0.26,0.3333333333333333,0.18867924528301888,0.24324324324324326,0.35,0.23333333333333334,0.2888888888888889,0.29316666666666663,0.05333333333333334,-0.016666666666666663,0.056603773584905676,0.16216216216216217,0.06666666666666665,0.033333333333333326,0.033333333333333326,0.05299999999999999,0.2883223573541733,0.2883223573541733,0.1500828481773219,3.817249801237248,0.05897872017921076,True,3,3,0.014543020567116982,False,6,2240,0.17199241374554083,9,0.12857142857142856,1.0857142857142856,0.08571428571428572,0.0,0.9125,0.014285714285714285,0.0,0.0,0.0,0.0,0.0,0.014285714285714285,0.026785714285714284,0.004464285714285714,0.007142857142857143,0.020535714285714286,1,100,1,100,1,100,1,100,1,100,1,100,1,100,1,100,1,100,1,100
207,20.5,10.504761904761905,-7.5,6.177225286882288,18.75,0.31333333333333335,0.48333333333333334,0.2641509433962264,0.10810810810810811,0.4166666666666667,0.31666666666666665,0.35,0.35533333333333333,0.06,0.08333333333333331,0.11320754716981132,-0.05405405405405406,0.0,0.016666666666666663,0.033333333333333326,0.030666666666666665,0.3398407213806536,0.3398407213806536,0.19259547717270822,3.604821827684536,0.04965687464064205,False,1,3,-0.010591340138270289,False,6,2240,0.1958863395707796,8,0.11428571428571428,1.0714285714285714,0.05714285714285714,0.0,0.8991071428571429,0.0,0.03616071428571429,0.014285714285714285,0.0,0.004464285714285714,0.014285714285714285,0.0008928571428571428,0.0,0.015178571428571428,0.013392857142857142,0.002232142857142857,1,100,1,100,1,100,1,100,1,100,1,100,1,100,1,100,1,100,1,100
208,21.583333333333336,10.805952380952382,-8.5,6.322903715426784,18.0,0.28,0.3333333333333333,0.18867924528301888,0.32432432432432434,0.31666666666666665,0.5888888888888888,0.4166666666666667,0.3442222222222222,0.06666666666666667,0.016666666666666663,0.09433962264150944,0.10810810810810811,0.04999999999999999,0.1333333333333332,0.0,0.05749999999999998,0.3183635892387065,0.3183635892387065,0.16838631973001786,3.912058340420291,0.06410126078620415,False,2,3,0.0033119777239970505,False,6,2240,0.18314078089626804,9,0.12857142857142856,1.1142857142857143,0.1,0.0,0.9120535714285715,0.013839285714285714,0.003125,0.014285714285714285,0.012053571428571429,0.0008928571428571428,0.013839285714285714,0.0,0.0,0.0008928571428571428,0.015178571428571428,0.013839285714285714,1,100,1,100,1,100,1,100,1,100,1,100,1,100,1,100,1,100,1,100
209,25.75,10.545238095238094,-10.333333333333334,6.366169354085545,20.5,0.27666666666666667,0.30833333333333335,0.3018867924528302,0.1891891891891892,0.4,0.2833333333333333,0.26666666666666666,0.31899999999999995,0.08666666666666667,0.08333333333333334,0.09433962264150941,0.08108108108108109,0.08333333333333337,0.033333333333333326,0.033333333333333326,0.07216666666666668,0.2868473804490326,0.2868473804490326,0.1536397996267414,3.7943287575998057,0.04120105899919766,False,1,3,-0.014167867259274769,False,6,2240,0.20307178327714978,10,0.14285714285714285,1.2,0.2,0.0,0.8941964285714286,0.029464285714285714,0.0,0.0,0.010714285714285714,0.014285714285714285,0.0,0.014285714285714285,0.007142857142857143,0.028125,0.0017857142857142857,0.0,1,100,1,100,1,100,1,100,1,100,1,100,1,100,1,100,1,100,1,100
210,24.0,10.380952380952381,-8.5,6.000472392590467,20.0,0.28,0.36666666666666664,0.3018867924528302,0.10810810810810811,0.38333333333333336,0.16666666666666666,0.21666666666666667,0.29533333333333334,0.03333333333333332,0.033333333333333326,0.07547169811320753,-0.02702702702702703,0.0,0.0,0.0,0.013333333333333329,0.28600554762447844,0.28600554762447844,0.12685114133422334,3.3502742780229973,0.006396844864487892,False,0,3,-0.012616497563471052,False,6,2240,0.18290319949287676,9,0.12857142857142856,1.1428571428571428,0.14285714285714285,0.0,0.9098214285714286,0.011160714285714286,0.013392857142857142,0.014285714285714285,0.0,0.015178571428571428,0.0017857142857142857,0.0,0.0,0.016517857142857143,0.0,0.017857142857142856,1,100,1,100,1,100,1,100,1,100,1,100,1,100,1,100,1,100,1,100
211,21.333333333333336,10.446428571428571,-12.0,6.61260874298148,18.0,0.28,0.35,0.20754716981132076,0.2702702702702703,0.5,0.24444444444444444,0.4,0.37144444444444447,0.03,-0.041666666666666685,0.056603773584905676,0.10810810810810811,0.2,0.0,0.08333333333333337,0.0945,0.338253018120993,0.338253018120993,0.18566142632588056,3.9611266878437354,0.08923336240990092,True,2,3,0.005445243139132472,False,6,2240,0.22117304559940892,13,0.18571428571428572,1.3142857142857143,0.24285714285714285,0.0,0.8821428571428571,0.01830357142857143,0.0,0.0,0.0,0.0,0.02857142857142857,0.014285714285714285,0.014285714285714285,0.029017857142857144,0.0,0.013392857142857142,1,100,1,100,1,100,1,100,1,100,1,100,1,100,1,100,1,100,1,100
212,22.5,10.43452380952381,-7.833333333333334,6.277793643248469,22.5,0.23333333333333334,0.31666666666666665,0.24528301886792453,0.08108108108108109,0.4166666666666667,0.43333333333333335,0.21666666666666667,0.31500000000000006,-0.019999999999999997,-0.04999999999999999,0.037735849056603765,-0.05405405405405406,0.10000000000000003,0.06666666666666671,0.033333333333333354,0.03866666666666668,0.335405925401236,0.335405925401236,0.2138149889827258,3.946481844634936,0.09250863005642602,False,1,3,-0.0027151611344671256,False,6,2240,0.20075155018910626,11,0.15714285714285714,1.2857142857142858,0.2714285714285714,0.0,0.8995535714285714,0.0125,0.0040178571428571425,0.024107142857142858,0.0,0.01607142857142857,0.022767857142857142,0.010267857142857143,0.0,0.008928571428571428,0.0017857142857142857,0.0,1,100,1,100,1,100,1,100,1,100,1,100,1,100,1,100,1,100,1,100
213,28.0,10.192857142857143,-9.75,6.218420901113189,17.5,0.2633333333333333,0.30833333333333335,0.2641509433962264,0.1891891891891892,0.3,0.36111111111111105,0.31666666666666665,0.2939444444444444,0.023333333333333345,-0.04166666666666663,0.018867924528301883,0.13513513513513514,0.12222222222222223,0.0444444444444444,0.0,0.05655555555555555,0.30496609919992074,0.30496609919992074,0.16470512789681682,4.2056936692514935,0.10536072797814373,False,1,3,-0.014753764953966964,False,6,2240,0.21336011964746393,13,0.18571428571428572,1.3571428571428572,0.32857142857142857,0.0,0.8915178571428571,0.014285714285714285,0.014285714285714285,0.010267857142857143,0.0,0.008928571428571428,0.0,0.0,0.014285714285714285,0.028125,0.01830357142857143,0.0,1,100,1,100,1,100,1,100,1,100,1,100,1,100,1,100,1,100,1,100
214,20.666666666666664,9.608333333333334,-10.0,6.791675430902905,19.5,0.2733333333333333,0.36666666666666664,0.24528301886792453,0.16216216216216217,0.25,0.31666666666666665,0.38333333333333336,0.28600000000000003,0.04999999999999999,0.008333333333333304,0.11320754716981132,0.02702702702702703,0.0,0.06666666666666665,0.055555555555555636,0.03500000000000001,0.3219236712166515,0.3219236712166515,0.1503202491208407,3.52057362092172,0.014059066970112348,True,2,3,0.02858470718293238,False,6,2240,0.21999808398553358,12,0.17142857142857143,1.3,0.2714285714285714,0.0,0.8870535714285714,0.0008928571428571428,0.002232142857142857,0.015178571428571428,0.014285714285714285,0.02544642857142857,0.0125,0.0,0.015178571428571428,0.026339285714285714,0.0008928571428571428,0.0,1,100,1,100,1,100,1,100,1,100,1,100,1,100,1,100,1,100,1,100
215,22.25,10.25,-7.0,5.6440022948933946,22.25,0.24666666666666667,0.36666666666666664,0.1320754716981132,0.21621621621621623,0.4,0.36666666666666664,0.25,0.31283333333333335,0.02,0.016666666666666663,-0.018867924528301883,0.08108108108108109,0.06666666666666671,0.16666666666666663,-0.033333333333333326,0.04300000000000001,0.2879216011205045,0.2879216011205045,0.16778964888769377,4.143150245693351,0.09996877366114794,False,2,3,-0.008718033083158216,False,6,2240,0.19445981870740361,10,0.14285714285714285,1.1714285714285715,0.17142857142857143,0.0,0.9071428571428571,0.016517857142857143,0.010267857142857143,0.014285714285714285,0.0008928571428571428,0.0,0.013392857142857142,0.0040178571428571425,0.0,0.00625,0.014285714285714285,0.012946428571428572,1,100,1,100,1,100,1,100,1,100,1,100,1,100,1,100,1,100,1,100
216,22.75,9.847619047619048,-10.5,6.555849372715364,18.0,0.25333333333333335,0.23333333333333334,0.22641509433962265,0.32432432432432434,0.4666666666666667,0.31666666666666665,0.38333333333333336,0.35383333333333333,0.020000000000000004,-0.08333333333333331,0.037735849056603765,0.16216216216216217,0.15000000000000002,0.09999999999999998,0.0,0.07050000000000001,0.27476804332189947,0.27476804332189947,0.16706707067792126,4.507020606468699,0.18287732676304927,False,0,3,-0.04874682908735284,False,6,2240,0.2180026964129852,10,0.14285714285714285,1.3,0.2857142857142857,0.0,0.8861607142857143,0.0,0.0,0.0013392857142857143,0.012946428571428572,0.014285714285714285,0.0013392857142857143,0.011607142857142858,0.014285714285714285,0.04107142857142857,0.015625,0.0013392857142857143,1,100,1,100,1,100,1,100,1,100,1,100,1,100,1,100,1,100,1,100
217,20.75,10.190476190476192,-11.0,6.780986239214561,20.75,0.19666666666666666,0.25833333333333336,0.22641509433962265,0.05405405405405406,0.38333333333333336,0.43333333333333335,0.4,0.31616666666666665,0.006666666666666672,-0.016666666666666663,0.056603773584905676,-0.02702702702702703,0.15555555555555559,0.07222222222222224,-0.04999999999999999,0.056833333333333354,0.30365543101456816,0.30365543101456816,0.1831464854154415,4.045182143926823,0.10462474102543362,False,1,3,-0.012387328300682288,False,6,2240,0.2163439734353847,11,0.15714285714285714,1.1857142857142857,0.18571428571428572,0.0,0.8910714285714286,0.004464285714285714,0.025892857142857145,0.014285714285714285,0.014285714285714285,0.014285714285714285,0.0,0.005803571428571429,0.022767857142857142,0.007142857142857143,0.0,0.0,1,100,1,100,1,100,1,100,1,100,1,100,1,100,1,100,1,100,1,100
218,19.0,9.885714285714286,-11.0,5.801275369982651,16.5,0.3433333333333333,0.49166666666666664,0.3018867924528302,0.16216216216216217,0.38333333333333336,0.4111111111111111,0.26666666666666666,0.35261111111111104,0.01999999999999997,-0.03333333333333338,0.1132075471698113,-0.02702702702702703,0.06666666666666671,0.0,-0.033333333333333326,0.026333333333333334,0.3079545241997446,0.3079545241997446,0.18501520143356953,4.005311192146557,0.09992107788803554,True,2,3,0.017716975687179837,False,6,2240,0.18534875199492395,11,0.15714285714285714,1.1285714285714286,0.12857142857142856,0.0,0.909375,0.014285714285714285,0.0008928571428571428,0.0,0.0017857142857142857,0.0004464285714285714,0.0,0.009821428571428571,0.0125,0.017857142857142856,0.01875,0.014285714285714285,1,100,1,100,1,100,1,100,1,100,1,100,1,100,1,100,1,100,1,100
219,20.0,8.951190476190476,-15.25,7.038492421455992,17.75,0.2733333333333333,0.36666666666666664,0.2830188679245283,0.10810810810810811,0.35,0.26666666666666666,0.43333333333333335,0.3235,0.05666666666666664,0.05833333333333329,0.09433962264150941,0.0,0.04999999999999999,0.05555555555555555,-0.016666666666666663,0.04322222222222221,0.2877462854502751,0.2877462854502751,0.17566489875305977,3.8754836438841926,0.04772863910732752,False,0,3,-0.013828446308065345,False,6,2240,0.21665542128267315,11,0.15714285714285714,1.1714285714285715,0.15714285714285714,0.0,0.8946428571428572,0.0,0.008482142857142856,0.014285714285714285,0.014285714285714285,0.014732142857142857,0.020982142857142855,0.00625,0.0017857142857142857,0.012053571428571429,0.0125,0.0,1,100,1,100,1,100,1,100,1,100,1,100,1,100,1,100,1,100,1,100
220,17.5,9.316666666666668,-7.5,5.289469922732529,16.5,0.23666666666666666,0.275,0.2830188679245283,0.10810810810810811,0.43333333333333335,0.36666666666666664,0.38333333333333336,0.3405,-0.009999999999999988,-0.05833333333333329,0.05660377358490565,-0.02702702702702703,0.06666666666666671,0.0,-0.016666666666666663,0.01683333333333335,0.31329500546187655,0.31329500546187655,0.13080928322252902,3.637432254876884,0.04786349170953456,True,3,3,0.010533363114345717,False,6,2240,0.20025242865786844,12,0.17142857142857143,1.3,0.2714285714285714,0.0,0.9008928571428572,0.016964285714285713,0.017857142857142856,0.0004464285714285714,0.0,0.016517857142857143,0.0,0.007589285714285714,0.0,0.008482142857142856,0.016964285714285713,0.014285714285714285,1,100,1,100,1,100,1,100,1,100,1,100,1,100,1,100,1,100,1,100
221,22.0,9.754761904761905,-8.0,6.444418738708604,20.25,0.3,0.45,0.24528301886792453,0.13513513513513514,0.16666666666666666,0.2833333333333333,0.5,0.2816666666666666,0.03999999999999999,0.04999999999999999,0.05660377358490565,0.0,0.033333333333333326,0.0,0.13333333333333336,0.04766666666666666,0.31434526589998774,0.31434526589998774,0.1163899291595706,3.5640583200156826,0.046396035967495454,False,1,3,0.0014667634428112697,False,6,2240,0.15333814770850565,11,0.15714285714285714,1.1285714285714286,0.1,0.0,0.9276785714285715,0.0,0.0008928571428571428,0.012053571428571429,0.014285714285714285,0.002232142857142857,0.016517857142857143,0.0017857142857142857,0.014285714285714285,0.0008928571428571428,0.009375,0.0,1,100,1,100,1,100,1,100,1,100,1,100,1,100,1,100,1,100,1,100
222,21.0,10.20357142857143,-10.5,5.739632401298955,17.0,0.2833333333333333,0.4083333333333333,0.22641509433962265,0.16216216216216217,0.45,0.26666666666666666,0.4,0.35750000000000004,0.029999999999999995,-0.00833333333333336,0.056603773584905676,0.05405405405405406,0.0,0.1,0.0,0.022,0.28291268867886715,0.28291268867886715,0.13322697430986877,3.5695901369950858,0.02530022102563766,False,2,3,0.000293698838176093,False,6,2240,0.17306720055837846,7,0.1,1.1,0.05714285714285714,0.0,0.9142857142857143,0.014285714285714285,0.012946428571428572,0.030357142857142857,0.005357142857142857,0.014732142857142857,0.0004464285714285714,0.0013392857142857143,0.0,0.0013392857142857143,0.004464285714285714,0.0004464285714285714,1,100,1,100,1,100,1,100,1,100,1,100,1,100,1,100,1,100,1,100
223,20.0,10.132142857142858,-10.75,6.3427482160316595,18.5,0.27666666666666667,0.3416666666666667,0.2641509433962264,0.1891891891891892,0.31666666666666665,0.26666666666666666,0.35,0.3006666666666667,0.0177777777777778,-0.12222222222222218,0.1509433962264151,0.05405405405405406,-0.06666666666666671,0.06666666666666665,0.033333333333333326,-0.004555555555555562,0.31423408507312983,0.31423408507312983,0.14235115020051173,3.6741254074545324,0.06811801734246002,False,1,3,-0.016692889018118107,False,6,2240,0.1663103305960153,8,0.11428571428571428,1.0857142857142856,0.07142857142857142,0.0,0.9129464285714286,0.0,0.0017857142857142857,0.0,0.0,0.0008928571428571428,0.014285714285714285,0.0013392857142857143,0.0,0.02857142857142857,0.013392857142857142,0.026785714285714284,1,100,1,100,1,100,1,100,1,100,1,100,1,100,1,100,1,100,1,100
224,20.0,9.985714285714286,-9.75,6.468911788538406,20.0,0.2633333333333333,0.3416666666666667,0.22641509433962265,0.1891891891891892,0.31666666666666665,0.43333333333333335,0.31666666666666665,0.307,0.013333333333333334,-0.016666666666666663,0.018867924528301883,0.05405405405405406,0.06666666666666665,0.13333333333333336,0.033333333333333326,0.04699999999999999,0.2678318791405871,0.2678318791405871,0.1181130437190606,3.8197311474167406,0.04875316909080707,True,3,3,0.013779942852520655,False,6,2240,0.1675221968279545,8,0.11428571428571428,1.0571428571428572,0.04285714285714286,0.0,0.9133928571428571,0.017857142857142856,0.0008928571428571428,0.008035714285714285,0.0,0.03080357142857143,0.014732142857142857,0.014285714285714285,0.0,0.0,0.0,0.0,1,100,1,100,1,100,1,100,1,100,1,100,1,100,1,100,1,100,1,100
225,19.25,9.960714285714285,-12.5,6.644721640540866,17.0,0.3333333333333333,0.43333333333333335,0.3018867924528302,0.21621621621621623,0.2388888888888889,0.35,0.3,0.2969444444444444,0.07333333333333333,0.033333333333333326,0.1509433962264151,0.02702702702702703,0.022222222222222227,0.005555555555555591,0.011111111111111127,0.039333333333333345,0.28440272309221154,0.28440272309221154,0.15889655519191626,3.7730381515173375,0.0661650412209535,False,1,3,-0.002799220835437599,False,6,2240,0.1671757949615026,6,0.08571428571428572,1.1142857142857143,0.1,0.0,0.9120535714285715,0.005357142857142857,0.007142857142857143,0.011607142857142858,0.0,0.013392857142857142,0.0,0.0,0.04285714285714286,0.0,0.0,0.007589285714285714,1,100,1,100,1,100,1,100,1,100,1,100,1,100,1,100,1,100,1,100
226,22.25,9.39940476190476,-10.25,7.64350309260381,18.0,0.27666666666666667,0.3416666666666667,0.3018867924528302,0.13513513513513514,0.35,0.34444444444444444,0.4666666666666667,0.3376111111111111,0.06444444444444446,0.02777777777777779,0.1509433962264151,0.0,0.1333333333333333,0.07222222222222224,0.2,0.10966666666666666,0.29460668537574963,0.29460668537574963,0.1342482067628161,3.726923371220319,0.055737411631647256,False,2,3,0.0035641568269084156,True,7,2240,0.2825835913287619,14,0.2,1.1571428571428573,0.11428571428571428,0.0,0.8517857142857143,0.014285714285714285,0.004464285714285714,0.02857142857142857,0.014732142857142857,0.025892857142857145,0.007589285714285714,0.0004464285714285714,0.009821428571428571,0.03482142857142857,0.004464285714285714,0.003125,1,100,1,100,1,100,1,100,1,100,1,100,1,100,1,100,1,100,1,100
227,22.5,10.655952380952382,-10.0,5.798431667895746,18.0,0.25333333333333335,0.3333333333333333,0.18867924528301888,0.21621621621621623,0.3333333333333333,0.4,0.4666666666666667,0.32799999999999996,0.02666666666666668,-0.033333333333333326,0.07547169811320756,0.05405405405405406,0.09999999999999998,-0.04999999999999999,0.033333333333333326,0.04566666666666666,0.30721208186037563,0.30721208186037563,0.15708152880074097,3.731540442299046,0.052316979768101624,False,1,3,-0.0014072439276248683,False,7,2240,0.18797857860013292,9,0.12857142857142856,1.1714285714285715,0.12857142857142856,0.0,0.9071428571428571,0.0013392857142857143,0.022321428571428572,0.0,0.008035714285714285,0.019196428571428573,0.0,0.005803571428571429,0.003125,0.0004464285714285714,0.017857142857142856,0.014732142857142857,1,100,1,100,1,100,1,100,1,100,1,100,1,100,1,100,1,100,1,100
228,20.25,9.766666666666667,-8.0,6.340684956239799,19.0,0.35333333333333333,0.45,0.2641509433962264,0.32432432432432434,0.3,0.3333333333333333,0.36666666666666664,0.33466666666666667,0.07333333333333332,0.06666666666666665,0.07547169811320753,0.08108108108108109,0.06666666666666665,0.033333333333333326,0.06666666666666665,0.06599999999999998,0.3018412487426267,0.3018412487426267,0.143845496302029,3.5933480064332817,0.05814224052807127,True,2,3,0.006058316614914239,False,7,2240,0.20967641986401467,8,0.11428571428571428,1.1428571428571428,0.14285714285714285,0.0,0.8928571428571429,0.0,0.012053571428571429,0.014285714285714285,0.0,0.014285714285714285,0.033482142857142856,0.0,0.009375,0.014285714285714285,0.009375,0.0,1,100,1,100,1,100,1,100,1,100,1,100,1,100,1,100,1,100,1,100
229,23.25,10.448214285714286,-7.5,5.339925407610441,17.25,0.2866666666666667,0.38333333333333336,0.22641509433962265,0.21621621621621623,0.43333333333333335,0.38888888888888895,0.21666666666666667,0.3377222222222223,0.010000000000000024,-0.12499999999999994,0.09433962264150944,0.10810810810810811,0.10000000000000003,0.06666666666666676,-0.027777777777777762,0.04150000000000003,0.2850788747441226,0.2850788747441226,0.1368506506519637,4.112746868439099,0.11846799282049265,False,1,3,-0.0022029811619307393,False,7,2240,0.18583333957174217,8,0.11428571428571428,1.1285714285714286,0.07142857142857142,0.0,0.9102678571428572,0.015178571428571428,0.0125,0.01830357142857143,0.015625,0.002232142857142857,0.015178571428571428,0.0,0.0040178571428571425,0.00625,0.0004464285714285714,0.0,1,100,1,100,1,100,1,100,1,100,1,100,1,100,1,100,1,100,1,100
230,21.5,10.391666666666666,-10.0,6.215353972220729,21.5,0.25,0.275,0.2641509433962264,0.1891891891891892,0.4,0.16666666666666666,0.26666666666666666,0.29666666666666663,0.026666666666666672,-0.06666666666666665,0.11320754716981132,0.05405405405405406,0.10000000000000003,0.06666666666666665,-0.15000000000000002,0.029833333333333344,0.3085725348621243,0.3085725348621243,0.16742692660195005,4.072684750979968,0.12825160194397622,True,3,3,0.02497290923811374,False,7,2240,0.21209969301618156,10,0.14285714285714285,1.1857142857142857,0.14285714285714285,0.0,0.896875,0.013392857142857142,0.019642857142857142,0.0004464285714285714,0.014285714285714285,0.0,0.0,0.014285714285714285,0.011160714285714286,0.014285714285714285,0.007142857142857143,0.008482142857142856,1,100,1,100,1,100,1,100,1,100,1,100,1,100,1,100,1,100,1,100
231,24.0,10.475,-14.0,6.78353442430377,21.0,0.27666666666666667,0.4583333333333333,0.20754716981132076,0.08108108108108109,0.5333333333333333,0.31666666666666665,0.36666666666666664,0.384,0.0033333333333333275,-0.041666666666666685,0.09433962264150944,-0.05405405405405406,0.09999999999999998,0.06666666666666665,0.04999999999999999,0.05049999999999999,0.294344971976456,0.294344971976456,0.15941151650696417,4.182786380506602,0.11374479955751149,False,2,3,0.003600375007560608,False,7,2240,0.19970896819958936,8,0.11428571428571428,1.1,0.07142857142857142,0.0,0.9004464285714285,0.0,0.015625,0.014285714285714285,0.012946428571428572,0.00625,0.010714285714285714,0.002232142857142857,0.03214285714285714,0.0017857142857142857,0.0035714285714285713,0.0,1,100,1,100,1,100,1,100,1,100,1,100,1,100,1,100,1,100,1,100
232,21.0,10.429761904761905,-8.0,5.32258283529235,21.0,0.22,0.31666666666666665,0.1509433962264151,0.16216216216216217,0.43333333333333335,0.4,0.36666666666666664,0.33466666666666667,-0.013333333333333345,-0.08333333333333337,0.018867924528301883,0.05405405405405406,0.13333333333333336,0.15555555555555559,-0.050000000000000044,0.04938888888888889,0.3265457523555785,0.3265457523555785,0.19754691663284119,4.229157475483499,0.16813929643451322,False,1,3,-0.005651930895419821,False,7,2240,0.15162628038177903,9,0.12857142857142856,1.0571428571428572,0.05714285714285714,0.0,0.9258928571428572,0.014285714285714285,0.014732142857142857,0.0017857142857142857,0.0,0.0,0.0,0.0,0.0,0.015178571428571428,0.013839285714285714,0.014285714285714285,1,100,1,100,1,100,1,100,1,100,1,100,1,100,1,100,1,100,1,100
233,22.75,9.739285714285714,-8.5,7.678561184932259,22.75,0.2966666666666667,0.425,0.24528301886792453,0.16216216216216217,0.26666666666666666,0.2833333333333333,0.16666666666666666,0.26533333333333337,0.049999999999999975,0.04166666666666663,0.05660377358490565,0.05405405405405406,0.0,-0.016666666666666663,0.0222222222222222,0.021666666666666654,0.31770232809299254,0.31770232809299254,0.14298369307387415,3.6651533187731875,0.05519359236984228,True,3,3,0.025917988776007705,False,7,2240,0.304743622988182,12,0.17142857142857143,1.0714285714285714,0.07142857142857142,0.0,0.834375,0.0,0.013392857142857142,0.02857142857142857,0.015178571428571428,0.02857142857142857,0.014285714285714285,0.0,0.014285714285714285,0.016517857142857143,0.03482142857142857,0.0,1,100,1,100,1,100,1,100,1,100,1,100,1,100,1,100,1,100,1,100
234,21.75,10.425,-9.0,5.552297358065484,16.5,0.30333333333333334,0.39166666666666666,0.20754716981132076,0.2972972972972973,0.43333333333333335,0.3444444444444444,0.26666666666666666,0.34744444444444444,0.03333333333333333,0.016666666666666663,0.018867924528301883,0.08108108108108109,0.13333333333333336,0.03333333333333327,0.0,0.06333333333333334,0.2979794518301841,0.2979794518301841,0.14030935937544406,3.6189501974510274,0.035058798066517564,False,1,3,0.0015179571488640464,False,7,2240,0.20159598201031356,12,0.17142857142857143,1.2,0.15714285714285714,0.0,0.9022321428571428,0.013839285714285714,0.020089285714285716,0.01607142857142857,0.017410714285714286,0.0017857142857142857,0.0,0.005803571428571429,0.013839285714285714,0.005803571428571429,0.0026785714285714286,0.0004464285714285714,1,100,1,100,1,100,1,100,1,100,1,100,1,100,1,100,1,100,1,100
235,20.833333333333332,10.115476190476189,-12.5,6.5172587244315485,20.833333333333332,0.34,0.4166666666666667,0.2830188679245283,0.2972972972972973,0.4,0.36666666666666664,0.4166666666666667,0.3751666666666667,0.09666666666666666,0.025000000000000022,0.09433962264150941,0.21621621621621623,0.1166666666666667,0.09999999999999998,0.033333333333333326,0.09450000000000001,0.2918478547347316,0.2918478547347316,0.1816836935839894,4.167691597454962,0.10430253039011426,True,2,3,0.0076213946695875,False,7,2240,0.14728193610136764,9,0.12857142857142856,1.0857142857142856,0.07142857142857142,0.0,0.925,0.0013392857142857143,0.0008928571428571428,0.0,0.0,0.0,0.020535714285714286,0.0,0.015625,0.014732142857142857,0.0,0.021875,1,100,1,100,1,100,1,100,1,100,1,100,1,100,1,100,1,100,1,100
236,25.0,10.777380952380954,-12.75,6.0575074996935445,19.0,0.2866666666666667,0.3333333333333333,0.24528301886792453,0.2702702702702703,0.3333333333333333,0.2,0.35,0.30383333333333334,0.06666666666666667,0.016666666666666663,0.05660377358490565,0.16216216216216217,0.09999999999999998,0.033333333333333354,0.06666666666666665,0.075,0.298719871927072,0.298719871927072,0.1721666378815935,3.8341980879424065,0.05865210069091462,False,1,3,-0.009238059113609198,False,7,2240,0.1938507792586557,7,0.1,1.0857142857142856,0.05714285714285714,0.0,0.9,0.008035714285714285,0.039732142857142855,0.014285714285714285,0.010267857142857143,0.016964285714285713,0.00625,0.0,0.0,0.003125,0.0013392857142857143,0.0,1,100,1,100,1,100,1,100,1,100,1,100,1,100,1,100,1,100,1,100
237,18.75,10.94047619047619,-10.5,5.803907804659604,18.5,0.31666666666666665,0.44166666666666665,0.32075471698113206,0.10810810810810811,0.3,0.18333333333333332,0.5666666666666667,0.33499999999999996,0.06666666666666667,0.033333333333333326,0.1509433962264151,0.0,0.06666666666666665,0.06666666666666665,0.06666666666666665,0.06666666666666665,0.3193570872129418,0.3193570872129418,0.15680255043035504,3.8666801847200087,0.08777071632565464,True,2,3,0.010613275092749896,False,7,2240,0.20711025655697177,9,0.12857142857142856,1.0857142857142856,0.07142857142857142,0.0,0.8991071428571429,0.015625,0.013392857142857142,0.0035714285714285713,0.014285714285714285,0.0,0.0,0.0,0.013392857142857142,0.015625,0.010714285714285714,0.014285714285714285,1,100,1,100,1,100,1,100,1,100,1,100,1,100,1,100,1,100,1,100
238,27.5,9.940476190476192,-13.5,6.881755596554047,27.5,0.32,0.4,0.22641509433962265,0.32432432432432434,0.38333333333333336,0.3333333333333333,0.48333333333333334,0.368,0.11666666666666667,0.125,0.09433962264150944,0.13513513513513514,0.01666666666666672,-0.016666666666666663,0.08333333333333331,0.06333333333333335,0.32543163035010664,0.32543163035010664,0.17508471556339678,3.980846029736803,0.10278326151639765,True,2,3,0.00780889844990551,False,7,2240,0.19179027045151656,8,0.11428571428571428,1.0714285714285714,0.05714285714285714,0.0,0.9049107142857142,0.0,0.013839285714285714,0.010714285714285714,0.0040178571428571425,0.0,0.014285714285714285,0.009375,0.015625,0.026339285714285714,0.0008928571428571428,0.0,1,100,1,100,1,100,1,100,1,100,1,100,1,100,1,100,1,100,1,100
239,30.0,9.995238095238097,-8.333333333333334,6.134356891078329,17.25,0.30666666666666664,0.45,0.20754716981132076,0.21621621621621623,0.26666666666666666,0.2833333333333333,0.4166666666666667,0.3068333333333333,0.11,0.10833333333333334,0.09433962264150944,0.13513513513513514,0.11666666666666667,0.06666666666666665,-0.016666666666666663,0.08900000000000001,0.30713834591981914,0.30713834591981914,0.14953838823509122,3.7190302308854357,0.047045157585522634,True,3,3,0.01783294795342988,False,7,2240,0.1711249653395801,7,0.1,1.042857142857143,0.04285714285714286,0.0,0.9133928571428571,0.0,0.008035714285714285,0.015178571428571428,0.014285714285714285,0.0,0.005357142857142857,0.0,0.02857142857142857,0.0,0.015178571428571428,0.0,1,100,1,100,1,100,1,100,1,100,1,100,1,100,1,100,1,100,1,100
240,19.5,9.96547619047619,-10.5,6.50409658540602,18.0,0.2966666666666667,0.35833333333333334,0.22641509433962265,0.2972972972972973,0.31666666666666665,0.27777777777777773,0.23333333333333334,0.2922777777777778,-0.01666666666666666,-0.125,0.056603773584905676,0.05405405405405406,0.09999999999999998,0.13333333333333328,0.033333333333333326,0.046666666666666655,0.29642759023756066,0.29642759023756066,0.17486070210801472,4.1052498507912984,0.12852061484916258,False,1,3,-0.0015367403200171603,False,7,2240,0.2144616213734319,13,0.18571428571428572,1.1571428571428573,0.12857142857142856,0.0,0.8964285714285715,0.0,0.0013392857142857143,0.011160714285714286,0.0008928571428571428,0.012053571428571429,0.012053571428571429,0.010267857142857143,0.014285714285714285,0.017857142857142856,0.004910714285714286,0.01875,1,100,1,100,1,100,1,100,1,100,1,100,1,100,1,100,1,100,1,100
241,24.0,10.471428571428572,-8.5,6.20520272161406,24.0,0.28,0.35,0.24528301886792453,0.21621621621621623,0.31666666666666665,0.36666666666666664,0.31666666666666665,0.307,0.06,0.033333333333333326,0.07547169811320756,0.08108108108108109,0.09999999999999998,0.0,-0.04999999999999999,0.05149999999999999,0.2802477981848157,0.2802477981848157,0.15426469077179705,4.264616786871675,0.12526968698601337,False,1,3,-0.021434865452252316,False,7,2240,0.20021461577070299,10,0.14285714285714285,1.1714285714285715,0.11428571428571428,0.0,0.9004464285714285,0.005357142857142857,0.006696428571428571,0.02544642857142857,0.0017857142857142857,0.025,0.010714285714285714,0.0008928571428571428,0.0,0.016517857142857143,0.0008928571428571428,0.00625,1,100,1,100,1,100,1,100,1,100,1,100,1,100,1,100,1,100,1,100
242,23.25,10.385714285714286,-10.0,6.253715902168407,21.0,0.28,0.3,0.3018867924528302,0.21621621621621623,0.16666666666666666,0.43333333333333335,0.5333333333333333,0.2936666666666667,0.02,-0.04999999999999999,0.07547169811320753,0.05405405405405406,0.033333333333333326,0.2,0.14999999999999997,0.06216666666666666,0.3131952354266762,0.3131952354266762,0.20180139295462865,4.148948925806656,0.1469240416574664,False,1,3,0.01092044947466636,False,7,2240,0.15697613901292387,9,0.12857142857142856,1.1,0.08571428571428572,0.0,0.9232142857142858,0.014285714285714285,0.0013392857142857143,0.0,0.0,0.0,0.0,0.003125,0.023660714285714285,0.012053571428571429,0.008035714285714285,0.014285714285714285,1,100,1,100,1,100,1,100,1,100,1,100,1,100,1,100,1,100,1,100
243,17.75,9.966666666666667,-11.0,5.500259734126848,17.75,0.30333333333333334,0.425,0.24528301886792453,0.1891891891891892,0.36666666666666664,0.4166666666666667,0.45,0.3588333333333334,0.06666666666666664,0.09999999999999998,0.05660377358490565,0.02702702702702703,0.0,0.033333333333333326,0.033333333333333326,0.03499999999999999,0.2988116987395539,0.2988116987395539,0.12410256765281656,3.3824190793294755,0.024366965229817836,False,1,3,0.010086581127631555,False,7,2240,0.18150835347392846,9,0.12857142857142856,1.1428571428571428,0.11428571428571428,0.0,0.9102678571428572,0.0,0.024553571428571428,0.012946428571428572,0.0,0.014285714285714285,0.017410714285714286,0.012946428571428572,0.003125,0.0017857142857142857,0.0026785714285714286,0.0,1,100,1,100,1,100,1,100,1,100,1,100,1,100,1,100,1,100,1,100
244,23.0,10.107142857142858,-13.0,6.299504623651082,19.5,0.2,0.25,0.1509433962264151,0.1891891891891892,0.45,0.3,0.36666666666666664,0.3225,-0.006666666666666655,-0.09999999999999998,0.018867924528301883,0.10810810810810811,0.2,0.06666666666666665,0.016666666666666663,0.0765,0.28891288252265096,0.28891288252265096,0.16383689357320408,4.3531608743083385,0.1611323902031643,False,1,3,-0.013498122411620683,False,7,2240,0.1990015727333578,10,0.14285714285714285,1.1428571428571428,0.11428571428571428,0.0,0.8973214285714286,0.013392857142857142,0.007142857142857143,0.026785714285714284,0.0,0.0,0.0,0.0,0.006696428571428571,0.008928571428571428,0.03214285714285714,0.007589285714285714,1,100,1,100,1,100,1,100,1,100,1,100,1,100,1,100,1,100,1,100
245,24.0,10.248809523809523,-11.0,7.0609238353181,24.0,0.24666666666666667,0.31666666666666665,0.24528301886792453,0.13513513513513514,0.4166666666666667,0.5666666666666667,0.5166666666666667,0.3786666666666667,0.016666666666666663,-0.025000000000000022,0.07547169811320756,0.0,0.033333333333333326,0.14999999999999997,0.02777777777777779,0.0375,0.3613352156584968,0.3613352156584968,0.15939768874080973,3.4121739908281286,0.014771005633858242,True,3,3,0.022354208462714353,False,7,2240,0.2009041391653837,9,0.12857142857142856,1.0714285714285714,0.07142857142857142,0.0,0.8973214285714286,0.0,0.0017857142857142857,0.0,0.01607142857142857,0.0,0.0,0.02857142857142857,0.017857142857142856,0.015178571428571428,0.0125,0.010714285714285714,1,100,1,100,1,100,1,100,1,100,1,100,1,100,1,100,1,100,1,100
246,21.333333333333336,10.952380952380954,-9.0,6.040382809871898,19.5,0.33,0.39166666666666666,0.3018867924528302,0.2702702702702703,0.2,0.36666666666666664,0.16666666666666666,0.26366666666666666,0.09222222222222223,0.0805555555555556,0.1320754716981132,0.05405405405405406,-0.0222222222222222,0.16666666666666663,0.0,0.04577777777777779,0.3118339504512941,0.3118339504512941,0.12746604272287845,3.6862499899798795,0.04450106723391479,False,1,3,0.00025527623103560604,False,7,2240,0.17313345711851102,9,0.12857142857142856,1.0857142857142856,0.07142857142857142,0.0,0.915625,0.014285714285714285,0.014285714285714285,0.020982142857142855,0.0004464285714285714,0.0017857142857142857,0.0,0.0,0.007142857142857143,0.011160714285714286,0.0,0.014285714285714285,1,100,1,100,1,100,1,100,1,100,1,100,1,100,1,100,1,100,1,100
247,24.5,10.677380952380952,-9.75,6.783966880273891,19.666666666666668,0.3244444444444444,0.42777777777777776,0.2641509433962264,0.24324324324324326,0.35,0.38333333333333336,0.5,0.3656111111111111,0.06,-0.016666666666666663,0.11320754716981132,0.10810810810810811,0.09999999999999998,0.050000000000000044,0.033333333333333326,0.06899999999999999,0.2878315597112942,0.2878315597112942,0.12286833780412887,3.710071587383831,0.03530926463976027,False,1,3,-0.009268647808435726,False,7,2240,0.17234078925327934,9,0.12857142857142856,1.1571428571428573,0.14285714285714285,0.0,0.9142857142857143,0.0,0.004910714285714286,0.0125,0.0,0.0,0.014285714285714285,0.004910714285714286,0.0125,0.03214285714285714,0.0026785714285714286,0.0017857142857142857,1,100,1,100,1,100,1,100,1,100,1,100,1,100,1,100,1,100,1,100
248,20.75,10.728571428571428,-11.75,6.797433072262065,20.0,0.3333333333333333,0.43333333333333335,0.3018867924528302,0.21621621621621623,0.3333333333333333,0.36666666666666664,0.35,0.33916666666666667,0.056666666666666664,0.00833333333333336,0.05660377358490565,0.13513513513513514,0.0,0.06666666666666665,-0.03333333333333338,0.024333333333333325,0.2918394499791946,0.2918394499791946,0.12034578160218445,3.5953400974611562,0.015704261429678068,False,1,3,-0.0013226923298346183,False,7,2240,0.225167809038878,10,0.14285714285714285,1.2428571428571429,0.24285714285714285,0.0,0.8875,0.024107142857142858,0.017857142857142856,0.0,0.014285714285714285,0.004464285714285714,0.005357142857142857,0.0,0.011607142857142858,0.008928571428571428,0.023214285714285715,0.0026785714285714286,1,100,1,100,1,100,1,100,1,100,1,100,1,100,1,100,1,100,1,100
249,23.5,11.036309523809523,-12.0,6.8852338025157955,21.5,0.23333333333333334,0.3333333333333333,0.16981132075471697,0.16216216216216217,0.38333333333333336,0.35,0.26666666666666666,0.30249999999999994,0.03999999999999999,0.04999999999999999,0.037735849056603765,0.02702702702702703,0.1166666666666667,0.04999999999999999,0.0222222222222222,0.06516666666666666,0.33629244492638194,0.33629244492638194,0.15841190322288368,3.748519335917431,0.0669246756578118,False,1,3,-0.009032755955777294,False,7,2240,0.22337093030894303,12,0.17142857142857143,1.3,0.2857142857142857,0.0,0.884375,0.0,0.01830357142857143,0.008482142857142856,0.014285714285714285,0.0,0.0,0.014285714285714285,0.014285714285714285,0.033482142857142856,0.0125,0.0,1,100,1,100,1,100,1,100,1,100,1,100,1,100,1,100,1,100,1,100
