generation,training_best,training_mean,training_worst,training_std,selected_candidate_fitness,benchmark_score,normal_score,mid_score,late_score,full_tournament_score,minimum_control_score,randomized_human_score,raw_selection_score,advantage_score,normal_advantage,mid_advantage,late_advantage,full_tournament_advantage,minimum_control_advantage,randomized_human_advantage,robust_score,verified_score,verified_top_two_rate,verified_first_place_rate,verified_average_position,verified_bankruptcy_rate,checkpoint_saved,checkpoint_batches_won,checkpoint_batch_count,checkpoint_improvement,league_promoted,league_size,total_probe_decisions,action_entropy,unique_policy_count,unique_policy_rate,mean_distinct_actions,contextual_policy_rate,action_legacy_fraction,action_minimum,action_bet_02_percent,action_bet_03_percent,action_bet_05_percent,action_bet_10_percent,action_bet_15_percent,action_bet_20_percent,action_bet_30_percent,action_bet_40_percent,action_bet_50_percent,action_bet_75_percent,action_bet_100_percent,probe_early_tied_action_index,probe_early_tied_legal_bet,probe_early_behind_second_action_index,probe_early_behind_second_legal_bet,probe_mid_one_bet_behind_action_index,probe_mid_one_bet_behind_legal_bet,probe_mid_far_behind_action_index,probe_mid_far_behind_legal_bet,probe_late_behind_second_action_index,probe_late_behind_second_legal_bet,probe_late_safe_lead_action_index,probe_late_safe_lead_legal_bet,probe_early_gap_cautious_action_index,probe_early_gap_cautious_legal_bet,probe_early_gap_volatile_action_index,probe_early_gap_volatile_legal_bet,probe_late_gap_cautious_action_index,probe_late_gap_cautious_legal_bet,probe_late_gap_volatile_action_index,probe_late_gap_volatile_legal_bet
0,36.22020569888014,5.253061108667316,-12.165,13.790635535590729,36.22020569888014,0.30666666666666664,0.3333333333333333,0.37735849056603776,0.16216216216216217,0.26666666666666666,0.3277777777777777,0.5,0.3237777777777778,0.0,0.0,0.0,0.0,0.0,0.0,0.0,0.0,0.2870174522562518,0.2870174522562518,0.10091706571037067,3.208757803851953,0.0,True,3,3,,True,1,1680,0.9577949788514394,43,0.6142857142857143,1.6285714285714286,0.45714285714285713,0.0,0.07559523809523809,0.11011904761904762,0.11011904761904762,0.07083333333333333,0.05773809523809524,0.10595238095238095,0.0875,0.06428571428571428,0.0880952380952381,0.10119047619047619,0.05119047619047619,0.07738095238095238,1,100,1,100,1,100,1,100,1,100,1,100,1,100,1,100,1,100,1,100
1,33.12402419989507,7.763267816647944,-9.428348271040663,11.227108451810123,33.12402419989507,0.25666666666666665,0.375,0.18867924528301888,0.16216216216216217,0.25,0.4666666666666667,0.3333333333333333,0.28683333333333333,-0.01333333333333333,-0.016666666666666663,-0.018867924528301883,0.0,0.016666666666666663,0.0,0.0,0.0004999999999999996,0.3109699185054498,0.3109699185054498,0.09512841786306904,3.190303146900795,0.0015968063872255492,False,0,3,-0.0016784612592996018,False,1,1680,0.7484341586863613,31,0.44285714285714284,1.3857142857142857,0.3,0.0,0.2720238095238095,0.33154761904761904,0.10476190476190476,0.029166666666666667,0.023214285714285715,0.08095238095238096,0.03214285714285714,0.017261904761904763,0.015476190476190477,0.030952380952380953,0.030357142857142857,0.03214285714285714,1,100,1,100,1,100,1,100,1,100,1,100,1,100,1,100,1,100,1,100
2,22.341829779231887,9.674808211044315,-13.47130710916442,8.449430498867317,22.322278952374663,0.23333333333333334,0.35,0.11320754716981132,0.21621621621621623,0.31666666666666665,0.26666666666666666,0.4,0.29083333333333333,0.0,0.0,0.0,0.0,0.0,0.0,0.0,0.0,0.2959770977698977,0.2959770977698977,0.10093908568405358,3.2490531897140364,0.0,False,0,3,-0.0005354752342703883,False,1,1680,0.4398036518276774,18,0.2571428571428571,1.2285714285714286,0.18571428571428572,0.0,0.6303571428571428,0.2392857142857143,0.0125,0.0,0.004166666666666667,0.014285714285714285,0.014285714285714285,0.0,0.014285714285714285,0.0,0.02857142857142857,0.042261904761904764,1,100,1,100,1,100,1,100,1,100,1,100,1,100,1,100,1,100,1,100
3,23.449645671608423,9.32176095006498,-11.729152777777779,8.879285214017198,23.449645671608423,0.25,0.4083333333333333,0.1320754716981132,0.16216216216216217,0.5,0.3333333333333333,0.36666666666666664,0.36333333333333334,0.0,0.0,0.0,0.0,0.0,0.0,0.0,0.0,0.25211143369826,0.25211143369826,0.08491174520862133,3.227724907978858,0.0,False,0,3,0.0,False,1,1680,0.34701810234431435,21,0.3,1.2285714285714286,0.2,0.0,0.8166666666666667,0.015476190476190477,0.013095238095238096,0.014285714285714285,0.0125,0.014285714285714285,0.02142857142857143,0.015476190476190477,0.03154761904761905,0.023809523809523808,0.02142857142857143,0.0,1,100,1,100,1,100,1,100,1,100,1,100,1,100,1,100,1,100,1,100
4,21.435853230732278,10.118555323560397,-16.6745,8.064843002620082,21.435853230732278,0.22666666666666666,0.3,0.18867924528301888,0.16216216216216217,0.21666666666666667,0.29444444444444445,0.16666666666666666,0.22094444444444444,0.0,0.0,0.0,0.0,0.0,0.0,0.0,0.0,0.302111506571863,0.302111506571863,0.09921409462928833,3.1235234532759963,0.0,False,0,3,0.0,False,1,1680,0.27615636537111693,16,0.22857142857142856,1.1285714285714286,0.12857142857142856,0.0,0.8482142857142857,0.03988095238095238,0.0,0.011904761904761904,0.01488095238095238,0.0,0.0,0.0,0.019642857142857142,0.014285714285714285,0.02976190476190476,0.02142857142857143,1,100,1,100,1,100,1,100,1,100,1,100,1,100,1,100,1,100,1,100
5,20.345950907142317,10.194637748182261,-8.568233973670694,6.7846836723468265,20.345950907142317,0.23666666666666666,0.39166666666666666,0.1320754716981132,0.13513513513513514,0.17222222222222222,0.31666666666666665,0.43333333333333335,0.2516111111111111,0.0,0.0,0.0,0.0,0.0,0.0,0.0,0.0,0.27424393029688465,0.27424393029688465,0.08082889229451527,3.2285281754854656,0.0,False,0,3,0.0,False,1,1680,0.26429728280368625,16,0.22857142857142856,1.1571428571428573,0.14285714285714285,0.0,0.861904761904762,0.04047619047619048,0.0005952380952380953,0.0,0.016666666666666666,0.014285714285714285,0.011904761904761904,0.017261904761904763,0.004761904761904762,0.01607142857142857,0.014285714285714285,0.0017857142857142857,1,100,1,100,1,100,1,100,1,100,1,100,1,100,1,100,1,100,1,100
6,22.71190899743229,9.891638633208865,-14.5745,7.1595598621756205,22.71190899743229,0.23333333333333334,0.36666666666666664,0.18867924528301888,0.08108108108108109,0.35,0.23333333333333334,0.38333333333333336,0.29666666666666663,0.0,0.0,0.0,0.0,0.0,0.0,0.0,0.0,0.25866863085317743,0.25866863085317743,0.08007305335780913,3.2344037736866533,0.0,False,0,3,0.0,False,1,1680,0.2842455010243164,17,0.24285714285714285,1.2428571428571429,0.2,0.0,0.8369047619047619,0.04523809523809524,0.05178571428571429,0.0017857142857142857,0.01369047619047619,0.019642857142857142,0.002976190476190476,0.0,0.0011904761904761906,0.004761904761904762,0.0011904761904761906,0.020833333333333332,1,100,1,100,1,100,1,100,1,100,1,100,1,100,1,100,1,100,1,100
7,18.833982183064332,10.278862303337881,-11.722145421436004,6.880082266635565,18.457389310588297,0.2966666666666667,0.4166666666666667,0.24528301886792453,0.17567567567567569,0.36666666666666664,0.3,0.3333333333333333,0.32699999999999996,0.0,0.0,0.0,0.0,0.0,0.0,0.0,0.0,0.259580158169726,0.259580158169726,0.0788615722188336,3.2949042404420807,0.0,False,0,3,0.0,False,1,1680,0.28573366177888404,12,0.17142857142857143,1.0571428571428572,0.04285714285714286,0.0,0.8470238095238095,0.03511904761904762,0.0,0.0,0.014285714285714285,0.0,0.014285714285714285,0.014285714285714285,0.03214285714285714,0.014285714285714285,0.014285714285714285,0.014285714285714285,1,100,1,100,1,100,1,100,1,100,1,100,1,100,1,100,1,100,1,100
8,19.880958152287263,9.910851975415026,-12.523076026644084,7.21060031101308,18.94988078809572,0.32,0.4166666666666667,0.2641509433962264,0.24324324324324326,0.3,0.4166666666666667,0.35,0.32716666666666666,0.01000000000000001,-0.024999999999999967,0.037735849056603765,0.02702702702702703,0.0,0.033333333333333326,0.033333333333333326,0.012333333333333335,0.29242203799775407,0.29242203799775407,0.10325661200417713,3.36060753629652,0.0,False,2,3,-0.008975440867079243,True,2,1680,0.32233943592679143,21,0.3,1.2571428571428571,0.21428571428571427,0.0,0.8023809523809524,0.09583333333333334,0.01488095238095238,0.024404761904761905,0.014285714285714285,0.014285714285714285,0.014285714285714285,0.0125,0.007142857142857143,0.0,0.0,0.0,1,100,1,100,1,100,1,100,1,100,1,100,1,100,1,100,1,100,1,100
9,23.529502993634743,9.976668355122309,-11.654130161317285,6.876139421166902,23.529502993634743,0.23333333333333334,0.31666666666666665,0.2641509433962264,0.05405405405405406,0.2722222222222222,0.38333333333333336,0.4166666666666667,0.28944444444444445,0.0,0.0,0.0,0.0,0.0,0.0,0.0,0.0,0.2695458298445096,0.2695458298445096,0.08357024541643256,3.227031661394262,0.0,False,0,3,0.0,False,2,1680,0.2943971614884001,15,0.21428571428571427,1.1428571428571428,0.14285714285714285,0.0,0.819047619047619,0.0875,0.02857142857142857,0.0,0.0,0.002976190476190476,0.013095238095238096,0.0,0.02023809523809524,0.014285714285714285,0.01369047619047619,0.0005952380952380953,1,100,1,100,1,100,1,100,1,100,1,100,1,100,1,100,1,100,1,100
10,19.970034815721633,10.052882440070057,-15.524464716525936,7.391058998712253,19.970034815721633,0.25333333333333335,0.38333333333333336,0.22641509433962265,0.08108108108108109,0.3888888888888889,0.36111111111111105,0.36666666666666664,0.32855555555555555,0.0,0.0,0.0,0.0,0.0,0.0,0.0,0.0,0.2687491391805655,0.2687491391805655,0.0724466182640196,3.220194987899338,0.0,False,0,3,0.0,False,2,1680,0.27759781910555464,13,0.18571428571428572,1.0857142857142856,0.08571428571428572,0.0,0.8595238095238096,0.029166666666666667,0.0125,0.014285714285714285,0.014285714285714285,0.014285714285714285,0.01607142857142857,0.017857142857142856,0.007738095238095238,0.0017857142857142857,0.0125,0.0,1,100,1,100,1,100,1,100,1,100,1,100,1,100,1,100,1,100,1,100
11,20.09850959146729,9.770391663629251,-6.84298999377004,7.155057881990176,18.836516750045693,0.2544444444444444,0.3694444444444444,0.22641509433962265,0.10810810810810811,0.3,0.25,0.22777777777777777,0.2659444444444445,0.010000000000000009,0.025000000000000022,0.0,0.0,0.0,0.0,0.0,0.0040000000000000036,0.27831950799629895,0.27831950799629895,0.10318243274920282,3.1960635137173625,0.0,False,0,3,0.0,False,2,1680,0.3027690234629607,17,0.24285714285714285,1.2,0.18571428571428572,0.0,0.8357142857142857,0.033928571428571426,0.014285714285714285,0.014285714285714285,0.010714285714285714,0.002380952380952381,0.04702380952380952,0.0,0.017261904761904763,0.011904761904761904,0.01011904761904762,0.002380952380952381,1,100,1,100,1,100,1,100,1,100,1,100,1,100,1,100,1,100,1,100
12,20.24279094950535,9.156394342788653,-9.736250000000002,8.561120596631998,20.033755291795625,0.24,0.36666666666666664,0.11320754716981132,0.21621621621621623,0.3333333333333333,0.2,0.36666666666666664,0.2876666666666667,-0.013333333333333352,-0.03333333333333338,0.0,0.0,0.033333333333333326,0.06666666666666668,-0.01666666666666672,0.010499999999999983,0.2828658856073905,0.2828658856073905,0.09616205704691384,3.2095813666569746,0.0,False,2,3,0.0025342341968125903,False,2,1680,0.3152053105200232,20,0.2857142857142857,1.2857142857142858,0.22857142857142856,0.0,0.8196428571428571,0.014285714285714285,0.002976190476190476,0.0,0.0,0.010714285714285714,0.07202380952380952,0.014285714285714285,0.009523809523809525,0.02023809523809524,0.016666666666666666,0.019642857142857142,1,100,1,100,1,100,1,100,1,100,1,100,1,100,1,100,1,100,1,100
13,18.949829321175798,9.500264033163521,-9.669584302325584,6.501486799612472,18.37309552764962,0.26,0.4,0.18867924528301888,0.13513513513513514,0.25,0.3,0.40555555555555556,0.2823333333333333,0.0,0.0,0.0,0.0,0.0,0.0,0.0,0.0,0.27867405022011477,0.27867405022011477,0.0751452613818244,3.217672777847008,0.0,False,0,3,0.0,False,2,1680,0.274181042793923,16,0.22857142857142856,1.2428571428571429,0.18571428571428572,0.0,0.8511904761904762,0.03571428571428571,0.01607142857142857,0.03154761904761905,0.014285714285714285,0.014285714285714285,0.026785714285714284,0.0,0.007738095238095238,0.0005952380952380953,0.0,0.0017857142857142857,1,100,1,100,1,100,1,100,1,100,1,100,1,100,1,100,1,100,1,100
14,25.149108634735143,9.236645025218769,-12.132132235046244,8.799936141636806,25.149108634735143,0.31666666666666665,0.425,0.2641509433962264,0.21621621621621623,0.2,0.31666666666666665,0.23333333333333334,0.2633333333333333,0.0,0.0,0.0,0.0,0.0,0.0,0.0,0.0,0.31505397383400413,0.31505397383400413,0.0702607016707731,3.175957868855207,0.0,False,0,3,0.0,False,2,1680,0.3101154913038187,21,0.3,1.2428571428571429,0.21428571428571427,0.0,0.8303571428571429,0.01369047619047619,0.0,0.006547619047619048,0.0005952380952380953,0.0,0.033928571428571426,0.014285714285714285,0.02023809523809524,0.023809523809523808,0.026785714285714284,0.02976190476190476,1,100,1,100,1,100,1,100,1,100,1,100,1,100,1,100,1,100,1,100
15,22.12683808929996,9.200355167911043,-9.655608430964152,8.581391352450604,19.220318109087888,0.2866666666666667,0.5,0.16981132075471697,0.10810810810810811,0.26666666666666666,0.3455555555555555,0.3333333333333333,0.29255555555555557,-0.006666666666666687,-0.01666666666666672,0.0,0.0,0.033333333333333326,0.0,0.0,0.008999999999999989,0.2602531033831084,0.2602531033831084,0.08451292012543005,3.2343541649814647,0.0,False,1,3,-0.0021844773395888195,False,2,1680,0.2827671954872392,19,0.2714285714285714,1.3285714285714285,0.3,0.0,0.8422619047619048,0.0,0.0,0.01607142857142857,0.029166666666666667,0.014285714285714285,0.02023809523809524,0.01488095238095238,0.052976190476190475,0.0,0.004166666666666667,0.005952380952380952,1,100,1,100,1,100,1,100,1,100,1,100,1,100,1,100,1,100,1,100
16,22.400564732142858,9.684366887915317,-8.721599539700806,7.813199203454709,22.400564732142858,0.20333333333333334,0.20833333333333334,0.24528301886792453,0.13513513513513514,0.31666666666666665,0.3888888888888889,0.36666666666666664,0.2860555555555555,0.0,0.0,0.0,0.0,0.0,0.0,0.0,0.0,0.2495200969607578,0.2495200969607578,0.06710600340028232,3.2827559193405818,0.0,False,0,3,-0.0031167675601699585,False,2,1680,0.2255095268006265,16,0.22857142857142856,1.2714285714285714,0.2,0.0,0.8898809523809523,0.004761904761904762,0.0011904761904761906,0.0125,0.013095238095238096,0.0,0.009523809523809525,0.005952380952380952,0.01607142857142857,0.019642857142857142,0.004761904761904762,0.02261904761904762,1,100,1,100,1,100,1,100,1,100,1,100,1,100,1,100,1,100,1,100
17,19.07215200395877,9.630885558181655,-9.73760862982589,8.133858870658779,18.648842653235988,0.26,0.4,0.16981132075471697,0.16216216216216217,0.31666666666666665,0.3,0.4666666666666667,0.3148333333333333,0.0,0.0,0.0,0.0,0.0,0.0,0.0,0.0,0.2641869054880382,0.2641869054880382,0.05758364614327388,3.260221561258644,0.0,False,0,3,0.0,False,2,1680,0.33106900508310305,22,0.3142857142857143,1.3428571428571427,0.2714285714285714,0.0,0.825595238095238,0.013095238095238096,0.015476190476190477,0.011904761904761904,0.014285714285714285,0.0125,0.0380952380952381,0.01369047619047619,0.03273809523809524,0.014285714285714285,0.004761904761904762,0.0035714285714285713,1,100,1,100,1,100,1,100,1,100,1,100,1,100,1,100,1,100,1,100
18,22.499912115612904,9.280373941853705,-9.854250289536301,7.719618007966454,22.499912115612904,0.26,0.4,0.20754716981132076,0.10810810810810811,0.1,0.4444444444444444,0.26666666666666666,0.22344444444444447,0.0,0.0,0.0,0.0,0.0,0.0,0.0,0.0,0.24526469757333333,0.24526469757333333,0.09054863985063827,3.230458925158081,0.0,False,1,3,-0.0030303030303029943,False,2,1680,0.3268562045878341,26,0.37142857142857144,1.457142857142857,0.38571428571428573,0.0,0.8154761904761905,0.034523809523809526,0.039285714285714285,0.0005952380952380953,0.01904761904761905,0.0380952380952381,0.024404761904761905,0.01011904761904762,0.005357142857142857,0.0,0.0005952380952380953,0.0125,1,100,1,100,1,100,1,100,1,100,1,100,1,100,1,100,1,100,1,100
19,18.26351705149952,9.738385988804641,-12.432288523998556,7.052902598625922,18.26351705149952,0.21666666666666667,0.30833333333333335,0.16981132075471697,0.13513513513513514,0.17777777777777776,0.26666666666666666,0.4666666666666667,0.24555555555555553,-0.006666666666666665,-0.016666666666666663,0.0,0.0,0.033333333333333326,0.0,-0.016666666666666663,0.006499999999999999,0.2636966604699813,0.2636966604699813,0.08766590586625216,3.253030284811903,0.0,False,0,3,-0.019422309087556877,False,2,1680,0.27956454956560545,15,0.21428571428571427,1.1571428571428573,0.14285714285714285,0.0,0.8511904761904762,0.0,0.03988095238095238,0.014285714285714285,0.008928571428571428,0.005952380952380952,0.005357142857142857,0.013095238095238096,0.014285714285714285,0.014285714285714285,0.03273809523809524,0.0,1,100,1,100,1,100,1,100,1,100,1,100,1,100,1,100,1,100,1,100
20,21.40838215247316,9.867718749725357,-10.789888916606634,7.30410159652848,20.650172799810587,0.2966666666666667,0.475,0.18867924528301888,0.16216216216216217,0.4666666666666667,0.31666666666666665,0.4166666666666667,0.3761666666666667,-0.0033333333333333435,-0.00833333333333336,0.0,0.0,0.0,0.0,0.033333333333333326,0.003666666666666661,0.27418171445839,0.27418171445839,0.0703857041909852,3.2113966845425614,0.0,False,1,3,0.0,False,2,1680,0.31375208515639574,18,0.2571428571428571,1.3142857142857143,0.21428571428571427,0.0,0.8351190476190476,0.0125,0.03869047619047619,0.020833333333333332,0.015476190476190477,0.02142857142857143,0.008928571428571428,0.01130952380952381,0.019642857142857142,0.004761904761904762,0.01130952380952381,0.0,1,100,1,100,1,100,1,100,1,100,1,100,1,100,1,100,1,100,1,100
21,19.113092537751154,9.916302476856652,-11.617408194661676,6.361823096395515,19.113092537751154,0.24333333333333335,0.35833333333333334,0.18867924528301888,0.13513513513513514,0.21666666666666667,0.43333333333333335,0.36666666666666664,0.2715,0.0,0.0,0.0,0.0,0.0,0.0,0.0,0.0,0.2958122273160871,0.2958122273160871,0.09995778796550746,3.157361144815152,0.0,False,0,3,0.0,False,2,1680,0.2549974113097932,17,0.24285714285714285,1.1714285714285715,0.15714285714285714,0.0,0.868452380952381,0.013095238095238096,0.020833333333333332,0.014285714285714285,0.0,0.017261904761904763,0.0,0.0,0.005952380952380952,0.014285714285714285,0.018452380952380953,0.02738095238095238,1,100,1,100,1,100,1,100,1,100,1,100,1,100,1,100,1,100,1,100
22,20.727482988159856,9.775099961566966,-10.653565130980036,7.342265224280519,20.727482988159856,0.26666666666666666,0.4166666666666667,0.22641509433962265,0.08108108108108109,0.14444444444444446,0.21666666666666667,0.38333333333333336,0.2363888888888889,0.0,0.0,0.0,0.0,0.0,0.0,0.0,0.0,0.2687390886961625,0.2687390886961625,0.09628503125184462,3.2005418516745263,0.0039968256258567205,False,0,3,-0.0031984224322439414,False,2,1680,0.2165155180227688,12,0.17142857142857143,1.1571428571428573,0.12857142857142856,0.0,0.888095238095238,0.0,0.0,0.005357142857142857,0.013095238095238096,0.02619047619047619,0.005952380952380952,0.026785714285714284,0.0005952380952380953,0.019642857142857142,0.0,0.014285714285714285,1,100,1,100,1,100,1,100,1,100,1,100,1,100,1,100,1,100,1,100
23,20.8943527077385,10.04951538485698,-8.940507069298118,7.0591316376047635,20.8943527077385,0.23888888888888885,0.3638888888888889,0.1320754716981132,0.1891891891891892,0.31666666666666665,0.3333333333333333,0.23333333333333334,0.2747222222222222,0.0,0.0,0.0,0.0,0.0,0.0,0.0,0.0,0.26662589388583186,0.26662589388583186,0.07134750214794945,3.2381674037831605,0.0015151515151515152,False,1,3,-0.0015151515151514694,False,2,1680,0.21147033102513393,10,0.14285714285714285,1.1142857142857143,0.07142857142857142,0.0,0.8952380952380953,0.004166666666666667,0.0005952380952380953,0.018452380952380953,0.014285714285714285,0.0,0.02142857142857143,0.002976190476190476,0.014285714285714285,0.0,0.01488095238095238,0.01369047619047619,1,100,1,100,1,100,1,100,1,100,1,100,1,100,1,100,1,100,1,100
24,23.456459853332234,10.036189584673886,-12.640340425531916,7.17230041736512,23.456459853332234,0.18333333333333332,0.25833333333333336,0.11320754716981132,0.16216216216216217,0.3,0.26666666666666666,0.4166666666666667,0.2675,0.0,0.0,0.0,0.0,0.0,0.0,0.0,0.0,0.27324394049918904,0.27324394049918904,0.08970013605501666,3.1875878764559236,0.0,False,0,3,0.0,False,2,1680,0.2026059449420426,8,0.11428571428571428,1.0,0.0,0.0,0.9,0.0,0.0,0.0,0.0,0.014285714285714285,0.014285714285714285,0.014285714285714285,0.014285714285714285,0.014285714285714285,0.014285714285714285,0.014285714285714285,1,100,1,100,1,100,1,100,1,100,1,100,1,100,1,100,1,100,1,100
25,20.20703287723508,10.442065129397818,-11.829757522794123,5.549109092925113,17.38181413535175,0.2966666666666667,0.375,0.24528301886792453,0.24324324324324326,0.26666666666666666,0.26666666666666666,0.26666666666666666,0.2786666666666667,0.036666666666666674,0.025000000000000022,0.037735849056603765,0.05405405405405406,0.033333333333333326,-0.033333333333333326,-0.15000000000000002,0.0004999999999999983,0.26141958507227964,0.26141958507227964,0.12026000937154534,3.715671632273969,0.0,False,1,3,-0.00374297650287847,False,2,1680,0.18751126934420287,8,0.11428571428571428,1.042857142857143,0.04285714285714286,0.0,0.9071428571428571,0.02142857142857143,0.014285714285714285,0.0,0.014285714285714285,0.020833333333333332,0.007738095238095238,0.007738095238095238,0.0,0.0,0.0,0.006547619047619048,1,100,1,100,1,100,1,100,1,100,1,100,1,100,1,100,1,100,1,100
26,23.563401320719365,10.062563653870088,-9.992750745631351,6.4061853316706,21.064802944214875,0.2833333333333333,0.44166666666666665,0.18867924528301888,0.16216216216216217,0.26666666666666666,0.21666666666666665,0.2833333333333333,0.2708333333333333,0.0,0.0,0.0,0.0,0.0,0.0,0.0,0.0,0.282335171448511,0.282335171448511,0.0980477829785239,3.2264142944487073,0.0015968063872255492,False,0,3,-0.0007984031936127955,False,2,1680,0.22040993272409,11,0.15714285714285714,1.0714285714285714,0.07142857142857142,0.0,0.8916666666666667,0.017857142857142856,0.0,0.014285714285714285,0.0,0.013095238095238096,0.0,0.014285714285714285,0.01369047619047619,0.014285714285714285,0.006547619047619048,0.014285714285714285,1,100,1,100,1,100,1,100,1,100,1,100,1,100,1,100,1,100,1,100
27,20.512991023168528,9.880044170984796,-10.26766151847575,6.752684554689762,18.745986289765998,0.2011111111111111,0.25277777777777777,0.18867924528301888,0.13513513513513514,0.3,0.3,0.4166666666666667,0.27794444444444444,0.0,0.0,0.0,0.0,0.033333333333333326,0.0,0.0,0.011666666666666664,0.29184919075078514,0.29184919075078514,0.07656928445652203,3.187024782126146,0.0024048288964240196,False,0,3,0.0,False,2,1680,0.20063740253390447,11,0.15714285714285714,1.1142857142857143,0.08571428571428572,0.0,0.9017857142857143,0.0017857142857142857,0.014285714285714285,0.01904761904761905,0.01607142857142857,0.009523809523809525,0.01130952380952381,0.016666666666666666,0.009523809523809525,0.0,0.0,0.0,1,100,1,100,1,100,1,100,1,100,1,100,1,100,1,100,1,100,1,100
28,20.510287494438224,10.025501270393269,-8.933554502369669,6.072749495413592,20.510287494438224,0.24333333333333335,0.275,0.20754716981132076,0.24324324324324326,0.3444444444444444,0.3055555555555555,0.45,0.3159444444444444,0.0,0.0,0.0,0.0,0.0,0.0,0.0,0.0,0.24652835621200095,0.24652835621200095,0.07596327972022367,3.220294478585727,0.0,False,0,3,0.0,False,2,1680,0.21692381458217327,10,0.14285714285714285,1.0571428571428572,0.05714285714285714,0.0,0.888095238095238,0.02619047619047619,0.009523809523809525,0.014285714285714285,0.0,0.0,0.0,0.004761904761904762,0.023809523809523808,0.014285714285714285,0.01904761904761905,0.0,1,100,1,100,1,100,1,100,1,100,1,100,1,100,1,100,1,100,1,100
29,22.129578167019954,9.762770325619627,-9.648852641818886,6.847942298007919,20.950881653585906,0.25333333333333335,0.4166666666666667,0.07547169811320754,0.24324324324324326,0.4277777777777778,0.23333333333333334,0.5,0.3493888888888889,0.0,0.0,0.0,0.0,0.0,0.0,0.0,0.0,0.27432276738964567,0.27432276738964567,0.08173111608109082,3.1974227157222614,0.0,False,0,3,0.0,False,2,1680,0.23875669932095692,13,0.18571428571428572,1.0857142857142856,0.08571428571428572,0.0,0.881547619047619,0.01607142857142857,0.0,0.0,0.014285714285714285,0.014285714285714285,0.016666666666666666,0.014285714285714285,0.014285714285714285,0.01369047619047619,0.014285714285714285,0.0005952380952380953,1,100,1,100,1,100,1,100,1,100,1,100,1,100,1,100,1,100,1,100
30,20.4808338575044,9.339897181694708,-12.238127032109468,7.497354211960606,19.254924060879162,0.27666666666666667,0.425,0.16981132075471697,0.1891891891891892,0.2,0.3333333333333333,0.2722222222222222,0.25483333333333336,0.0,0.0,0.0,0.0,0.0,0.0,0.0,0.0,0.2516197737177464,0.2516197737177464,0.054526944650312374,3.3149335684235766,0.0,False,0,3,0.0,False,2,1680,0.1871695850582605,12,0.17142857142857143,1.1428571428571428,0.12857142857142856,0.0,0.9077380952380952,0.0005952380952380953,0.017261904761904763,0.025595238095238095,0.002976190476190476,0.0005952380952380953,0.0017857142857142857,0.014285714285714285,0.002976190476190476,0.0,0.01607142857142857,0.01011904761904762,1,100,1,100,1,100,1,100,1,100,1,100,1,100,1,100,1,100,1,100
31,21.272355042213917,10.016261159573405,-9.5307586157988,6.217572893849912,17.468088987378433,0.25666666666666665,0.39166666666666666,0.16981132075471697,0.16216216216216217,0.26666666666666666,0.31666666666666665,0.21666666666666667,0.26016666666666666,0.0,0.0,0.0,0.0,0.0,0.0,0.0,0.0,0.26347143245455057,0.26347143245455057,0.0817998176702455,3.242643774153045,0.0,False,1,3,4.809657792870237e-06,False,2,1680,0.16458421865123363,8,0.11428571428571428,1.1142857142857143,0.08571428571428572,0.0,0.9160714285714285,0.0005952380952380953,0.0005952380952380953,0.0,0.0011904761904761906,0.0,0.013095238095238096,0.01369047619047619,0.033928571428571426,0.0,0.008333333333333333,0.0125,1,100,1,100,1,100,1,100,1,100,1,100,1,100,1,100,1,100,1,100
32,20.790508723257958,10.305139058962757,-10.623000000000001,5.528786931741111,20.790508723257958,0.22666666666666666,0.3416666666666667,0.1320754716981132,0.17567567567567569,0.31666666666666665,0.18333333333333332,0.2833333333333333,0.2623333333333333,0.0,0.0,0.0,0.0,0.0,0.0,0.0,0.0,0.26901497297482435,0.26901497297482435,0.07577125777652434,3.255744990486351,0.0,False,0,3,0.0,False,2,1680,0.204134463604786,8,0.11428571428571428,1.042857142857143,0.02857142857142857,0.0,0.9,0.0125,0.014285714285714285,0.0,0.014285714285714285,0.014285714285714285,0.013095238095238096,0.01488095238095238,0.0,0.015476190476190477,0.0011904761904761906,0.0,1,100,1,100,1,100,1,100,1,100,1,100,1,100,1,100,1,100,1,100
33,19.702374726810838,9.860103125611921,-13.3440625,7.199288133516896,19.702374726810838,0.2733333333333333,0.35,0.18867924528301888,0.2702702702702703,0.2,0.3333333333333333,0.3,0.25766666666666665,0.0,0.0,0.0,0.0,0.0,0.0,0.0,0.0,0.2790573410802832,0.2790573410802832,0.07658130860100415,3.1839944608774418,0.0,False,0,3,0.0,False,2,1680,0.19101909489261182,8,0.11428571428571428,1.0857142857142856,0.05714285714285714,0.0,0.9023809523809524,0.0,0.002380952380952381,0.0,0.0035714285714285713,0.0,0.004166666666666667,0.002976190476190476,0.02619047619047619,0.011904761904761904,0.020833333333333332,0.025595238095238095,1,100,1,100,1,100,1,100,1,100,1,100,1,100,1,100,1,100,1,100
34,19.13152556981443,9.972967908264453,-12.159730364314253,6.497097482343127,19.13152556981443,0.2966666666666667,0.39166666666666666,0.22641509433962265,0.24324324324324326,0.06666666666666667,0.4166666666666667,0.2,0.21366666666666667,0.0,0.0,0.0,0.0,0.0,0.0,0.0,0.0,0.3038358964194041,0.3038358964194041,0.09524061284756762,3.1033933411016594,0.0,False,0,3,0.0,False,2,1680,0.1958414907323534,8,0.11428571428571428,1.0142857142857142,0.014285714285714285,0.0,0.8994047619047619,0.0,0.0,0.014285714285714285,0.014285714285714285,0.014285714285714285,0.01488095238095238,0.0,0.02857142857142857,0.014285714285714285,0.0,0.0,1,100,1,100,1,100,1,100,1,100,1,100,1,100,1,100,1,100,1,100
35,18.104505307825185,10.226668569803008,-13.610753575120606,5.439208021763239,18.104505307825185,0.2633333333333333,0.44166666666666665,0.1320754716981132,0.16216216216216217,0.2611111111111111,0.26666666666666666,0.26666666666666666,0.2633888888888889,0.0,0.0,0.0,0.0,0.0,0.0,0.0,0.0,0.2860278044373708,0.2860278044373708,0.07579481416866886,3.218969891542217,0.0,False,0,3,0.0,False,2,1680,0.17319189594436427,8,0.11428571428571428,1.0571428571428572,0.04285714285714286,0.0,0.9130952380952381,0.014285714285714285,0.022023809523809525,0.016666666666666666,0.0,0.0,0.0011904761904761906,0.0,0.0,0.0017857142857142857,0.016666666666666666,0.014285714285714285,1,100,1,100,1,100,1,100,1,100,1,100,1,100,1,100,1,100,1,100
36,18.046716811728064,9.97999741981492,-10.085103561866212,6.459558815459698,18.046716811728064,0.21555555555555558,0.3055555555555556,0.18867924528301888,0.10810810810810811,0.31666666666666665,0.3722222222222223,0.3,0.2792777777777778,0.0,0.0,0.0,0.0,0.0,0.0,0.0,0.0,0.298968425568238,0.298968425568238,0.09475049535831585,3.1437978005289167,0.0,False,0,3,0.0,False,2,1680,0.19090266978260473,7,0.1,1.0285714285714285,0.014285714285714285,0.0,0.9023809523809524,0.0,0.0,0.0,0.0,0.01130952380952381,0.02857142857142857,0.01488095238095238,0.014285714285714285,0.014285714285714285,0.0,0.014285714285714285,1,100,1,100,1,100,1,100,1,100,1,100,1,100,1,100,1,100,1,100
37,18.31441085886164,10.267658564889066,-10.05948310810811,5.057151284548745,18.31441085886164,0.21666666666666667,0.30833333333333335,0.16981132075471697,0.13513513513513514,0.26666666666666666,0.31666666666666665,0.36666666666666664,0.26666666666666666,0.0,0.0,0.0,0.0,0.0,0.0,0.0,0.0,0.2750987194407582,0.2750987194407582,0.07516899388517596,3.1819639654608274,0.0,False,0,3,0.0,False,2,1680,0.18460615552697326,7,0.1,1.0571428571428572,0.02857142857142857,0.0,0.9023809523809524,0.020833333333333332,0.02857142857142857,0.019642857142857142,0.014285714285714285,0.0,0.014285714285714285,0.0,0.0,0.0,0.0,0.0,1,100,1,100,1,100,1,100,1,100,1,100,1,100,1,100,1,100,1,100
38,18.03481913365763,10.045668746475888,-11.278498113083765,6.078339861258924,18.03481913365763,0.24666666666666667,0.4,0.16981132075471697,0.10810810810810811,0.3222222222222222,0.38333333333333336,0.38333333333333336,0.30727777777777776,0.0,0.0,0.0,0.0,0.0,0.0,0.0,0.0,0.25442619689427276,0.25442619689427276,0.06070812008695278,3.2879964969659077,0.0,False,0,3,0.0,False,2,1680,0.18089783880815302,8,0.11428571428571428,1.0857142857142856,0.07142857142857142,0.0,0.9107142857142857,0.017857142857142856,0.0,0.0,0.0,0.0,0.0011904761904761906,0.014285714285714285,0.017261904761904763,0.013095238095238096,0.01130952380952381,0.014285714285714285,1,100,1,100,1,100,1,100,1,100,1,100,1,100,1,100,1,100,1,100
39,18.02598050621958,9.954251350852028,-18.2735,6.34011364925143,18.019406837438336,0.24666666666666667,0.4,0.11320754716981132,0.1891891891891892,0.16666666666666666,0.25,0.38333333333333336,0.2395,0.006666666666666665,0.0,0.018867924528301883,0.0,0.0,0.0,0.0,0.002666666666666666,0.25514415370306,0.25514415370306,0.07984483752465861,3.2419532238917568,0.0,False,1,3,0.003282828282828276,False,2,1680,0.1962855905351229,8,0.11428571428571428,1.1,0.05714285714285714,0.0,0.9017857142857143,0.0005952380952380953,0.007738095238095238,0.017261904761904763,0.0,0.014285714285714285,0.0017857142857142857,0.02023809523809524,0.01369047619047619,0.0005952380952380953,0.022023809523809525,0.0,1,100,1,100,1,100,1,100,1,100,1,100,1,100,1,100,1,100,1,100
40,17.25,10.105952380952381,-12.583333333333334,5.361253581578324,17.0,0.25,0.325,0.18867924528301888,0.21621621621621623,0.2,0.2833333333333333,0.31666666666666665,0.2458333333333333,0.006666666666666676,0.0,0.01886792452830191,0.0,0.0,0.0,0.0,0.0026666666666666705,0.2702543252305174,0.2702543252305174,0.10141188961981112,3.2832677106539023,0.0,False,2,3,-0.001803694545920942,False,2,1680,0.19952366120026976,8,0.11428571428571428,1.0714285714285714,0.05714285714285714,0.0,0.9,0.01607142857142857,0.014285714285714285,0.016666666666666666,0.002380952380952381,0.0005952380952380953,0.0,0.0,0.0,0.023214285714285715,0.0125,0.014285714285714285,1,100,1,100,1,100,1,100,1,100,1,100,1,100,1,100,1,100,1,100
41,17.75,9.885714285714286,-12.75,5.800574195519995,17.75,0.22666666666666666,0.43333333333333335,0.07547169811320754,0.10810810810810811,0.23333333333333334,0.48333333333333334,0.43333333333333335,0.2856666666666667,0.0,0.0,0.0,0.0,0.0,0.0,0.0,0.0,0.2675376398231892,0.2675376398231892,0.07681983604896814,3.2222055523855535,0.0,False,0,3,-0.0007984031936127955,False,2,1680,0.21160785983551184,10,0.14285714285714285,1.0571428571428572,0.04285714285714286,0.0,0.8970238095238096,0.0,0.002976190476190476,0.0,0.006547619047619048,0.014285714285714285,0.014285714285714285,0.014285714285714285,0.019642857142857142,0.014285714285714285,0.014285714285714285,0.002380952380952381,1,100,1,100,1,100,1,100,1,100,1,100,1,100,1,100,1,100,1,100
42,19.083333333333336,10.17142857142857,-7.0,5.13536767269753,19.0,0.24666666666666667,0.36666666666666664,0.1509433962264151,0.1891891891891892,0.3777777777777777,0.21666666666666667,0.31666666666666665,0.3000555555555555,0.019999999999999993,0.033333333333333326,0.018867924528301883,0.0,0.033333333333333326,0.0,-0.04999999999999999,0.012166666666666664,0.2912448681801542,0.2912448681801542,0.09498332044685122,3.288576570845166,0.0008032128514056225,False,2,3,0.0020991059137657753,False,2,1680,0.18058632753153364,7,0.1,1.0857142857142856,0.05714285714285714,0.0,0.9142857142857143,0.004761904761904762,0.007142857142857143,0.014285714285714285,0.014285714285714285,0.019642857142857142,0.008333333333333333,0.0,0.0,0.0,0.008333333333333333,0.008928571428571428,1,100,1,100,1,100,1,100,1,100,1,100,1,100,1,100,1,100,1,100
43,18.75,9.746428571428572,-9.0,5.740389409981809,18.75,0.26666666666666666,0.38333333333333336,0.18867924528301888,0.1891891891891892,0.2833333333333333,0.43333333333333335,0.38333333333333336,0.30666666666666664,0.006666666666666674,-0.016666666666666663,0.03773584905660379,0.0,0.0,0.0,-0.016666666666666663,0.00016666666666667043,0.28596757440455584,0.28596757440455584,0.09798500844240689,3.254428765688776,0.003910361095989839,False,2,3,0.004379393822796118,False,2,1680,0.1463919021564908,7,0.1,1.0571428571428572,0.04285714285714286,0.0,0.9232142857142858,0.0,0.0035714285714285713,0.0,0.025,0.0,0.0,0.030357142857142857,0.014285714285714285,0.0017857142857142857,0.0,0.0017857142857142857,1,100,1,100,1,100,1,100,1,100,1,100,1,100,1,100,1,100,1,100
44,18.25,9.773809523809524,-8.5,5.40363162085255,17.5,0.22,0.31666666666666665,0.11320754716981132,0.21621621621621623,0.3,0.2833333333333333,0.2,0.25133333333333335,1.4802973661668755e-18,-0.033333333333333326,0.018867924528301883,0.02702702702702703,0.0,0.033333333333333326,0.01666666666666669,0.005833333333333336,0.2528643880548505,0.2528643880548505,0.09388892896937051,3.589004083836708,0.00471838360518831,False,2,3,-0.01648898260434223,False,2,1680,0.19675604201520352,9,0.12857142857142856,1.0714285714285714,0.04285714285714286,0.0,0.9,0.03214285714285714,0.01488095238095238,0.014285714285714285,0.014285714285714285,0.014285714285714285,0.002976190476190476,0.006547619047619048,0.0,0.0,0.0005952380952380953,0.0,1,100,1,100,1,100,1,100,1,100,1,100,1,100,1,100,1,100,1,100
45,19.25,9.832142857142857,-11.0,5.202115199706789,19.25,0.23666666666666666,0.35833333333333334,0.1509433962264151,0.16216216216216217,0.4166666666666667,0.16666666666666666,0.25,0.2946666666666667,5.921189464667502e-18,-0.06666666666666665,0.018867924528301883,0.08108108108108109,0.06666666666666671,0.0,-0.09999999999999998,0.008333333333333352,0.22973594007069223,0.22973594007069223,0.07521443057659781,3.5610524296423587,0.015276056138908749,False,2,3,-0.014852660505932314,False,2,1680,0.1688958596606014,7,0.1,1.0571428571428572,0.04285714285714286,0.0,0.9154761904761904,0.014285714285714285,0.01369047619047619,0.0,0.0,0.025,0.0,0.0017857142857142857,0.014285714285714285,0.0011904761904761906,0.014285714285714285,0.0,1,100,1,100,1,100,1,100,1,100,1,100,1,100,1,100,1,100,1,100
46,19.75,9.821428571428571,-9.25,6.7326686039498655,19.25,0.21333333333333335,0.38333333333333336,0.1509433962264151,0.02702702702702703,0.26666666666666666,0.2611111111111111,0.31666666666666665,0.25227777777777777,0.013333333333333329,-0.016666666666666663,0.05660377358490565,0.0,0.0,0.0,-0.033333333333333326,0.0003333333333333339,0.2680617710666048,0.2680617710666048,0.0793585944819622,3.3450214940691816,0.010187474630876983,False,2,3,0.004728148667979881,False,2,1680,0.17932559473337042,8,0.11428571428571428,1.042857142857143,0.04285714285714286,0.0,0.9136904761904762,0.002380952380952381,0.0005952380952380953,0.014285714285714285,0.01369047619047619,0.014285714285714285,0.014285714285714285,0.0005952380952380953,0.011904761904761904,0.014285714285714285,0.0,0.0,1,100,1,100,1,100,1,100,1,100,1,100,1,100,1,100,1,100,1,100
47,21.208333333333332,10.184523809523808,-7.5,5.830150370674088,19.333333333333336,0.2833333333333333,0.425,0.22641509433962265,0.13513513513513514,0.4166666666666667,0.31666666666666665,0.38333333333333336,0.34833333333333333,0.016666666666666656,0.008333333333333304,0.0,0.05405405405405406,0.06666666666666671,0.0,0.050000000000000044,0.03750000000000001,0.2772098494990061,0.2772098494990061,0.1051800378796988,3.6273564772608857,0.0007984031936127746,True,2,3,0.011712245461614201,True,3,1680,0.18167905125045852,7,0.1,1.042857142857143,0.04285714285714286,0.0,0.9142857142857143,0.014285714285714285,0.004761904761904762,0.014285714285714285,0.008928571428571428,0.0,0.0,0.009523809523809525,0.0,0.007142857142857143,0.0125,0.014285714285714285,1,100,1,100,1,100,1,100,1,100,1,100,1,100,1,100,1,100,1,100
48,18.0,9.635714285714286,-14.0,6.672499998938004,16.333333333333336,0.28,0.31666666666666665,0.2830188679245283,0.21621621621621623,0.36666666666666664,0.36666666666666664,0.3722222222222222,0.33283333333333337,0.0033333333333333214,-0.05833333333333335,0.07547169811320753,0.0,0.033333333333333326,0.0,0.0,0.012999999999999992,0.29942888957390074,0.29942888957390074,0.1238230548760092,3.6164031010632987,0.037357632307491624,False,2,3,0.003078691102643194,False,3,1680,0.20691933020261014,8,0.11428571428571428,1.0714285714285714,0.07142857142857142,0.0,0.9,0.0,0.0,0.0,0.013095238095238096,0.014285714285714285,0.01488095238095238,0.015476190476190477,0.010714285714285714,0.008928571428571428,0.008333333333333333,0.014285714285714285,1,100,1,100,1,100,1,100,1,100,1,100,1,100,1,100,1,100,1,100
49,20.0,9.942857142857143,-12.0,5.846211004280975,20.0,0.28,0.3,0.33962264150943394,0.16216216216216217,0.21666666666666667,0.23333333333333334,0.2,0.2411666666666667,0.023333333333333334,-0.125,0.18867924528301885,0.02702702702702703,0.06666666666666668,0.0,-0.21666666666666667,0.00016666666666666913,0.29327918338812214,0.29327918338812214,0.12753374229999292,3.932304813520094,0.07721235149270644,False,1,3,-0.007640086748736952,False,3,1680,0.20674041153384887,9,0.12857142857142856,1.0571428571428572,0.05714285714285714,0.0,0.8982142857142857,0.02738095238095238,0.014285714285714285,0.015476190476190477,0.0017857142857142857,0.008928571428571428,0.01130952380952381,0.0,0.014285714285714285,0.002976190476190476,0.005357142857142857,0.0,1,100,1,100,1,100,1,100,1,100,1,100,1,100,1,100,1,100,1,100
50,18.5,9.860714285714286,-9.75,5.854785748126279,18.0,0.31444444444444447,0.5194444444444445,0.16981132075471697,0.1891891891891892,0.31666666666666665,0.13333333333333333,0.25,0.2874444444444444,0.006666666666666643,-0.01666666666666672,0.037735849056603765,0.0,0.033333333333333326,0.0,-0.08333333333333331,0.001833333333333324,0.31281773801794,0.31281773801794,0.11388171083900107,3.3128310374504735,0.0069406641262928686,False,1,3,-0.014570524279419794,False,3,1680,0.19831021927543974,9,0.12857142857142856,1.0857142857142856,0.07142857142857142,0.0,0.9005952380952381,0.014285714285714285,0.025,0.0,0.01369047619047619,0.0005952380952380953,0.0,0.002380952380952381,0.013095238095238096,0.01488095238095238,0.015476190476190477,0.0,1,100,1,100,1,100,1,100,1,100,1,100,1,100,1,100,1,100,1,100
51,22.0,9.3,-10.0,6.895840706369242,16.75,0.2733333333333333,0.36666666666666664,0.24528301886792453,0.16216216216216217,0.3333333333333333,0.36666666666666664,0.23333333333333334,0.29766666666666663,0.019999999999999983,-0.050000000000000044,0.09433962264150944,0.02702702702702703,0.06666666666666665,0.0,0.033333333333333326,0.03633333333333332,0.2770001799977992,0.2770001799977992,0.10201244705429108,3.7838921099021383,0.04142718578906444,False,0,3,-0.023832765283598567,False,3,1680,0.219366587638731,11,0.15714285714285714,1.2,0.12857142857142856,0.0,0.893452380952381,0.0005952380952380953,0.004761904761904762,0.010714285714285714,0.023809523809523808,0.0,0.011904761904761904,0.01369047619047619,0.016666666666666666,0.008333333333333333,0.0125,0.0035714285714285713,1,100,1,100,1,100,1,100,1,100,1,100,1,100,1,100,1,100,1,100
52,20.583333333333336,9.792857142857143,-12.0,5.6878410914141355,20.583333333333336,0.24333333333333335,0.25833333333333336,0.20754716981132076,0.2702702702702703,0.5,0.21666666666666667,0.26666666666666666,0.33399999999999996,0.03666666666666668,-0.04166666666666663,0.11320754716981132,0.05405405405405406,0.18333333333333335,0.0,-0.04999999999999999,0.07133333333333335,0.2732031737911545,0.2732031737911545,0.14974166307764172,3.756946548669729,0.02021094721837814,False,1,3,-0.002409638554216831,False,3,1680,0.2032662831890026,11,0.15714285714285714,1.1142857142857143,0.1,0.0,0.8970238095238096,0.002380952380952381,0.002380952380952381,0.02619047619047619,0.017261904761904763,0.0,0.0011904761904761906,0.0,0.010714285714285714,0.0035714285714285713,0.014285714285714285,0.025,1,100,1,100,1,100,1,100,1,100,1,100,1,100,1,100,1,100,1,100
53,20.5,9.585714285714285,-9.5,6.2103819155841755,20.5,0.3,0.31666666666666665,0.32075471698113206,0.24324324324324326,0.18333333333333332,0.3333333333333333,0.4,0.27749999999999997,0.06333333333333331,0.024999999999999967,0.1132075471698113,0.05405405405405406,-0.01666666666666669,0.0,0.03333333333333338,0.02449999999999999,0.29678379033584285,0.29678379033584285,0.13689880795789458,3.6892326336738717,0.028118133940224697,False,2,3,0.0005723310589481612,False,3,1680,0.19869451176491196,11,0.15714285714285714,1.1285714285714286,0.11428571428571428,0.0,0.9029761904761905,0.009523809523809525,0.004761904761904762,0.0,0.02857142857142857,0.014285714285714285,0.01130952380952381,0.0011904761904761906,0.0125,0.004761904761904762,0.0,0.01011904761904762,1,100,1,100,1,100,1,100,1,100,1,100,1,100,1,100,1,100,1,100
54,18.5,9.514285714285714,-13.5,6.492424942396566,17.5,0.21,0.3416666666666667,0.11320754716981132,0.13513513513513514,0.31666666666666665,0.2,0.4,0.2748333333333334,0.019999999999999997,0.033333333333333326,0.0,0.02702702702702703,0.04999999999999999,0.0,-0.06666666666666665,0.015499999999999998,0.270159018703496,0.270159018703496,0.08595766359455848,3.28896622599999,0.0015968063872255492,False,0,3,-0.026567225777239523,False,3,1680,0.22456560118863847,12,0.17142857142857143,1.1714285714285715,0.14285714285714285,0.0,0.8803571428571428,0.004166666666666667,0.002976190476190476,0.0,0.039285714285714285,0.027976190476190477,0.0,0.002976190476190476,0.0125,0.0,0.018452380952380953,0.01130952380952381,1,100,1,100,1,100,1,100,1,100,1,100,1,100,1,100,1,100,1,100
55,22.0,10.164285714285715,-9.75,6.16396291159431,18.583333333333336,0.25333333333333335,0.38333333333333336,0.18867924528301888,0.13513513513513514,0.3333333333333333,0.35,0.5333333333333333,0.33299999999999996,0.033333333333333354,0.050000000000000044,0.03773584905660379,0.0,0.0,0.0,0.16666666666666669,0.038333333333333344,0.29244966316606175,0.29244966316606175,0.11112023852987707,3.367116132831088,0.0039968256258567205,False,1,3,-0.00827984410878857,False,3,1680,0.1836369217485488,8,0.11428571428571428,1.0857142857142856,0.05714285714285714,0.0,0.9130952380952381,0.0,0.01607142857142857,0.01130952380952381,0.002380952380952381,0.005952380952380952,0.004761904761904762,0.0035714285714285713,0.0,0.014285714285714285,0.01904761904761905,0.009523809523809525,1,100,1,100,1,100,1,100,1,100,1,100,1,100,1,100,1,100,1,100
56,19.0,9.782142857142857,-13.5,6.560664601344736,17.0,0.27,0.39166666666666666,0.18867924528301888,0.1891891891891892,0.23333333333333334,0.24444444444444444,0.3888888888888889,0.27244444444444443,0.030000000000000016,0.025000000000000022,0.01886792452830191,0.05405405405405406,0.13333333333333333,0.0,-0.033333333333333326,0.053666666666666675,0.2817861356512969,0.2817861356512969,0.11348230883978666,3.3784139461128855,0.0,False,0,3,-0.02917951974838201,False,3,1680,0.22973995189357446,12,0.17142857142857143,1.1285714285714286,0.12857142857142856,0.0,0.8916666666666667,0.009523809523809525,0.006547619047619048,0.0125,0.008333333333333333,0.01369047619047619,0.014285714285714285,0.014285714285714285,0.01011904761904762,0.010714285714285714,0.0,0.008333333333333333,1,100,1,100,1,100,1,100,1,100,1,100,1,100,1,100,1,100,1,100
57,20.0,9.907142857142857,-11.0,5.704974556812463,20.0,0.29,0.325,0.2830188679245283,0.24324324324324326,0.3,0.3,0.4666666666666667,0.32099999999999995,0.07,0.025000000000000022,0.09433962264150941,0.10810810810810811,-0.033333333333333326,-0.033333333333333326,-0.033333333333333326,0.008000000000000009,0.28208652064254114,0.28208652064254114,0.12994669660314273,3.714848707112974,0.011822357475629245,False,2,3,-9.932672078255544e-05,False,3,1680,0.21155116884783717,12,0.17142857142857143,1.1285714285714286,0.12857142857142856,0.0,0.8916666666666667,0.025595238095238095,0.014285714285714285,0.0,0.02261904761904762,0.0,0.0,0.0,0.008928571428571428,0.017857142857142856,0.004761904761904762,0.014285714285714285,1,100,1,100,1,100,1,100,1,100,1,100,1,100,1,100,1,100,1,100
58,21.0,9.91547619047619,-14.0,6.214318668951117,21.0,0.30333333333333334,0.375,0.3018867924528302,0.1891891891891892,0.2833333333333333,0.4166666666666667,0.4666666666666667,0.33216666666666667,0.013333333333333334,-0.016666666666666663,0.018867924528301883,0.05405405405405406,0.0,0.0,0.04999999999999999,0.012833333333333332,0.264363727212728,0.264363727212728,0.10106451937308297,3.685903439561184,0.02328001900543564,False,0,3,-0.028498789205087416,False,3,1680,0.2808540777222102,17,0.24285714285714285,1.2,0.2,0.0,0.8339285714285715,0.011904761904761904,0.0,0.017857142857142856,0.07678571428571429,0.002380952380952381,0.0,0.0,0.010714285714285714,0.0035714285714285713,0.025,0.017857142857142856,1,100,1,100,1,100,1,100,1,100,1,100,1,100,1,100,1,100,1,100
59,22.0,9.792857142857143,-10.0,5.698226939095451,22.0,0.23,0.275,0.18867924528301888,0.21621621621621623,0.3333333333333333,0.3277777777777778,0.4666666666666667,0.31144444444444447,0.006666666666666677,0.033333333333333354,-0.018867924528301883,0.0,0.04999999999999999,-0.011111111111111127,-0.06666666666666665,0.009055555555555556,0.2796132573601731,0.2796132573601731,0.0960084273463539,3.4435492104509495,0.0,False,0,3,-0.010112141543856479,False,3,1680,0.2113601039523393,12,0.17142857142857143,1.1285714285714286,0.11428571428571428,0.0,0.8875,0.017857142857142856,0.014285714285714285,0.002380952380952381,0.04345238095238095,0.0,0.0,0.0,0.011904761904761904,0.0,0.007738095238095238,0.01488095238095238,1,100,1,100,1,100,1,100,1,100,1,100,1,100,1,100,1,100,1,100
60,18.5,9.375,-14.0,6.737138687782277,17.5,0.24666666666666667,0.2833333333333333,0.2641509433962264,0.16216216216216217,0.38333333333333336,0.21666666666666667,0.43333333333333335,0.3195,0.033333333333333326,0.016666666666666663,0.07547169811320753,0.0,0.050000000000000044,0.0,0.10000000000000003,0.04583333333333335,0.299898468852729,0.299898468852729,0.11231831699871525,3.293060483632953,0.0,False,2,3,-0.0005893106084289834,False,3,1680,0.25391839366993585,14,0.2,1.1142857142857143,0.11428571428571428,0.0,0.8642857142857143,0.0,0.0,0.0,0.042261904761904764,0.002976190476190476,0.025595238095238095,0.014285714285714285,0.014285714285714285,0.007738095238095238,0.014285714285714285,0.014285714285714285,1,100,1,100,1,100,1,100,1,100,1,100,1,100,1,100,1,100,1,100
61,21.0,10.42142857142857,-5.0,5.12211757336496,18.25,0.2866666666666667,0.4,0.3018867924528302,0.08108108108108109,0.3333333333333333,0.23333333333333334,0.36666666666666664,0.30966666666666665,0.04,-0.016666666666666663,0.1320754716981132,0.0,0.033333333333333326,0.0,0.0,0.027666666666666666,0.2762609380241586,0.2762609380241586,0.12393123573954683,3.460189515091759,0.0,False,1,3,-0.004087553261494514,False,3,1680,0.1812461591045986,8,0.11428571428571428,1.0857142857142856,0.04285714285714286,0.0,0.9125,0.016666666666666666,0.0,0.014285714285714285,0.004166666666666667,0.014285714285714285,0.018452380952380953,0.007142857142857143,0.010714285714285714,0.0,0.0017857142857142857,0.0,1,100,1,100,1,100,1,100,1,100,1,100,1,100,1,100,1,100,1,100
62,17.5,10.063095238095238,-8.75,5.91947344079915,16.5,0.33,0.475,0.2641509433962264,0.1891891891891892,0.3333333333333333,0.36666666666666664,0.36666666666666664,0.3403333333333333,0.05666666666666664,0.05833333333333329,0.09433962264150944,0.0,0.0,0.08333333333333331,0.09999999999999998,0.045999999999999985,0.2759376889399976,0.2759376889399976,0.10945667992237502,3.5304222879542126,0.010639327405794471,False,0,3,-0.02118242521893049,False,3,1680,0.22195330008457648,9,0.12857142857142856,1.1428571428571428,0.07142857142857142,0.0,0.8952380952380953,0.014285714285714285,0.0011904761904761906,0.007738095238095238,0.007142857142857143,0.008928571428571428,0.005357142857142857,0.002976190476190476,0.019642857142857142,0.01011904761904762,0.013095238095238096,0.014285714285714285,1,100,1,100,1,100,1,100,1,100,1,100,1,100,1,100,1,100,1,100
63,20.5,9.778571428571428,-12.75,6.667647036759123,19.75,0.3,0.4,0.2641509433962264,0.1891891891891892,0.45,0.3,0.3388888888888889,0.3583333333333333,0.02666666666666667,-0.016666666666666663,0.09433962264150944,0.0,0.08333333333333337,0.016666666666666663,0.033333333333333326,0.04650000000000001,0.3006744634134433,0.3006744634134433,0.150591205322105,3.587690846856852,0.0007984031936127746,True,3,3,0.032584757465718484,False,3,1680,0.2162055460787035,11,0.15714285714285714,1.1,0.1,0.0,0.8863095238095238,0.0,0.016666666666666666,0.018452380952380953,0.026785714285714284,0.023214285714285715,0.0,0.01369047619047619,0.01488095238095238,0.0,0.0,0.0,1,100,1,100,1,100,1,100,1,100,1,100,1,100,1,100,1,100,1,100
64,18.0,9.871428571428572,-10.5,5.942493693098632,18.0,0.27,0.325,0.24528301886792453,0.21621621621621623,0.35,0.43333333333333335,0.4666666666666667,0.3438333333333333,0.01333333333333333,0.0,0.037735849056603765,0.0,0.016666666666666663,0.0,-0.016666666666666663,0.008666666666666666,0.2973814692630074,0.2973814692630074,0.12109167936489197,3.4563906688266406,0.0023183643665571373,True,3,3,0.010961683788319687,False,3,1680,0.1870268124917459,10,0.14285714285714285,1.1571428571428573,0.08571428571428572,0.0,0.9113095238095238,0.01488095238095238,0.007738095238095238,0.0,0.007142857142857143,0.007142857142857143,0.0,0.0,0.01011904761904762,0.01607142857142857,0.014285714285714285,0.01130952380952381,1,100,1,100,1,100,1,100,1,100,1,100,1,100,1,100,1,100,1,100
65,21.25,9.969047619047618,-13.5,6.779245454638765,19.5,0.30333333333333334,0.375,0.2830188679245283,0.21621621621621623,0.45,0.18333333333333332,0.3,0.3421666666666667,0.03666666666666667,0.025000000000000022,0.07547169811320753,0.0,0.1166666666666667,-0.06666666666666668,0.06666666666666665,0.058833333333333335,0.2993717445236095,0.2993717445236095,0.1434192585985386,3.5884670236015737,0.01271203485690175,False,1,3,-0.010495893936843359,False,3,1680,0.17900766910154003,8,0.11428571428571428,1.0285714285714285,0.02857142857142857,0.0,0.9095238095238095,0.0,0.0,0.0,0.01904761904761905,0.023214285714285715,0.0,0.005357142857142857,0.014285714285714285,0.014285714285714285,0.0,0.014285714285714285,1,100,1,100,1,100,1,100,1,100,1,100,1,100,1,100,1,100,1,100
66,20.0,9.646428571428572,-8.5,5.829087497578138,18.5,0.2866666666666667,0.4,0.2641509433962264,0.13513513513513514,0.35,0.4666666666666667,0.38333333333333336,0.3413333333333334,0.03333333333333335,0.03333333333333338,0.05660377358490565,0.0,0.033333333333333326,0.15000000000000002,-0.06666666666666665,0.030000000000000006,0.31106207021274473,0.31106207021274473,0.13780925431599986,3.3616126636832213,0.040417084778963434,True,2,3,0.018843310093941357,False,3,1680,0.21770977892615145,12,0.17142857142857143,1.0857142857142856,0.08571428571428572,0.0,0.8898809523809523,0.01369047619047619,0.014285714285714285,0.027976190476190477,0.010714285714285714,0.014285714285714285,0.0,0.0,0.0,0.014285714285714285,0.0005952380952380953,0.014285714285714285,1,100,1,100,1,100,1,100,1,100,1,100,1,100,1,100,1,100,1,100
67,20.0,10.685714285714285,-12.0,5.680902486509031,17.0,0.22666666666666666,0.31666666666666665,0.1320754716981132,0.21621621621621623,0.3333333333333333,0.38333333333333336,0.36666666666666664,0.30066666666666664,0.01666666666666665,0.024999999999999967,0.037735849056603765,-0.02702702702702703,0.06666666666666665,0.08888888888888896,0.0,0.03888888888888888,0.27597643340555106,0.27597643340555106,0.12358331894079676,3.7830265172466313,0.07826122125956193,False,2,3,-0.0003323522117260058,False,3,1680,0.21461381041615102,15,0.21428571428571427,1.2428571428571429,0.22857142857142856,0.0,0.8946428571428572,0.0,0.010714285714285714,0.002976190476190476,0.019642857142857142,0.0005952380952380953,0.014285714285714285,0.013095238095238096,0.01369047619047619,0.015476190476190477,0.01488095238095238,0.0,1,100,1,100,1,100,1,100,1,100,1,100,1,100,1,100,1,100,1,100
68,19.583333333333336,9.853571428571428,-11.5,6.242494472956941,16.75,0.20666666666666667,0.26666666666666666,0.1509433962264151,0.1891891891891892,0.38333333333333336,0.26666666666666666,0.26666666666666666,0.2835,0.019999999999999993,0.0,0.05660377358490565,0.0,0.050000000000000044,0.0,-0.016666666666666663,0.023000000000000017,0.24243672810154307,0.24243672810154307,0.10686892613701644,3.760170221805385,0.012543915454960836,False,1,3,-0.014775961038856894,False,3,1680,0.26569848164619725,19,0.2714285714285714,1.2571428571428571,0.24285714285714285,0.0,0.8261904761904761,0.0011904761904761906,0.0125,0.0,0.10238095238095238,0.01607142857142857,0.013095238095238096,0.027976190476190477,0.0,0.0005952380952380953,0.0,0.0,1,100,1,100,1,100,1,100,1,100,1,100,1,100,1,100,1,100,1,100
69,22.5,9.649999999999999,-10.5,5.985790051420325,19.5,0.23666666666666666,0.3416666666666667,0.18867924528301888,0.13513513513513514,0.31666666666666665,0.2611111111111111,0.38333333333333336,0.2891111111111111,-0.01,-0.07500000000000001,0.056603773584905676,0.0,0.033333333333333326,0.033333333333333354,0.03333333333333338,0.016000000000000007,0.3292413165636598,0.3292413165636598,0.1601653210555887,3.675638318106394,0.02551122654289814,True,3,3,0.012972813044957898,False,3,1680,0.24004266774511088,20,0.2857142857142857,1.2714285714285714,0.2714285714285714,0.0,0.8678571428571429,0.014285714285714285,0.009523809523809525,0.0,0.058333333333333334,0.014285714285714285,0.002380952380952381,0.0,0.014285714285714285,0.0,0.004761904761904762,0.014285714285714285,1,100,1,100,1,100,1,100,1,100,1,100,1,100,1,100,1,100,1,100
70,20.75,8.925,-9.0,7.116297944055704,20.0,0.2733333333333333,0.35,0.2641509433962264,0.16216216216216217,0.36666666666666664,0.4,0.4166666666666667,0.34016666666666673,0.07333333333333333,0.04999999999999999,0.1509433962264151,0.0,0.09999999999999998,0.050000000000000044,0.13333333333333336,0.08933333333333333,0.28061627141239004,0.28061627141239004,0.09651775917557608,3.4777021714147462,0.017805426022726365,False,0,3,-0.03624970455826815,True,4,1680,0.2601844816448796,21,0.3,1.2571428571428571,0.24285714285714285,0.0,0.844047619047619,0.0,0.0,0.014285714285714285,0.07857142857142857,0.0,0.0005952380952380953,0.014285714285714285,0.019642857142857142,0.014285714285714285,0.014285714285714285,0.0,1,100,1,100,1,100,1,100,1,100,1,100,1,100,1,100,1,100,1,100
71,22.0,9.81904761904762,-6.5,5.464077701196841,22.0,0.2733333333333333,0.4,0.20754716981132076,0.16216216216216217,0.43333333333333335,0.35,0.5333333333333333,0.376,0.04000000000000002,0.050000000000000044,0.03773584905660379,0.02702702702702703,0.04999999999999999,0.033333333333333326,0.06666666666666665,0.04683333333333333,0.28828677074474635,0.28828677074474635,0.1191602556114496,3.64290651992838,0.026050236146910266,False,1,3,-0.021995421351528432,False,4,1680,0.24515361861718032,17,0.24285714285714285,1.2428571428571429,0.22857142857142856,0.0,0.8625,0.002976190476190476,0.014285714285714285,0.015476190476190477,0.0630952380952381,0.0,0.0,0.014285714285714285,0.0,0.010714285714285714,0.002380952380952381,0.014285714285714285,1,100,1,100,1,100,1,100,1,100,1,100,1,100,1,100,1,100,1,100
72,20.75,9.277380952380954,-12.0,7.070285200975223,18.0,0.3122222222222222,0.3972222222222222,0.33962264150943394,0.13513513513513514,0.16666666666666666,0.38333333333333336,0.35,0.27405555555555555,0.04333333333333331,-0.00833333333333336,0.13207547169811318,0.0,-0.016666666666666663,0.01666666666666672,-0.10000000000000003,-0.0018333333333333433,0.2790424323556853,0.2790424323556853,0.12600718606598413,3.5670334395101726,0.05930122230894181,False,0,3,-0.02603154406776087,False,4,1680,0.32542761555659283,23,0.32857142857142857,1.3142857142857143,0.3142857142857143,0.0,0.7898809523809524,0.0,0.0,0.0,0.1113095238095238,0.013095238095238096,0.014285714285714285,0.027976190476190477,0.0005952380952380953,0.014285714285714285,0.014285714285714285,0.014285714285714285,1,100,1,100,1,100,1,100,1,100,1,100,1,100,1,100,1,100,1,100
73,19.75,10.357142857142858,-11.5,5.856927502816014,17.25,0.29,0.3416666666666667,0.2830188679245283,0.21621621621621623,0.3,0.2833333333333333,0.31666666666666665,0.2968333333333333,0.006666666666666664,-0.033333333333333326,0.05660377358490565,0.0,0.033333333333333326,0.0,0.0,0.01433333333333333,0.2691968138689154,0.2691968138689154,0.1301026157493945,3.63188123570311,0.03649229470959505,False,1,3,0.0011525871222141104,False,4,1680,0.2695819550057152,17,0.24285714285714285,1.2142857142857142,0.2,0.0,0.8291666666666667,0.0005952380952380953,0.014285714285714285,0.03630952380952381,0.0886904761904762,0.014285714285714285,0.002380952380952381,0.014285714285714285,0.0,0.0,0.0,0.0,1,100,1,100,1,100,1,100,1,100,1,100,1,100,1,100,1,100,1,100
74,20.0,9.635714285714286,-10.0,6.281305271865661,19.0,0.2733333333333333,0.3333333333333333,0.2641509433962264,0.1891891891891892,0.26666666666666666,0.22222222222222224,0.38333333333333336,0.2823888888888889,0.01333333333333331,-0.050000000000000044,0.07547169811320753,0.02702702702702703,0.016666666666666663,0.013888888888888895,-0.033333333333333326,0.007555555555555548,0.3277627658155759,0.3277627658155759,0.17127305265336432,3.852556642829711,0.167730621269327,False,1,3,0.0013330343086493945,False,4,1680,0.21608644541559777,12,0.17142857142857143,1.1428571428571428,0.11428571428571428,0.0,0.8904761904761904,0.01488095238095238,0.0,0.0,0.02261904761904762,0.0017857142857142857,0.019642857142857142,0.014285714285714285,0.014285714285714285,0.01904761904761905,0.002976190476190476,0.0,1,100,1,100,1,100,1,100,1,100,1,100,1,100,1,100,1,100,1,100
75,23.0,9.420238095238094,-12.333333333333334,6.595850603326753,17.0,0.26666666666666666,0.36666666666666664,0.20754716981132076,0.1891891891891892,0.3722222222222223,0.3333333333333333,0.4555555555555556,0.33861111111111114,0.009999999999999986,0.024999999999999967,0.0,0.0,0.03333333333333338,0.0,0.033333333333333326,0.020666666666666673,0.2794785747963729,0.2794785747963729,0.10129218865421159,3.1946479986358063,0.0,False,1,3,-0.03383085356608195,False,4,1680,0.24867196617921938,17,0.24285714285714285,1.2285714285714286,0.21428571428571427,0.0,0.8494047619047619,0.0,0.026785714285714284,0.0,0.07678571428571429,0.01607142857142857,0.014285714285714285,0.0011904761904761906,0.0017857142857142857,0.0,0.01369047619047619,0.0,1,100,1,100,1,100,1,100,1,100,1,100,1,100,1,100,1,100,1,100
76,20.0,9.873809523809525,-10.5,5.888341704351989,17.25,0.30666666666666664,0.5,0.16981132075471697,0.1891891891891892,0.36666666666666664,0.18333333333333332,0.43333333333333335,0.3343333333333333,0.03999999999999999,0.04999999999999999,0.037735849056603765,0.02702702702702703,0.0,0.04999999999999999,0.06666666666666671,0.031,0.2886648511423059,0.2886648511423059,0.14244807209239788,3.642725356151516,0.04367351459913325,False,1,3,-0.030439941584519903,False,4,1680,0.23893268240001406,15,0.21428571428571427,1.1857142857142857,0.17142857142857143,0.0,0.875,0.014285714285714285,0.01607142857142857,0.01369047619047619,0.036904761904761905,0.0,0.0,0.0005952380952380953,0.0,0.014285714285714285,0.01488095238095238,0.014285714285714285,1,100,1,100,1,100,1,100,1,100,1,100,1,100,1,100,1,100,1,100
77,20.5,9.610714285714286,-10.25,7.020968049132454,17.5,0.24666666666666667,0.4166666666666667,0.16981132075471697,0.08108108108108109,0.25,0.30833333333333335,0.48333333333333334,0.2895,0.0,0.0,0.0,0.0,0.033333333333333326,0.0,-0.03333333333333338,0.006666666666666657,0.2767626667074759,0.2767626667074759,0.10748260689282262,3.2624396697659805,0.0,False,1,3,-0.009835853423978358,False,4,1680,0.22176530192514302,15,0.21428571428571427,1.1857142857142857,0.17142857142857143,0.0,0.8755952380952381,0.0,0.0,0.0,0.05952380952380952,0.01369047619047619,0.013095238095238096,0.01130952380952381,0.007738095238095238,0.017857142857142856,0.0005952380952380953,0.0005952380952380953,1,100,1,100,1,100,1,100,1,100,1,100,1,100,1,100,1,100,1,100
78,19.75,10.402380952380952,-10.5,5.890198534473198,18.25,0.21333333333333335,0.3333333333333333,0.1509433962264151,0.10810810810810811,0.38333333333333336,0.4,0.31666666666666665,0.30700000000000005,0.009999999999999993,-0.07500000000000001,0.09433962264150943,0.02702702702702703,0.06666666666666671,0.06666666666666671,-0.016666666666666663,0.031500000000000014,0.28465086985576127,0.28465086985576127,0.13995819970136397,3.7401504584842726,0.0340631260297951,False,1,3,-0.011159644930657187,False,4,1680,0.22246982996481451,10,0.14285714285714285,1.1428571428571428,0.08571428571428572,0.0,0.8851190476190476,0.014285714285714285,0.0011904761904761906,0.0005952380952380953,0.030952380952380953,0.025595238095238095,0.015476190476190477,0.0005952380952380953,0.004761904761904762,0.0,0.004761904761904762,0.016666666666666666,1,100,1,100,1,100,1,100,1,100,1,100,1,100,1,100,1,100,1,100
79,21.5,9.495238095238095,-14.0,7.045541843176122,19.0,0.30333333333333334,0.425,0.18867924528301888,0.2702702702702703,0.45,0.5166666666666667,0.4,0.39050000000000007,-0.0033333333333333335,-0.05833333333333335,0.03773584905660379,0.02702702702702703,0.06666666666666665,0.03333333333333338,0.03333333333333338,0.03033333333333334,0.29092297333044753,0.29092297333044753,0.13946772391689785,3.6632633054446053,0.0,False,1,3,-0.01260276088932033,False,4,1680,0.17703005924270546,8,0.11428571428571428,1.1142857142857143,0.08571428571428572,0.0,0.9113095238095238,0.007142857142857143,0.006547619047619048,0.0,0.002976190476190476,0.004166666666666667,0.008333333333333333,0.002976190476190476,0.004166666666666667,0.010714285714285714,0.0,0.041666666666666664,1,100,1,100,1,100,1,100,1,100,1,100,1,100,1,100,1,100,1,100
80,22.75,10.289285714285715,-8.0,6.04786990949515,17.833333333333336,0.25666666666666665,0.2916666666666667,0.20754716981132076,0.2702702702702703,0.26666666666666666,0.25,0.31666666666666665,0.2685,0.03333333333333333,0.033333333333333326,0.056603773584905676,0.0,0.033333333333333326,0.0,-0.033333333333333326,0.02,0.2860508142774934,0.2860508142774934,0.1262023962298113,3.4143515269570393,0.0,False,1,3,-0.04343385153752377,False,4,1680,0.204383554229435,8,0.11428571428571428,1.0714285714285714,0.05714285714285714,0.0,0.9,0.0,0.023214285714285715,0.007738095238095238,0.013095238095238096,0.011904761904761904,0.014285714285714285,0.01130952380952381,0.014285714285714285,0.004166666666666667,0.0,0.0,1,100,1,100,1,100,1,100,1,100,1,100,1,100,1,100,1,100,1,100
81,20.0,9.683333333333332,-11.0,6.853333101723176,18.5,0.22666666666666666,0.35,0.1320754716981132,0.16216216216216217,0.3,0.35,0.3333333333333333,0.2806666666666666,-0.003333333333333339,-0.025000000000000022,-0.018867924528301883,0.05405405405405406,0.033333333333333326,0.0,-0.016666666666666663,0.00783333333333333,0.318014415370306,0.318014415370306,0.14865761357897567,3.5465780013539914,0.05698285794238467,True,2,3,0.01965336091842118,False,4,1680,0.19422732676220597,10,0.14285714285714285,1.0857142857142856,0.08571428571428572,0.0,0.8964285714285715,0.0,0.0,0.0005952380952380953,0.025,0.0,0.0,0.0,0.027976190476190477,0.022023809523809525,0.01369047619047619,0.014285714285714285,1,100,1,100,1,100,1,100,1,100,1,100,1,100,1,100,1,100,1,100
82,19.833333333333336,9.425,-9.5,7.143402856137918,19.083333333333332,0.22,0.31666666666666665,0.1509433962264151,0.16216216216216217,0.21666666666666667,0.4,0.36666666666666664,0.25883333333333336,0.05999999999999999,0.04999999999999999,0.05660377358490565,0.08108108108108109,-0.04999999999999999,0.18333333333333335,-0.03333333333333338,0.01983333333333333,0.2955698679311694,0.2955698679311694,0.13566816713415084,3.6263927056438416,0.0007984031936127746,False,1,3,-0.01590654033298866,False,4,1680,0.30644745355616604,12,0.17142857142857143,1.0714285714285714,0.07142857142857142,0.0,0.8410714285714286,0.002380952380952381,0.01488095238095238,0.022023809523809525,0.017857142857142856,0.014285714285714285,0.014285714285714285,0.01369047619047619,0.03273809523809524,0.014285714285714285,0.0,0.0125,1,100,1,100,1,100,1,100,1,100,1,100,1,100,1,100,1,100,1,100
83,20.25,9.65595238095238,-11.0,6.526638355229639,17.75,0.24222222222222223,0.4055555555555556,0.1509433962264151,0.10810810810810811,0.21666666666666667,0.36666666666666664,0.25,0.24688888888888888,-0.0033333333333333214,-0.024999999999999967,0.018867924528301883,0.0,0.06666666666666668,0.0,-0.022222222222222254,0.01866666666666667,0.27859541960256196,0.27859541960256196,0.09551960336355401,3.312121266776414,0.0016016160450183971,False,1,3,-0.03216612898093313,False,4,1680,0.2657376259031728,13,0.18571428571428572,1.1428571428571428,0.08571428571428572,0.0,0.8607142857142858,0.014285714285714285,0.002976190476190476,0.02142857142857143,0.014285714285714285,0.022023809523809525,0.0005952380952380953,0.015476190476190477,0.0,0.0005952380952380953,0.03333333333333333,0.014285714285714285,1,100,1,100,1,100,1,100,1,100,1,100,1,100,1,100,1,100,1,100
84,21.5,9.766666666666666,-10.5,7.372737748269763,19.5,0.29333333333333333,0.4,0.22641509433962265,0.21621621621621623,0.21666666666666667,0.45,0.36666666666666664,0.2931666666666667,0.033333333333333354,0.050000000000000044,0.018867924528301883,0.02702702702702703,0.0,0.033333333333333326,0.04999999999999999,0.024166666666666677,0.27662340525229207,0.27662340525229207,0.11071449652720844,3.421659346513253,0.01902241519152276,False,1,3,-0.013407340120780709,False,4,1680,0.32975485845054586,16,0.22857142857142856,1.1714285714285715,0.15714285714285714,0.0,0.8279761904761904,0.008928571428571428,0.013095238095238096,0.027976190476190477,0.014285714285714285,0.013095238095238096,0.015476190476190477,0.002380952380952381,0.027976190476190477,0.02619047619047619,0.016666666666666666,0.005952380952380952,1,100,1,100,1,100,1,100,1,100,1,100,1,100,1,100,1,100,1,100
85,19.5,9.445238095238096,-7.5,6.122248097611487,16.5,0.2111111111111111,0.29444444444444445,0.20754716981132076,0.08108108108108109,0.36666666666666664,0.33999999999999997,0.26666666666666666,0.28677777777777774,-0.030000000000000006,-0.041666666666666685,-0.018867924528301883,-0.02702702702702703,0.04999999999999999,0.09999999999999995,-0.08333333333333331,0.002999999999999989,0.3131961888563144,0.3131961888563144,0.13507218859105447,3.510254190414352,0.0889407020205664,False,1,3,0.007192928248407615,False,4,1680,0.25740027911487967,13,0.18571428571428572,1.1142857142857143,0.1,0.0,0.8696428571428572,0.013095238095238096,0.014285714285714285,0.007738095238095238,0.03273809523809524,0.014285714285714285,0.016666666666666666,0.0011904761904761906,0.0,0.014285714285714285,0.002976190476190476,0.013095238095238096,1,100,1,100,1,100,1,100,1,100,1,100,1,100,1,100,1,100,1,100
86,19.75,9.591666666666669,-11.0,7.313354142219821,19.75,0.33666666666666667,0.4583333333333333,0.20754716981132076,0.32432432432432434,0.21666666666666667,0.3333333333333333,0.31666666666666665,0.29133333333333333,0.05333333333333334,0.08333333333333331,0.03773584905660379,0.02702702702702703,0.06666666666666668,0.06666666666666665,-0.06666666666666671,0.04133333333333333,0.3180127149862378,0.3180127149862378,0.1451586239714802,3.7999084889731307,0.2562626481247071,False,1,3,-0.002489180091806209,False,4,1680,0.33576096808971195,20,0.2857142857142857,1.2285714285714286,0.2,0.0,0.8113095238095238,0.018452380952380953,0.0,0.03988095238095238,0.017261904761904763,0.0,0.0,0.023214285714285715,0.01130952380952381,0.02857142857142857,0.03571428571428571,0.014285714285714285,1,100,1,100,1,100,1,100,1,100,1,100,1,100,1,100,1,100,1,100
87,18.0,10.052380952380954,-10.0,6.003292275126172,16.75,0.3466666666666667,0.43333333333333335,0.3584905660377358,0.1891891891891892,0.4,0.4666666666666667,0.3333333333333333,0.37533333333333335,0.05,-0.024999999999999967,0.1132075471698113,0.08108108108108109,0.08333333333333337,0.1166666666666667,-0.21666666666666673,0.028333333333333342,0.25155823803287913,0.25155823803287913,0.13859948959328514,4.153133783546452,0.07378849456982348,False,0,3,-0.025476247213495562,False,4,1680,0.1948578512651897,10,0.14285714285714285,1.1285714285714286,0.08571428571428572,0.0,0.8976190476190476,0.0,0.0011904761904761906,0.014285714285714285,0.03571428571428571,0.014285714285714285,0.01607142857142857,0.002380952380952381,0.0,0.018452380952380953,0.0,0.0,1,100,1,100,1,100,1,100,1,100,1,100,1,100,1,100,1,100,1,100
88,20.25,9.971428571428572,-8.5,5.474216000152582,19.0,0.29333333333333333,0.48333333333333334,0.1509433962264151,0.1891891891891892,0.4666666666666667,0.3,0.4,0.3706666666666667,0.06000000000000001,0.13333333333333336,0.0,0.02702702702702703,0.13333333333333336,0.033333333333333326,0.0,0.07400000000000001,0.31668027581201236,0.31668027581201236,0.1626086272143555,3.9101559203608116,0.30969514056953634,True,2,3,0.012652879709729892,False,4,1680,0.15708099842021123,9,0.12857142857142856,1.0857142857142856,0.07142857142857142,0.0,0.9220238095238096,0.0,0.016666666666666666,0.02619047619047619,0.004166666666666667,0.0011904761904761906,0.0,0.0,0.0,0.0035714285714285713,0.011904761904761904,0.014285714285714285,1,100,1,100,1,100,1,100,1,100,1,100,1,100,1,100,1,100,1,100
89,20.5,9.967857142857143,-10.5,6.698647886208183,18.0,0.2733333333333333,0.3333333333333333,0.20754716981132076,0.2702702702702703,0.38333333333333336,0.26666666666666666,0.2,0.30016666666666664,0.013333333333333315,-0.050000000000000044,0.09433962264150944,0.0,0.06666666666666671,0.0,0.0,0.02866666666666667,0.27496676356426736,0.27496676356426736,0.11379539205634004,3.460867203162131,0.0,False,2,3,-0.0020694342117760778,False,4,1680,0.20215821561436867,8,0.11428571428571428,1.042857142857143,0.014285714285714285,0.0,0.9,0.0,0.006547619047619048,0.0,0.014285714285714285,0.0,0.014285714285714285,0.019642857142857142,0.014285714285714285,0.014285714285714285,0.01607142857142857,0.0005952380952380953,1,100,1,100,1,100,1,100,1,100,1,100,1,100,1,100,1,100,1,100
90,17.583333333333336,9.517857142857142,-8.5,5.834436848974476,16.5,0.25666666666666665,0.3416666666666667,0.22641509433962265,0.16216216216216217,0.3,0.3,0.4166666666666667,0.3001666666666667,0.016666666666666666,-0.041666666666666685,0.07547169811320756,0.02702702702702703,0.09999999999999998,-0.016666666666666663,0.0,0.039999999999999994,0.29521005451674237,0.29521005451674237,0.12827971293630336,3.8642410323566083,0.2723560545939884,False,0,3,-0.02333321673556865,False,4,1680,0.1953132268088764,9,0.12857142857142856,1.0714285714285714,0.05714285714285714,0.0,0.9041666666666667,0.0,0.01607142857142857,0.014285714285714285,0.015476190476190477,0.014285714285714285,0.0,0.0,0.0,0.008928571428571428,0.014285714285714285,0.0125,1,100,1,100,1,100,1,100,1,100,1,100,1,100,1,100,1,100,1,100
91,21.5,9.626190476190475,-10.5,6.846426811899982,21.5,0.31666666666666665,0.325,0.37735849056603776,0.21621621621621623,0.36666666666666664,0.36666666666666664,0.2,0.3216666666666667,0.053333333333333344,0.016666666666666663,0.13207547169811323,0.0,0.09999999999999998,0.16666666666666663,-0.033333333333333326,0.068,0.2963132758457771,0.2963132758457771,0.18090128007341774,4.004180394231617,0.3102536802991316,False,2,3,-0.0002142483925904881,False,4,1680,0.19922519388585375,8,0.11428571428571428,1.0285714285714285,0.02857142857142857,0.0,0.9,0.0,0.0,0.01904761904761905,0.0,0.0,0.014285714285714285,0.002976190476190476,0.020833333333333332,0.014285714285714285,0.014285714285714285,0.014285714285714285,1,100,1,100,1,100,1,100,1,100,1,100,1,100,1,100,1,100,1,100
92,20.0,10.061904761904762,-11.25,5.983255167852039,18.0,0.26,0.36666666666666664,0.20754716981132076,0.16216216216216217,0.4,0.36666666666666664,0.43333333333333335,0.3456666666666667,0.009999999999999985,0.024999999999999967,0.018867924528301883,-0.02702702702702703,0.06666666666666671,0.033333333333333326,0.033333333333333326,0.03566666666666667,0.26833692964563755,0.26833692964563755,0.15414745536309638,4.4266278687604705,0.4511356622279355,False,2,3,-0.006243919608756199,False,4,1680,0.17752989983382006,7,0.1,1.042857142857143,0.02857142857142857,0.0,0.9095238095238095,0.005357142857142857,0.0,0.03333333333333333,0.0,0.014285714285714285,0.014285714285714285,0.014285714285714285,0.007738095238095238,0.0,0.0,0.0011904761904761906,1,100,1,100,1,100,1,100,1,100,1,100,1,100,1,100,1,100,1,100
93,20.5,9.425,-12.5,6.267786595722912,17.0,0.24666666666666667,0.3,0.22641509433962265,0.1891891891891892,0.3333333333333333,0.25,0.35,0.29283333333333333,0.0022222222222222144,-0.011111111111111127,0.018867924528301883,0.0,0.1333333333333333,0.04999999999999999,0.016666666666666663,0.05505555555555554,0.3053018461069828,0.3053018461069828,0.13787312195616067,3.9019759313064273,0.2379422607869329,True,2,3,0.01625268994686785,False,4,1680,0.18992652718458386,8,0.11428571428571428,1.0857142857142856,0.05714285714285714,0.0,0.9035714285714286,0.013095238095238096,0.005357142857142857,0.0125,0.0,0.0005952380952380953,0.014285714285714285,0.0,0.0011904761904761906,0.025,0.0,0.024404761904761905,1,100,1,100,1,100,1,100,1,100,1,100,1,100,1,100,1,100,1,100
94,17.166666666666668,9.75595238095238,-10.333333333333334,5.554658445141057,15.916666666666666,0.24666666666666667,0.38333333333333336,0.11320754716981132,0.21621621621621623,0.13333333333333333,0.38333333333333336,0.25,0.22116666666666668,0.010000000000000009,0.00833333333333336,0.018867924528301883,0.0,0.033333333333333326,0.15000000000000002,-0.11666666666666664,0.013166666666666677,0.2799300267664743,0.2799300267664743,0.09934089469837253,3.50925205084537,0.13969414220117635,False,2,3,-0.008049599960356757,False,4,1680,0.19923262246745072,8,0.11428571428571428,1.0285714285714285,0.02857142857142857,0.0,0.9,0.0,0.0,0.014285714285714285,0.025595238095238095,0.014285714285714285,0.013095238095238096,0.0,0.014285714285714285,0.014285714285714285,0.004166666666666667,0.0,1,100,1,100,1,100,1,100,1,100,1,100,1,100,1,100,1,100,1,100
95,19.666666666666664,9.389285714285714,-8.166666666666666,6.115679196089218,16.666666666666668,0.31333333333333335,0.36666666666666664,0.3018867924528302,0.24324324324324326,0.38333333333333336,0.5,0.3,0.3545,0.033333333333333326,0.0,0.09433962264150941,0.0,0.16666666666666669,0.08333333333333331,0.09999999999999998,0.095,0.303607243344636,0.303607243344636,0.15522327014463225,3.949344447286515,0.3047458205166884,False,1,3,-0.010075850489601357,False,4,1680,0.20609855511592085,11,0.15714285714285714,1.2,0.1,0.0,0.9041666666666667,0.016666666666666666,0.01488095238095238,0.014285714285714285,0.009523809523809525,0.0005952380952380953,0.0035714285714285713,0.008333333333333333,0.004166666666666667,0.005952380952380952,0.007142857142857143,0.010714285714285714,1,100,1,100,1,100,1,100,1,100,1,100,1,100,1,100,1,100,1,100
96,18.0,9.803571428571427,-10.25,6.714309460444331,18.0,0.24,0.36666666666666664,0.18867924528301888,0.10810810810810811,0.21666666666666667,0.2833333333333333,0.38333333333333336,0.25766666666666665,0.04,0.033333333333333326,0.07547169811320756,0.0,0.1,0.0,-0.033333333333333326,0.046,0.32144453942304024,0.32144453942304024,0.14743589977158983,3.8059002294789757,0.280736008814791,True,2,3,0.01613898890790888,False,4,1680,0.23283114307171096,13,0.18571428571428572,1.1857142857142857,0.17142857142857143,0.0,0.8833333333333333,0.0,0.0005952380952380953,0.0,0.008928571428571428,0.016666666666666666,0.005357142857142857,0.020833333333333332,0.022023809523809525,0.014285714285714285,0.014285714285714285,0.01369047619047619,1,100,1,100,1,100,1,100,1,100,1,100,1,100,1,100,1,100,1,100
97,19.5,9.892857142857142,-9.0,5.776683133703188,16.833333333333332,0.22666666666666666,0.35,0.1320754716981132,0.16216216216216217,0.4666666666666666,0.3333333333333333,0.23333333333333334,0.3223333333333333,-0.020000000000000018,-0.050000000000000044,0.0,0.0,0.06666666666666665,0.033333333333333326,0.0,0.018666666666666654,0.27387938617106783,0.27387938617106783,0.08682082712996787,3.562737741020332,0.1396025765191049,False,1,3,0.00048821670277549023,False,4,1680,0.18454231914610172,10,0.14285714285714285,1.1142857142857143,0.1,0.0,0.9107142857142857,0.014285714285714285,0.011904761904761904,0.017857142857142856,0.017261904761904763,0.010714285714285714,0.011904761904761904,0.0,0.0,0.0035714285714285713,0.0017857142857142857,0.0,1,100,1,100,1,100,1,100,1,100,1,100,1,100,1,100,1,100,1,100
98,21.5,9.439285714285713,-8.0,6.258865480967261,21.5,0.27,0.325,0.22641509433962265,0.24324324324324326,0.3555555555555555,0.3222222222222222,0.2833333333333333,0.30716666666666664,0.010000000000000009,-0.008333333333333304,0.037735849056603765,0.0,0.033333333333333326,0.033333333333333326,0.0,0.019000000000000003,0.35501634554913536,0.35501634554913536,0.13536794610851316,3.3406166491405656,0.1475721794818541,True,3,3,0.01643317964290475,False,4,1680,0.19749534412668798,12,0.17142857142857143,1.1571428571428573,0.12857142857142856,0.0,0.9035714285714286,0.004166666666666667,0.0,0.0017857142857142857,0.002976190476190476,0.007738095238095238,0.0,0.01488095238095238,0.02619047619047619,0.014285714285714285,0.01011904761904762,0.014285714285714285,1,100,1,100,1,100,1,100,1,100,1,100,1,100,1,100,1,100,1,100
99,18.0,9.773809523809526,-9.75,5.805514326796503,15.5,0.26222222222222225,0.3388888888888889,0.2641509433962264,0.13513513513513514,0.26666666666666666,0.4,0.4166666666666667,0.3007222222222222,0.019999999999999993,0.0,0.05660377358490565,0.0,0.016666666666666663,0.10000000000000003,0.0,0.02383333333333333,0.2699431731644415,0.2699431731644415,0.11483896026858294,3.8351176435008774,0.2117945561961145,False,2,3,-0.002387879710944396,False,4,1680,0.21201115090356937,12,0.17142857142857143,1.1285714285714286,0.11428571428571428,0.0,0.8964285714285715,0.004761904761904762,0.007142857142857143,0.013095238095238096,0.023214285714285715,0.014285714285714285,0.011904761904761904,0.014285714285714285,0.01369047619047619,0.0,0.0,0.0011904761904761906,1,100,1,100,1,100,1,100,1,100,1,100,1,100,1,100,1,100,1,100
100,19.0,9.642857142857139,-9.583333333333334,6.085210781019266,16.5,0.28,0.38333333333333336,0.16981132075471697,0.2702702702702703,0.4166666666666667,0.38333333333333336,0.26666666666666666,0.33616666666666667,0.05,0.041666666666666685,0.07547169811320753,0.02702702702702703,-0.033333333333333326,0.0,0.033333333333333326,0.01333333333333334,0.26597903742229545,0.26597903742229545,0.10181123696382337,3.5971423163166185,0.1016132758214859,False,2,3,0.001844376234752032,False,4,1680,0.26141724576083325,19,0.2714285714285714,1.2857142857142858,0.2571428571428571,0.0,0.8601190476190477,0.005357142857142857,0.02261904761904762,0.007738095238095238,0.0380952380952381,0.0,0.0,0.0,0.008928571428571428,0.014285714285714285,0.02857142857142857,0.014285714285714285,1,100,1,100,1,100,1,100,1,100,1,100,1,100,1,100,1,100,1,100
101,18.833333333333336,9.832142857142857,-9.0,6.128590506685812,16.666666666666664,0.31666666666666665,0.475,0.2830188679245283,0.10810810810810811,0.23333333333333334,0.2944444444444444,0.43333333333333335,0.30277777777777776,0.032222222222222194,0.030555555555555503,0.05660377358490565,0.0,0.033333333333333326,0.09999999999999992,-0.09999999999999998,0.01955555555555554,0.29937974240153015,0.29937974240153015,0.11763131276694512,3.481823446935993,0.11270897416557903,False,1,3,-0.0005603069144660688,False,4,1680,0.2454745721574258,17,0.24285714285714285,1.2857142857142858,0.2714285714285714,0.0,0.8708333333333333,0.0011904761904761906,0.011904761904761904,0.0,0.04285714285714286,0.0035714285714285713,0.01130952380952381,0.011904761904761904,0.01369047619047619,0.008928571428571428,0.023809523809523808,0.0,1,100,1,100,1,100,1,100,1,100,1,100,1,100,1,100,1,100,1,100
102,21.5,9.70595238095238,-10.0,5.866178304696707,17.5,0.23333333333333334,0.35,0.18867924528301888,0.10810810810810811,0.26666666666666666,0.40555555555555556,0.3333333333333333,0.2772222222222222,0.026666666666666672,0.016666666666666663,0.056603773584905676,0.0,0.1,-0.033333333333333326,0.06666666666666665,0.05233333333333333,0.26942413092762996,0.26942413092762996,0.1287830509116852,4.196873358066634,0.3450150083185218,False,1,3,-0.007565178757733382,False,4,1680,0.2053776625452801,13,0.18571428571428572,1.2142857142857142,0.17142857142857143,0.0,0.8976190476190476,0.023214285714285715,0.014285714285714285,0.009523809523809525,0.017261904761904763,0.01369047619047619,0.004761904761904762,0.0,0.0017857142857142857,0.0,0.0,0.017857142857142856,1,100,1,100,1,100,1,100,1,100,1,100,1,100,1,100,1,100,1,100
103,22.666666666666664,10.057142857142857,-11.5,6.580703857894391,19.5,0.26666666666666666,0.3333333333333333,0.2641509433962264,0.16216216216216217,0.26666666666666666,0.36666666666666664,0.26666666666666666,0.27666666666666667,0.03333333333333333,0.0,0.09433962264150944,0.0,0.06666666666666665,0.06666666666666665,0.016666666666666663,0.04583333333333333,0.27506673400187576,0.27506673400187576,0.1452685902382894,4.1044072497575135,0.23927249553466998,False,0,3,-0.02303039047862654,False,4,1680,0.20055920608935757,12,0.17142857142857143,1.1571428571428573,0.14285714285714285,0.0,0.9029761904761905,0.0017857142857142857,0.0035714285714285713,0.0,0.01130952380952381,0.0,0.01369047619047619,0.004761904761904762,0.010714285714285714,0.022023809523809525,0.01488095238095238,0.014285714285714285,1,100,1,100,1,100,1,100,1,100,1,100,1,100,1,100,1,100,1,100
104,25.583333333333332,9.525,-12.0,6.653653221387193,16.666666666666664,0.26666666666666666,0.31666666666666665,0.3018867924528302,0.13513513513513514,0.5166666666666667,0.36666666666666664,0.3333333333333333,0.3741666666666667,0.0,0.0,0.0,0.0,0.10000000000000003,0.033333333333333326,-0.016666666666666663,0.03583333333333334,0.27191119768495137,0.27191119768495137,0.0896371732620921,3.7571659893065275,0.15920346237062202,False,0,3,-0.01139950839467474,False,4,1680,0.2186543502796111,15,0.21428571428571427,1.1714285714285715,0.17142857142857143,0.0,0.8833333333333333,0.0,0.014285714285714285,0.014285714285714285,0.04404761904761905,0.014285714285714285,0.011904761904761904,0.015476190476190477,0.0,0.0,0.002380952380952381,0.0,1,100,1,100,1,100,1,100,1,100,1,100,1,100,1,100,1,100,1,100
105,18.0,10.271428571428572,-10.0,5.574080565408062,17.5,0.29,0.425,0.24528301886792453,0.13513513513513514,0.38333333333333336,0.31666666666666665,0.36666666666666664,0.3368333333333333,0.030000000000000006,0.07500000000000001,0.0,0.0,0.10555555555555557,-0.033333333333333326,0.033333333333333326,0.050611111111111114,0.30840441546018343,0.30840441546018343,0.15475881630920948,3.793566463276441,0.2229389341069595,True,2,3,0.01878527234201427,False,4,1680,0.15558143794098683,8,0.11428571428571428,1.0714285714285714,0.07142857142857142,0.0,0.9267857142857143,0.0,0.01369047619047619,0.002976190476190476,0.0017857142857142857,0.002380952380952381,0.0,0.0,0.0125,0.014285714285714285,0.014285714285714285,0.01130952380952381,1,100,1,100,1,100,1,100,1,100,1,100,1,100,1,100,1,100,1,100
106,19.75,9.779761904761905,-13.5,6.62672612604896,19.75,0.26666666666666666,0.36666666666666664,0.22641509433962265,0.16216216216216217,0.3,0.3333333333333333,0.2,0.275,-0.006666666666666664,0.0,-0.037735849056603765,0.02702702702702703,0.06666666666666665,0.0,-0.033333333333333326,0.015666666666666666,0.30685524411806786,0.30685524411806786,0.16347298101861263,3.556647420748135,0.12752454200762406,False,1,3,-0.02405700950538986,False,4,1680,0.19404085821673,10,0.14285714285714285,1.1428571428571428,0.1,0.0,0.8994047619047619,0.0,0.0,0.03571428571428571,0.0035714285714285713,0.014285714285714285,0.019642857142857142,0.014285714285714285,0.0011904761904761906,0.0,0.010714285714285714,0.0011904761904761906,1,100,1,100,1,100,1,100,1,100,1,100,1,100,1,100,1,100,1,100
107,20.75,10.407142857142858,-8.0,5.2335635158876155,17.0,0.30333333333333334,0.5083333333333333,0.18867924528301888,0.13513513513513514,0.38333333333333336,0.31666666666666665,0.38333333333333336,0.3446666666666667,0.04,0.08333333333333331,0.01886792452830191,0.0,0.03333333333333338,0.0,-0.04999999999999999,0.020166666666666687,0.256325094729611,0.256325094729611,0.12068795353190419,3.5017289444477235,0.10601906810694056,False,0,3,-0.022392892200265413,False,4,1680,0.1732762242409582,8,0.11428571428571428,1.0571428571428572,0.04285714285714286,0.0,0.9136904761904762,0.026785714285714284,0.014285714285714285,0.0125,0.0005952380952380953,0.0,0.0005952380952380953,0.0,0.0011904761904761906,0.0017857142857142857,0.014285714285714285,0.014285714285714285,1,100,1,100,1,100,1,100,1,100,1,100,1,100,1,100,1,100,1,100
108,21.5,10.063095238095238,-12.5,6.801689736870096,20.0,0.28,0.45,0.16981132075471697,0.16216216216216217,0.4,0.36666666666666664,0.35,0.3411666666666667,0.019999999999999997,0.016666666666666663,0.018867924528301883,0.02702702702702703,0.13333333333333336,-0.03333333333333338,0.0,0.051333333333333335,0.2936847249883827,0.2936847249883827,0.12886971584396012,3.890030381005058,0.2650454840592637,False,0,3,-0.03156759986173446,False,4,1680,0.2023993715968134,8,0.11428571428571428,1.042857142857143,0.02857142857142857,0.0,0.9,0.0,0.0,0.007142857142857143,0.014285714285714285,0.01904761904761905,0.0005952380952380953,0.01607142857142857,0.014285714285714285,0.014285714285714285,0.0,0.014285714285714285,1,100,1,100,1,100,1,100,1,100,1,100,1,100,1,100,1,100,1,100
109,21.0,9.864285714285714,-9.5,6.1163839857569835,16.75,0.3233333333333333,0.425,0.2830188679245283,0.21621621621621623,0.31666666666666665,0.4166666666666667,0.23333333333333334,0.3168333333333333,0.01333333333333333,0.0,0.037735849056603765,0.0,0.06666666666666665,0.1166666666666667,0.016666666666666663,0.04283333333333333,0.2919150441966256,0.2919150441966256,0.12386980329228363,3.5590817452353423,0.15459519077944878,True,2,3,0.01236686903666201,False,4,1680,0.20011869186454742,11,0.15714285714285714,1.1,0.1,0.0,0.8964285714285715,0.014285714285714285,0.014285714285714285,0.0,0.03154761904761905,0.0,0.008928571428571428,0.017261904761904763,0.0,0.0,0.0005952380952380953,0.016666666666666666,1,100,1,100,1,100,1,100,1,100,1,100,1,100,1,100,1,100,1,100
110,21.5,10.126190476190475,-14.0,6.218806966830772,19.5,0.27,0.425,0.22641509433962265,0.08108108108108109,0.3333333333333333,0.4222222222222222,0.36666666666666664,0.3218888888888889,0.04,0.04999999999999999,0.056603773584905676,0.0,0.09999999999999998,0.0,0.016666666666666663,0.05349999999999999,0.25884021175125715,0.25884021175125715,0.11020555032080176,3.9682573334528457,0.2528861954805249,False,2,3,0.004853236207395417,False,4,1680,0.1826340436275889,9,0.12857142857142856,1.1142857142857143,0.1,0.0,0.9101190476190476,0.023809523809523808,0.0,0.011904761904761904,0.005357142857142857,0.002380952380952381,0.0,0.0125,0.002380952380952381,0.002380952380952381,0.025,0.004166666666666667,1,100,1,100,1,100,1,100,1,100,1,100,1,100,1,100,1,100,1,100
111,18.5,9.888095238095238,-8.5,6.417638852052534,18.5,0.23333333333333334,0.3333333333333333,0.16981132075471697,0.16216216216216217,0.36666666666666664,0.3333333333333333,0.31666666666666665,0.3025,-0.0066666666666666844,-0.050000000000000044,0.018867924528301883,0.02702702702702703,0.3,0.016666666666666663,0.09999999999999998,0.11899999999999998,0.2970461960343643,0.2970461960343643,0.16285854723557633,4.25295741120898,0.3823685232674483,False,1,3,0.00802314684249611,True,5,1680,0.2230399433009561,11,0.15714285714285714,1.1571428571428573,0.12857142857142856,0.0,0.8869047619047619,0.0011904761904761906,0.014285714285714285,0.017261904761904763,0.026785714285714284,0.01607142857142857,0.014285714285714285,0.008928571428571428,0.014285714285714285,0.0,0.0,0.0,1,100,1,100,1,100,1,100,1,100,1,100,1,100,1,100,1,100,1,100
112,18.0,10.07857142857143,-9.333333333333332,5.448858292279438,16.5,0.27,0.4083333333333333,0.1320754716981132,0.24324324324324326,0.21666666666666667,0.55,0.36666666666666664,0.29383333333333334,0.02666666666666666,0.04999999999999999,0.018867924528301883,0.0,0.05000000000000002,0.25000000000000006,-0.03333333333333338,0.04816666666666667,0.2978306742970187,0.2978306742970187,0.14049239964758323,3.884762694399445,0.22727790129853473,True,3,3,0.02895565204020578,False,5,1680,0.17920381133241334,8,0.11428571428571428,1.042857142857143,0.04285714285714286,0.0,0.9136904761904762,0.004166666666666667,0.01488095238095238,0.014285714285714285,0.0005952380952380953,0.01011904761904762,0.0,0.0,0.0,0.01369047619047619,0.014285714285714285,0.014285714285714285,1,100,1,100,1,100,1,100,1,100,1,100,1,100,1,100,1,100,1,100
113,20.0,10.166666666666666,-10.5,6.574979630603972,18.0,0.23666666666666666,0.375,0.20754716981132076,0.05405405405405406,0.3333333333333333,0.26666666666666666,0.43333333333333335,0.303,8.881784197001253e-18,-0.033333333333333326,0.03773584905660379,0.0,0.06666666666666665,-0.033333333333333326,0.0,0.019999999999999997,0.3192545358352299,0.3192545358352299,0.1909685922058767,3.8814665484656827,0.08069108223858963,False,2,3,-0.0048158338306956705,False,5,1680,0.20488620322864873,9,0.12857142857142856,1.0571428571428572,0.04285714285714286,0.0,0.8982142857142857,0.0,0.0,0.0,0.024404761904761905,0.014285714285714285,0.006547619047619048,0.014285714285714285,0.0125,0.014285714285714285,0.014285714285714285,0.0011904761904761906,1,100,1,100,1,100,1,100,1,100,1,100,1,100,1,100,1,100,1,100
114,19.0,10.063095238095238,-6.5,5.576834094245519,18.0,0.24333333333333335,0.275,0.24528301886792453,0.1891891891891892,0.26666666666666666,0.36666666666666664,0.36666666666666664,0.2823333333333333,-0.01333333333333333,-0.08333333333333331,0.037735849056603765,0.02702702702702703,0.027777777777777762,0.016666666666666663,0.033333333333333326,0.011055555555555548,0.3010052913523082,0.3010052913523082,0.17212528211193534,3.665335302378084,0.0007984031936127746,False,1,3,-0.0001997283272082706,False,5,1680,0.1729819456383432,8,0.11428571428571428,1.1428571428571428,0.1,0.0,0.9184523809523809,0.01488095238095238,0.013095238095238096,0.004166666666666667,0.0125,0.010714285714285714,0.0,0.0,0.0005952380952380953,0.011904761904761904,0.0011904761904761906,0.0125,1,100,6,1400,6,1400,6,1200,6,1400,1,100,6,1500,6,1500,6,1500,6,1500
115,21.5,9.592857142857143,-8.0,6.290086412349987,17.0,0.28,0.48333333333333334,0.1320754716981132,0.16216216216216217,0.35,0.23333333333333334,0.1611111111111111,0.282,0.02666666666666666,0.06666666666666665,0.0,0.0,0.0,0.06666666666666668,-0.06666666666666668,0.007333333333333331,0.2889309551761756,0.2889309551761756,0.13190737910815828,3.733913261465386,0.07729469866400823,False,0,3,-0.009752054853418346,False,5,1680,0.26025040478661443,11,0.15714285714285714,1.1428571428571428,0.1,0.0,0.8666666666666667,0.01607142857142857,0.002380952380952381,0.01130952380952381,0.0,0.034523809523809526,0.002976190476190476,0.004166666666666667,0.014285714285714285,0.010714285714285714,0.02261904761904762,0.014285714285714285,1,100,1,100,1,100,1,100,1,100,1,100,1,100,1,100,1,100,1,100
116,23.5,9.780952380952382,-11.25,7.402061213208226,20.0,0.28,0.43333333333333335,0.20754716981132076,0.13513513513513514,0.2833333333333333,0.26666666666666666,0.21666666666666667,0.2703333333333333,0.016666666666666684,-0.008333333333333304,0.056603773584905676,0.0,0.06666666666666665,0.06666666666666665,-0.09999999999999998,0.02166666666666667,0.31246947506957606,0.31246947506957606,0.12624528234513083,3.394051455322287,0.005521596456593932,True,2,3,0.013720307954129485,False,5,1680,0.2675795423515206,12,0.17142857142857143,1.1571428571428573,0.14285714285714285,0.0,0.8630952380952381,0.014285714285714285,0.01488095238095238,0.008928571428571428,0.019642857142857142,0.0,0.022023809523809525,0.02976190476190476,0.011904761904761904,0.0,0.007738095238095238,0.007738095238095238,1,100,1,100,1,100,1,100,1,100,1,100,1,100,1,100,1,100,1,100
117,21.5,9.973809523809523,-13.25,6.35556160109444,21.5,0.2733333333333333,0.45,0.16981132075471697,0.13513513513513514,0.35,0.3333333333333333,0.23333333333333334,0.30016666666666664,0.033333333333333326,0.033333333333333326,0.037735849056603765,0.02702702702702703,0.09999999999999998,0.033333333333333326,-0.033333333333333326,0.046666666666666655,0.3224877918496705,0.3224877918496705,0.16236566662221377,3.7552857046039354,0.2016788256273142,True,3,3,0.021932986892225115,False,5,1680,0.21412206573752285,10,0.14285714285714285,1.0857142857142856,0.05714285714285714,0.0,0.893452380952381,0.011904761904761904,0.014285714285714285,0.01130952380952381,0.0011904761904761906,0.017857142857142856,0.0,0.0,0.018452380952380953,0.016666666666666666,0.0,0.01488095238095238,1,100,1,100,1,100,1,100,1,100,1,100,1,100,1,100,1,100,1,100
118,19.333333333333336,10.351190476190474,-9.5,6.108182984850505,17.25,0.26,0.3333333333333333,0.22641509433962265,0.1891891891891892,0.21666666666666667,0.3,0.2,0.23983333333333334,0.01666666666666666,-0.00833333333333336,0.056603773584905676,0.0,0.033333333333333354,-0.04999999999999999,0.033333333333333354,0.01833333333333334,0.2513876834380406,0.2513876834380406,0.10531714956359643,3.874217993367045,0.11411430516112718,False,1,3,-0.017171055236490596,False,5,1680,0.20951260293252105,9,0.12857142857142856,1.0857142857142856,0.07142857142857142,0.0,0.8970238095238096,0.009523809523809525,0.0,0.016666666666666666,0.017261904761904763,0.007142857142857143,0.014285714285714285,0.022023809523809525,0.006547619047619048,0.009523809523809525,0.0,0.0,1,100,1,100,1,100,1,100,1,100,1,100,1,100,1,100,1,100,1,100
119,18.25,10.092857142857143,-10.333333333333332,5.4621813563875765,17.0,0.26,0.3333333333333333,0.3018867924528302,0.08108108108108109,0.2833333333333333,0.3111111111111111,0.48333333333333334,0.30677777777777776,0.006666666666666664,-0.033333333333333326,0.05660377358490565,0.0,0.033333333333333326,0.06666666666666665,0.09999999999999998,0.03599999999999999,0.28851318902902484,0.28851318902902484,0.11587085048595762,3.6474649095383533,0.0599023566594449,False,2,3,0.004399470500401126,False,5,1680,0.1957833526721414,10,0.14285714285714285,1.0714285714285714,0.07142857142857142,0.0,0.9017857142857143,0.014285714285714285,0.014285714285714285,0.013095238095238096,0.026785714285714284,0.0,0.004166666666666667,0.0,0.0,0.0,0.015476190476190477,0.01011904761904762,1,100,1,100,1,100,1,100,1,100,1,100,1,100,1,100,1,100,1,100
120,20.5,9.969047619047618,-12.0,6.630948533810973,17.833333333333336,0.30666666666666664,0.48333333333333334,0.20754716981132076,0.16216216216216217,0.43333333333333335,0.2222222222222222,0.25,0.3340555555555555,0.039999999999999994,0.06666666666666665,0.018867924528301883,0.02702702702702703,0.13333333333333336,0.0,-0.016666666666666663,0.060166666666666674,0.32387343482682923,0.32387343482682923,0.1567852976048633,3.583002268555259,0.05645758501252333,True,3,3,0.02933512310902109,False,5,1680,0.21937387185895432,14,0.2,1.1571428571428573,0.11428571428571428,0.0,0.8892857142857142,0.0,0.0,0.0,0.017261904761904763,0.015476190476190477,0.015476190476190477,0.0011904761904761906,0.007738095238095238,0.014285714285714285,0.014285714285714285,0.025,1,100,1,100,1,100,1,100,1,100,1,100,1,100,1,100,1,100,1,100
121,20.25,10.148809523809526,-13.25,5.769065920808971,19.75,0.23333333333333334,0.35,0.16981132075471697,0.13513513513513514,0.3333333333333333,0.3333333333333333,0.35,0.29583333333333334,-0.013333333333333353,-0.06666666666666671,0.037735849056603765,0.0,0.016666666666666663,0.033333333333333326,-0.050000000000000044,-0.003666666666666684,0.28447747926320904,0.28447747926320904,0.1395998255405946,3.877067405896495,0.23204977412826774,False,1,3,-0.02211141790897936,False,5,1680,0.18357395832888967,12,0.17142857142857143,1.1857142857142857,0.11428571428571428,0.0,0.9101190476190476,0.014285714285714285,0.008928571428571428,0.015476190476190477,0.02619047619047619,0.0011904761904761906,0.010714285714285714,0.0017857142857142857,0.0,0.01011904761904762,0.0011904761904761906,0.0,1,100,1,100,1,100,1,100,1,100,1,100,1,100,1,100,1,100,1,100
122,20.5,9.935714285714285,-14.0,6.299770538959131,19.416666666666664,0.26666666666666666,0.43333333333333335,0.1320754716981132,0.1891891891891892,0.25,0.36666666666666664,0.36666666666666664,0.28583333333333333,0.033333333333333326,0.04999999999999999,0.018867924528301883,0.02702702702702703,0.033333333333333326,0.04999999999999999,0.04999999999999999,0.03749999999999999,0.29173410511337067,0.29173410511337067,0.15297334016401906,3.9464799499212604,0.263347091869565,False,1,3,-0.003479678102721151,False,5,1680,0.18171704673866707,8,0.11428571428571428,1.0857142857142856,0.07142857142857142,0.0,0.9083333333333333,0.014285714285714285,0.0,0.0011904761904761906,0.008333333333333333,0.0,0.0,0.014285714285714285,0.0125,0.030357142857142857,0.0,0.010714285714285714,1,100,1,100,1,100,1,100,1,100,1,100,1,100,1,100,1,100,1,100
123,18.5,10.007142857142858,-10.0,5.692583291893707,18.25,0.3333333333333333,0.5166666666666667,0.22641509433962265,0.1891891891891892,0.26666666666666666,0.31666666666666665,0.4666666666666667,0.3283333333333333,0.060000000000000026,0.10000000000000003,0.056603773584905676,0.0,0.033333333333333326,0.06666666666666665,-0.033333333333333326,0.03733333333333334,0.3069001524758685,0.3069001524758685,0.16054087516824692,4.138035119975457,0.18469064062455595,False,1,3,0.001546906187624708,False,5,1680,0.2239558351410465,11,0.15714285714285714,1.1857142857142857,0.12857142857142856,0.0,0.8869047619047619,0.0011904761904761906,0.01369047619047619,0.015476190476190477,0.025,0.025,0.002380952380952381,0.016666666666666666,0.009523809523809525,0.002976190476190476,0.0,0.0011904761904761906,1,100,1,100,1,100,1,100,1,100,1,100,1,100,1,100,1,100,1,100
124,21.75,10.117857142857142,-10.0,6.59561080690028,18.0,0.22666666666666666,0.3333333333333333,0.22641509433962265,0.05405405405405406,0.26666666666666666,0.3,0.23333333333333334,0.249,-0.023333333333333338,-0.05833333333333335,0.0,0.0,0.1,0.09999999999999998,-0.016666666666666663,0.033166666666666664,0.31639441088615033,0.31639441088615033,0.1426372884023847,3.948152763476333,0.2367424333516246,False,2,3,0.0002798224896197743,False,5,1680,0.1998900055185709,8,0.11428571428571428,1.042857142857143,0.04285714285714286,0.0,0.8964285714285715,0.014285714285714285,0.0005952380952380953,0.011904761904761904,0.0035714285714285713,0.014285714285714285,0.0,0.0,0.002380952380952381,0.0,0.027976190476190477,0.02857142857142857,1,100,1,100,1,100,1,100,1,100,1,100,1,100,1,100,1,100,1,100
125,22.916666666666668,10.016666666666666,-11.0,6.710282916941493,17.5,0.24666666666666667,0.3,0.18867924528301888,0.24324324324324326,0.43333333333333335,0.2833333333333333,0.21666666666666667,0.3111666666666667,-0.02666666666666667,-0.08333333333333337,0.01886792452830191,0.0,0.13333333333333336,0.08333333333333331,-0.016666666666666663,0.041833333333333333,0.30631229326669773,0.30631229326669773,0.14184493371781445,3.609757119568821,0.060619104980983635,False,2,3,-0.006544559657610638,False,5,1680,0.20345453298595786,10,0.14285714285714285,1.0571428571428572,0.05714285714285714,0.0,0.8970238095238096,0.0,0.0,0.0,0.015476190476190477,0.026785714285714284,0.014285714285714285,0.014285714285714285,0.014285714285714285,0.014285714285714285,0.0035714285714285713,0.0,1,100,1,100,1,100,1,100,1,100,1,100,1,100,1,100,1,100,1,100
126,20.0,10.033333333333331,-7.5,6.021166369105279,20.0,0.24333333333333335,0.35833333333333334,0.24528301886792453,0.05405405405405406,0.2555555555555556,0.40555555555555556,0.2888888888888889,0.27066666666666667,0.016666666666666673,0.041666666666666685,0.0,0.0,0.06666666666666674,0.16666666666666666,-0.08333333333333326,0.034166666666666706,0.2802347659554932,0.2802347659554932,0.12959519077944878,3.7520103276470063,0.16032848505253092,False,0,3,-0.028809121443130525,False,5,1680,0.18404117919923524,9,0.12857142857142856,1.1142857142857143,0.08571428571428572,0.0,0.9101190476190476,0.002380952380952381,0.0011904761904761906,0.0005952380952380953,0.030357142857142857,0.014285714285714285,0.004166666666666667,0.0,0.004166666666666667,0.008333333333333333,0.01011904761904762,0.014285714285714285,1,100,1,100,1,100,1,100,1,100,1,100,1,100,1,100,1,100,1,100
127,20.75,9.73452380952381,-11.0,6.704554434865005,19.5,0.25333333333333335,0.3,0.18867924528301888,0.2702702702702703,0.31666666666666665,0.11666666666666667,0.4,0.2838333333333333,0.029999999999999995,0.008333333333333304,0.03773584905660379,0.05405405405405406,0.0,0.03333333333333334,0.0,0.015333333333333332,0.2622553420601902,0.2622553420601902,0.11431452538515523,3.681670612772264,0.11479709438370429,False,1,3,-0.030981301362226266,False,5,1680,0.23331597437999876,11,0.15714285714285714,1.2285714285714286,0.14285714285714285,0.0,0.8833333333333333,0.0,0.0,0.005357142857142857,0.019642857142857142,0.002380952380952381,0.014285714285714285,0.01904761904761905,0.010714285714285714,0.006547619047619048,0.023809523809523808,0.01488095238095238,1,100,1,100,1,100,1,100,1,100,1,100,1,100,1,100,1,100,1,100
128,20.333333333333332,9.973809523809525,-9.75,5.72133196517929,16.5,0.30333333333333334,0.475,0.16981132075471697,0.21621621621621623,0.3,0.43333333333333335,0.35,0.32216666666666666,0.09666666666666665,0.2583333333333333,0.0,-0.02702702702702703,0.0,0.0,-0.03333333333333338,0.03366666666666666,0.31462673411847353,0.31462673411847353,0.1224479846440744,3.450642380809757,0.10370110454519949,True,3,3,0.0156787010134532,False,5,1680,0.2304967487296879,13,0.18571428571428572,1.1142857142857143,0.11428571428571428,0.0,0.8821428571428571,0.0,0.014285714285714285,0.014285714285714285,0.02976190476190476,0.014285714285714285,0.014285714285714285,0.015476190476190477,0.0,0.014285714285714285,0.0,0.0011904761904761906,1,100,1,100,1,100,1,100,1,100,1,100,1,100,1,100,1,100,1,100
129,19.75,10.249999999999998,-6.25,5.44210145568495,17.0,0.26666666666666666,0.3333333333333333,0.22641509433962265,0.21621621621621623,0.3,0.31666666666666665,0.4,0.30333333333333334,0.04999999999999999,0.05833333333333329,0.07547169811320756,0.0,0.0,-0.016666666666666663,0.0,0.01833333333333333,0.3034852529333447,0.3034852529333447,0.1291534492169367,3.385945269009262,0.005516786798801084,True,2,3,0.0053076577768159106,False,5,1680,0.18816608569393328,9,0.12857142857142856,1.1714285714285715,0.12857142857142856,0.0,0.906547619047619,0.009523809523809525,0.023809523809523808,0.004166666666666667,0.0,0.0,0.0,0.0,0.01488095238095238,0.01011904761904762,0.0125,0.018452380952380953,1,100,1,100,1,100,1,100,1,100,1,100,1,100,1,100,1,100,1,100
130,20.0,10.121428571428572,-10.5,6.355860402120799,17.25,0.26,0.35,0.18867924528301888,0.21621621621621623,0.23333333333333334,0.23333333333333334,0.4,0.269,0.04666666666666667,0.016666666666666663,0.09433962264150944,0.02702702702702703,0.08333333333333334,0.0,0.016666666666666663,0.05033333333333334,0.2825497356267142,0.2825497356267142,0.1594317085677738,4.263472197627381,0.32846876528068364,False,2,3,-0.007416480170971185,False,5,1680,0.23777204060808974,14,0.2,1.2428571428571429,0.24285714285714285,0.0,0.8821428571428571,0.0,0.0,0.014285714285714285,0.002976190476190476,0.025595238095238095,0.01369047619047619,0.008928571428571428,0.015476190476190477,0.014285714285714285,0.011904761904761904,0.010714285714285714,1,100,1,100,1,100,1,100,1,100,1,100,1,100,1,100,1,100,1,100
131,24.0,10.25595238095238,-10.0,6.081740193029477,22.0,0.2733333333333333,0.4166666666666667,0.16981132075471697,0.1891891891891892,0.38333333333333336,0.35,0.38333333333333336,0.33599999999999997,0.019999999999999993,0.016666666666666663,0.037735849056603765,0.0,0.06666666666666671,0.0,0.10000000000000003,0.04633333333333335,0.2764373832352333,0.2764373832352333,0.11740266576497728,3.5583555415638237,0.008046848981846457,True,2,3,0.005098200823617449,False,5,1680,0.26714973846437073,18,0.2571428571428571,1.5285714285714285,0.5142857142857142,0.0,0.8589285714285714,0.023809523809523808,0.014285714285714285,0.008928571428571428,0.04047619047619048,0.008928571428571428,0.0,0.0,0.005952380952380952,0.002976190476190476,0.014285714285714285,0.02142857142857143,1,100,1,100,1,100,1,100,1,100,1,100,1,100,1,100,1,100,1,100
132,19.5,9.60952380952381,-10.75,6.232667122170277,19.5,0.30666666666666664,0.4,0.2641509433962264,0.21621621621621623,0.3333333333333333,0.23333333333333334,0.3,0.30766666666666664,0.030000000000000006,0.00833333333333336,0.07547169811320753,0.0,0.1333333333333333,-0.033333333333333326,-0.1444444444444445,0.03366666666666666,0.2813662136600597,0.2813662136600597,0.15557648849799485,4.056588739279382,0.23622845583021615,True,3,3,0.027550928324682034,False,5,1680,0.23732210722004918,15,0.21428571428571427,1.457142857142857,0.38571428571428573,0.0,0.8767857142857143,0.002976190476190476,0.0,0.0,0.005952380952380952,0.0005952380952380953,0.008928571428571428,0.034523809523809526,0.02142857142857143,0.014285714285714285,0.019642857142857142,0.01488095238095238,1,100,1,100,1,100,1,100,1,100,1,100,1,100,1,100,1,100,1,100
133,23.25,10.417857142857143,-6.5,5.690330367727128,23.25,0.21666666666666667,0.275,0.16981132075471697,0.1891891891891892,0.36666666666666664,0.25,0.4,0.30000000000000004,0.043333333333333335,0.041666666666666685,0.07547169811320753,0.0,-0.01666666666666672,0.0,0.03333333333333338,0.016499999999999994,0.2699910146847597,0.2699910146847597,0.12574318322099867,3.7670358079022677,0.03135601742845087,False,1,3,-0.025280375114441922,False,5,1680,0.2985301346118932,22,0.3142857142857143,1.4,0.32857142857142857,0.0,0.8392857142857143,0.01369047619047619,0.014285714285714285,0.014285714285714285,0.04880952380952381,0.014285714285714285,0.014285714285714285,0.011904761904761904,0.023809523809523808,0.0,0.0,0.005357142857142857,1,100,1,100,5,900,5,800,5,900,1,100,5,1000,1,100,5,1000,1,100
134,25.0,10.221428571428572,-8.5,6.550110348553777,22.0,0.3233333333333333,0.3416666666666667,0.3018867924528302,0.32432432432432434,0.3333333333333333,0.36666666666666664,0.2833333333333333,0.32516666666666666,0.06,-0.033333333333333326,0.18867924528301885,0.02702702702702703,-0.016666666666666663,0.06666666666666665,0.0,0.024833333333333332,0.3372760928186222,0.3372760928186222,0.15690871512421184,3.591067718524251,0.12494678405146625,False,2,3,-0.0028813372403301285,False,5,1680,0.25231858126286066,16,0.22857142857142856,1.2571428571428571,0.2,0.0,0.8630952380952381,0.02738095238095238,0.0,0.002380952380952381,0.02261904761904762,0.004761904761904762,0.0035714285714285713,0.01488095238095238,0.033928571428571426,0.0,0.0,0.02738095238095238,1,100,1,100,1,100,1,100,1,100,1,100,1,100,1,100,1,100,1,100
135,21.583333333333336,10.03452380952381,-10.0,6.55104336863122,21.583333333333336,0.26777777777777784,0.3194444444444445,0.3018867924528302,0.13513513513513514,0.45,0.26666666666666666,0.36666666666666664,0.3462777777777778,0.0011111111111111278,-0.047222222222222165,0.05660377358490565,0.0,0.08333333333333337,0.04999999999999999,0.04999999999999999,0.04211111111111113,0.264338537237318,0.264338537237318,0.11940070206429056,4.359731832428608,0.3465480138663892,False,1,3,-0.02753006218304538,False,5,1680,0.386370581966238,27,0.38571428571428573,1.5857142857142856,0.4,0.0,0.7333333333333333,0.0011904761904761906,0.017261904761904763,0.02142857142857143,0.07678571428571429,0.0,0.0,0.030952380952380953,0.10654761904761904,0.010714285714285714,0.0,0.0017857142857142857,1,100,1,100,1,100,1,100,1,100,1,100,1,100,1,100,1,100,1,100
136,21.833333333333336,10.110714285714286,-8.5,5.666626775569875,21.833333333333336,0.25,0.35833333333333334,0.18867924528301888,0.16216216216216217,0.21666666666666667,0.3333333333333333,0.3222222222222222,0.2575,0.016666666666666677,0.00833333333333336,0.0,0.05405405405405406,0.1,0.09999999999999998,-0.06666666666666671,0.04166666666666666,0.28913724212764685,0.28913724212764685,0.17136205865013313,4.277185297167621,0.3824896027587031,False,0,3,-0.03575302844475342,False,5,1680,0.28058047741362657,15,0.21428571428571427,1.3142857142857143,0.24285714285714285,0.0,0.8458333333333333,0.0017857142857142857,0.014285714285714285,0.002380952380952381,0.01607142857142857,0.0005952380952380953,0.0125,0.007142857142857143,0.058333333333333334,0.023214285714285715,0.0017857142857142857,0.01607142857142857,1,100,1,100,1,100,1,100,1,100,1,100,1,100,1,100,1,100,1,100
137,25.0,10.102380952380951,-10.5,6.741840621520684,20.25,0.26,0.35,0.20754716981132076,0.1891891891891892,0.26666666666666666,0.3,0.6333333333333333,0.32233333333333336,0.013333333333333322,-0.03333333333333338,0.056603773584905676,0.02702702702702703,-0.033333333333333326,0.04999999999999999,0.016666666666666607,0.0011666666666666553,0.2956826459044914,0.2956826459044914,0.15337565103455011,3.773000894887844,0.007325291002514869,False,1,3,0.001702770678674359,False,5,1680,0.3017725829445636,19,0.2714285714285714,1.4428571428571428,0.38571428571428573,0.0,0.8404761904761905,0.005952380952380952,0.0,0.013095238095238096,0.01904761904761905,0.02023809523809524,0.014285714285714285,0.020833333333333332,0.041666666666666664,0.0125,0.0017857142857142857,0.01011904761904762,1,100,1,100,1,100,1,100,1,100,1,100,1,100,1,100,1,100,1,100
138,21.0,9.814285714285715,-9.75,5.955442545971488,16.25,0.2488888888888889,0.38888888888888895,0.16981132075471697,0.13513513513513514,0.45,0.4,0.2833333333333333,0.3395555555555556,0.02666666666666666,0.016666666666666663,0.037735849056603765,0.02702702702702703,0.0,-0.016666666666666663,-0.06666666666666665,-0.0009999999999999985,0.27999779921719176,0.27999779921719176,0.10563704646202303,3.6395779088045157,0.003915170753782687,False,2,3,-0.0029939391024449424,False,5,1680,0.47124679985658835,36,0.5142857142857142,1.7571428571428571,0.6428571428571429,0.0,0.655952380952381,0.0,0.019642857142857142,0.0125,0.05476190476190476,0.002380952380952381,0.0035714285714285713,0.08571428571428572,0.13035714285714287,0.0,0.004166666666666667,0.030952380952380953,1,100,1,100,1,100,1,100,9,3900,1,100,1,100,1,100,9,4000,1,100
139,19.0,9.70357142857143,-9.5,6.624354351801487,17.5,0.26,0.31666666666666665,0.16981132075471697,0.2972972972972973,0.3,0.3333333333333333,0.21666666666666667,0.2748333333333334,0.03333333333333333,-0.033333333333333326,0.037735849056603765,0.13513513513513514,0.033333333333333326,0.06666666666666665,-0.11666666666666664,0.014166666666666668,0.288491745971365,0.288491745971365,0.20211129402385444,4.383329052009162,0.16218949468714997,False,1,3,-0.05197593130642697,False,5,1680,0.39868850735198247,32,0.45714285714285713,1.5857142857142856,0.5428571428571428,0.0,0.7226190476190476,0.014285714285714285,0.0,0.0011904761904761906,0.008333333333333333,0.011904761904761904,0.011904761904761904,0.13273809523809524,0.07142857142857142,0.002380952380952381,0.008928571428571428,0.014285714285714285,1,100,8,2900,8,2900,8,2400,8,2900,1,100,8,3000,8,3000,8,3000,8,3000
140,19.75,9.915476190476191,-9.5,5.898538507060403,17.5,0.2733333333333333,0.3333333333333333,0.24528301886792453,0.21621621621621623,0.4,0.3,0.23333333333333334,0.31433333333333335,0.01333333333333334,0.0,0.07547169811320756,-0.05405405405405406,0.15000000000000002,0.08888888888888885,-0.033333333333333326,0.06172222222222223,0.28260146373918826,0.28260146373918826,0.14865486260046537,3.717238323644788,0.004925271763883697,False,1,3,-0.0011542571422811232,False,5,1680,0.4172250895885552,31,0.44285714285714284,1.5714285714285714,0.5142857142857142,0.0,0.6976190476190476,0.014285714285714285,0.014285714285714285,0.0125,0.025595238095238095,0.0017857142857142857,0.014285714285714285,0.1595238095238095,0.05654761904761905,0.0,0.002976190476190476,0.0005952380952380953,1,100,1,100,1,100,1,100,1,100,1,100,1,100,1,100,1,100,1,100
141,22.5,9.521428571428572,-13.75,6.3222598323507,19.5,0.24111111111111108,0.26944444444444443,0.20754716981132076,0.24324324324324326,0.3333333333333333,0.45,0.13333333333333333,0.2781111111111111,-1.7763568394002505e-17,-0.06666666666666671,0.0,0.10810810810810811,0.0,0.17222222222222222,-0.13333333333333333,-0.0027777777777777853,0.28961308246352613,0.28961308246352613,0.19436158715792218,4.265108155357776,0.03644871629504773,False,1,3,-0.003075393572111007,False,5,1680,0.3771434960483459,30,0.42857142857142855,1.5857142857142856,0.4714285714285714,0.0,0.6958333333333333,0.0035714285714285713,0.024404761904761905,0.002380952380952381,0.0017857142857142857,0.0,0.0005952380952380953,0.21369047619047618,0.014285714285714285,0.014285714285714285,0.0125,0.016666666666666666,1,100,1,100,1,100,8,2400,8,2900,1,100,8,3000,8,3000,8,3000,8,3000
142,20.75,9.353571428571428,-12.25,6.89713875162619,20.0,0.29333333333333333,0.4166666666666667,0.24528301886792453,0.16216216216216217,0.36666666666666664,0.29444444444444445,0.35,0.32761111111111113,0.06,0.0,0.11320754716981132,0.08108108108108109,0.033333333333333326,-0.0666666666666666,0.1333333333333333,0.048999999999999995,0.2931166873992067,0.2931166873992067,0.17416623489056934,4.049206515774585,0.058310359930012184,False,1,3,0.00766213708642105,False,5,1680,0.3993521943808011,32,0.45714285714285713,1.7142857142857142,0.5571428571428572,0.0,0.705952380952381,0.0,0.0005952380952380953,0.02857142857142857,0.0005952380952380953,0.014285714285714285,0.01369047619047619,0.17142857142857143,0.02857142857142857,0.014285714285714285,0.0,0.022023809523809525,1,100,1,100,1,100,1,100,1,100,1,100,1,100,1,100,1,100,8,3000
143,22.5,10.141666666666667,-9.5,6.64962628738674,20.0,0.32666666666666666,0.4,0.2830188679245283,0.2702702702702703,0.23333333333333334,0.23333333333333334,0.2833333333333333,0.2781666666666667,0.06666666666666667,0.016666666666666663,0.07547169811320753,0.13513513513513514,0.016666666666666663,-0.033333333333333326,-0.06666666666666665,0.019166666666666672,0.30860159928408976,0.30860159928408976,0.1820087462898227,4.001724171226733,0.05948377068426126,False,1,3,-0.01384449064630866,False,5,1680,0.39654120996960746,37,0.5285714285714286,1.8142857142857143,0.6428571428571429,0.0,0.7107142857142857,0.01488095238095238,0.0005952380952380953,0.030357142857142857,0.027976190476190477,0.01488095238095238,0.0,0.17202380952380952,0.004761904761904762,0.002380952380952381,0.007142857142857143,0.014285714285714285,1,100,1,100,1,100,1,100,8,2900,1,100,1,100,1,100,8,3000,8,3000
144,20.0,9.20595238095238,-9.833333333333332,7.181362582227343,18.0,0.23333333333333334,0.18333333333333332,0.3018867924528302,0.21621621621621623,0.26666666666666666,0.23333333333333334,0.3,0.25499999999999995,-0.05333333333333336,-0.2166666666666667,0.05660377358490565,0.05405405405405406,0.04999999999999999,-0.09444444444444439,-0.13333333333333336,-0.033277777777777795,0.25671473773883413,0.25671473773883413,0.19034413830243857,4.913209634036053,0.5074971633950063,False,1,3,-0.031656487438898484,False,5,1680,0.4125096521267129,38,0.5428571428571428,1.9714285714285715,0.7571428571428571,0.0,0.656547619047619,0.0,0.0,0.0,0.007738095238095238,0.01904761904761905,0.014285714285714285,0.22976190476190475,0.014285714285714285,0.0017857142857142857,0.018452380952380953,0.0380952380952381,1,100,1,100,8,2900,1,100,8,2900,1,100,1,100,1,100,8,3000,8,3000
145,22.5,9.257142857142858,-8.0,6.811109955129316,19.0,0.32666666666666666,0.45,0.16981132075471697,0.35135135135135137,0.36666666666666664,0.4388888888888889,0.23333333333333334,0.3378888888888889,-0.009999999999999995,0.00833333333333336,-0.03773584905660379,0.0,0.1333333333333333,0.04999999999999999,-0.033333333333333326,0.04266666666666666,0.29208615748908656,0.29208615748908656,0.1626268031054843,3.899628016693885,0.0007984031936127746,True,3,3,0.010098289486500989,False,5,1680,0.48897240950029847,49,0.7,2.2285714285714286,0.8,0.0,0.6190476190476191,0.01369047619047619,0.025,0.008333333333333333,0.06666666666666667,0.017857142857142856,0.01607142857142857,0.20416666666666666,0.0,0.0,0.015476190476190477,0.01369047619047619,1,100,1,100,1,100,1,100,8,2900,1,100,1,100,1,100,8,3000,8,3000
146,20.5,9.407142857142857,-10.0,6.718999105491222,20.5,0.33,0.49166666666666664,0.24528301886792453,0.1891891891891892,0.26666666666666666,0.3333333333333333,0.36666666666666664,0.31366666666666665,0.04999999999999999,0.04166666666666663,0.11320754716981132,-0.02702702702702703,0.0,0.0222222222222222,0.06666666666666665,0.032222222222222215,0.28617338160480793,0.28617338160480793,0.15605424783875113,3.7668488506739717,0.004338566386759157,False,0,3,-0.012602214337298356,False,5,1680,0.45293309463871506,47,0.6714285714285714,2.0142857142857142,0.7285714285714285,0.0,0.6190476190476191,0.0011904761904761906,0.017261904761904763,0.02619047619047619,0.0125,0.0125,0.0035714285714285713,0.25535714285714284,0.007738095238095238,0.002380952380952381,0.01488095238095238,0.02738095238095238,1,100,8,2900,8,2900,8,2400,8,2900,1,100,1,100,8,3000,8,3000,8,3000
147,24.5,9.91904761904762,-10.583333333333332,6.711012795678769,19.25,0.3,0.45,0.20754716981132076,0.1891891891891892,0.5333333333333333,0.3333333333333333,0.4666666666666667,0.41,0.023333333333333338,0.05833333333333335,-0.018867924528301883,0.02702702702702703,0.1333333333333333,0.18333333333333332,0.04999999999999999,0.08183333333333331,0.3122699471447758,0.3122699471447758,0.17901569988901353,3.7335435918961637,0.0,True,3,3,0.02165475547626905,False,5,1680,0.4008542761690748,33,0.4714285714285714,1.7,0.5857142857142857,0.0,0.7172619047619048,0.0,0.01369047619047619,0.005952380952380952,0.016666666666666666,0.014285714285714285,0.011904761904761904,0.16785714285714284,0.01488095238095238,0.01369047619047619,0.020833333333333332,0.002976190476190476,1,100,8,2900,8,2900,8,2400,8,2900,1,100,8,3000,1,100,8,3000,1,100
148,20.5,9.248809523809523,-13.583333333333334,6.624591824160541,18.0,0.22444444444444447,0.34444444444444444,0.1320754716981132,0.16216216216216217,0.4166666666666667,0.26666666666666666,0.5333333333333333,0.3422777777777778,0.033333333333333326,0.06666666666666665,0.0,0.02702702702702703,0.033333333333333326,-0.06666666666666665,0.0,0.01833333333333333,0.27123886582439355,0.27123886582439355,0.1258636068498272,3.702705960842098,0.061901935450020006,False,0,3,-0.015273736329215748,False,5,1680,0.36871257240283495,35,0.5,1.7,0.6142857142857143,0.0,0.6845238095238095,0.0,0.018452380952380953,0.004761904761904762,0.002976190476190476,0.0017857142857142857,0.005952380952380952,0.2357142857142857,0.007142857142857143,0.0,0.02261904761904762,0.01607142857142857,1,100,1,100,1,100,1,100,1,100,1,100,1,100,1,100,1,100,1,100
149,18.166666666666664,9.498809523809523,-11.5,7.018053432369394,18.166666666666664,0.26666666666666666,0.4,0.22641509433962265,0.10810810810810811,0.31666666666666665,0.36666666666666664,0.43333333333333335,0.31916666666666665,-0.006666666666666664,-0.016666666666666663,-0.018867924528301883,0.02702702702702703,0.0,0.016666666666666663,0.033333333333333326,0.003999999999999999,0.30362642732060524,0.30362642732060524,0.15051017898485614,3.7171314909429043,0.013381087405328082,False,0,3,-0.018748355789334092,False,5,1680,0.4024748263421251,34,0.4857142857142857,1.5,0.4714285714285714,0.0,0.7494047619047619,0.005952380952380952,0.029166666666666667,0.0,0.014285714285714285,0.025,0.008928571428571428,0.10892857142857143,0.011904761904761904,0.013095238095238096,0.016666666666666666,0.016666666666666666,1,100,1,100,1,100,1,100,8,2900,1,100,1,100,1,100,8,3000,8,3000
150,22.0,10.221428571428572,-10.0,5.602700697167466,18.833333333333336,0.23666666666666666,0.24166666666666667,0.18867924528301888,0.2972972972972973,0.21111111111111114,0.36666666666666664,0.5666666666666667,0.2902222222222222,-0.013333333333333334,-0.08333333333333334,0.056603773584905676,0.0,0.033333333333333354,0.04999999999999999,0.016666666666666607,0.013833333333333328,0.3250508475564388,0.3250508475564388,0.15918147276094033,3.598960640238326,0.037040923629192875,True,2,3,0.01363607214195195,False,5,1680,0.28437117689769986,20,0.2857142857142857,1.3857142857142857,0.35714285714285715,0.0,0.8303571428571429,0.01369047619047619,0.004761904761904762,0.02857142857142857,0.0035714285714285713,0.0,0.0,0.08095238095238096,0.0,0.011904761904761904,0.01607142857142857,0.01011904761904762,1,100,1,100,1,100,1,100,1,100,1,100,1,100,1,100,1,100,1,100
151,21.0,10.445238095238095,-10.25,6.690002101487999,19.0,0.23,0.375,0.11320754716981132,0.16216216216216217,0.3,0.3888888888888889,0.26666666666666666,0.2758888888888889,-0.006666666666666664,-0.016666666666666663,-0.018867924528301883,0.02702702702702703,0.0,0.06666666666666671,0.0,0.004000000000000005,0.28251393039647854,0.28251393039647854,0.09521143304239761,3.3338941685814203,0.002400019238631172,False,1,3,-0.02183896172605504,False,5,1680,0.2905651528827235,23,0.32857142857142857,1.5142857142857142,0.4857142857142857,0.0,0.8184523809523809,0.0005952380952380953,0.0,0.01488095238095238,0.0,0.0,0.014285714285714285,0.0880952380952381,0.002976190476190476,0.0375,0.018452380952380953,0.004761904761904762,1,100,1,100,1,100,1,100,1,100,1,100,1,100,1,100,1,100,1,100
152,23.0,10.157142857142857,-11.0,6.319212686687467,20.0,0.24666666666666667,0.3333333333333333,0.24528301886792453,0.10810810810810811,0.21666666666666667,0.5666666666666667,0.31666666666666665,0.2786666666666667,0.04666666666666667,0.06666666666666665,0.07547169811320756,-0.02702702702702703,0.033333333333333354,0.20555555555555555,0.016666666666666663,0.053388888888888895,0.25831409470216193,0.25831409470216193,0.13427083401652337,4.175984686341082,0.12646714602922668,False,1,3,-0.005765407240769738,False,5,1680,0.2763794435136827,21,0.3,1.5571428571428572,0.5,0.0,0.8607142857142858,0.014285714285714285,0.009523809523809525,0.014285714285714285,0.02023809523809524,0.01488095238095238,0.014285714285714285,0.029166666666666667,0.004761904761904762,0.0005952380952380953,0.0035714285714285713,0.01369047619047619,1,100,1,100,1,100,1,100,1,100,1,100,1,100,1,100,1,100,1,100
153,20.5,9.182142857142857,-13.5,6.011633775127898,20.5,0.2866666666666667,0.38333333333333336,0.20754716981132076,0.24324324324324326,0.26666666666666666,0.31666666666666665,0.3,0.2846666666666667,0.060000000000000026,0.03333333333333338,0.07547169811320756,0.08108108108108109,0.033333333333333326,0.033333333333333326,0.0,0.03900000000000001,0.28687582848177323,0.28687582848177323,0.14651644137792322,3.8987694927778613,0.0824656273433418,False,1,3,-0.007961696176832178,False,5,1680,0.3087227217869354,29,0.4142857142857143,1.6285714285714286,0.44285714285714284,0.0,0.8238095238095238,0.014285714285714285,0.02261904761904762,0.0005952380952380953,0.011904761904761904,0.0,0.002380952380952381,0.06964285714285715,0.014285714285714285,0.004166666666666667,0.020833333333333332,0.015476190476190477,1,100,1,100,1,100,1,100,1,100,1,100,1,100,1,100,1,100,1,100
154,20.25,9.471428571428572,-12.5,6.513796190880287,19.5,0.24666666666666667,0.35,0.18867924528301888,0.16216216216216217,0.3,0.2833333333333333,0.26666666666666666,0.272,0.019999999999999987,-0.03333333333333338,0.07547169811320756,0.02702702702702703,0.08333333333333331,0.033333333333333326,-0.016666666666666663,0.037999999999999985,0.2860937125384135,0.2860937125384135,0.15012547012583086,3.838909803612927,0.06953708501215895,False,1,3,-0.019881303475560774,False,5,1680,0.32685798151737416,29,0.4142857142857143,1.5714285714285714,0.4,0.0,0.8077380952380953,0.004761904761904762,0.002380952380952381,0.019642857142857142,0.05178571428571429,0.01488095238095238,0.0005952380952380953,0.06666666666666667,0.009523809523809525,0.014285714285714285,0.0035714285714285713,0.004166666666666667,1,100,1,100,1,100,1,100,1,100,1,100,1,100,1,100,1,100,1,100
155,22.0,10.164285714285715,-9.0,6.30107655560835,18.0,0.29,0.4083333333333333,0.1509433962264151,0.2972972972972973,0.36666666666666664,0.2833333333333333,0.36666666666666664,0.32766666666666666,0.04333333333333332,-0.00833333333333336,0.07547169811320754,0.08108108108108109,0.1333333333333333,0.04444444444444445,-0.03333333333333338,0.06344444444444443,0.30254580895407673,0.30254580895407673,0.1833098983971937,3.9300215560117437,0.012289331523153037,False,1,3,0.0005451856418597911,False,5,1680,0.3043320089275565,28,0.4,1.4714285714285715,0.44285714285714284,0.0,0.7946428571428571,0.01369047619047619,0.0011904761904761906,0.0,0.08452380952380953,0.0,0.0,0.07559523809523809,0.0,0.0,0.015476190476190477,0.01488095238095238,1,100,8,2900,8,2900,8,2400,8,2900,1,100,8,3000,1,100,8,3000,8,3000
156,23.0,9.502380952380951,-11.5,6.840254500576208,18.25,0.26666666666666666,0.43333333333333335,0.16981132075471697,0.13513513513513514,0.3,0.2833333333333333,0.35,0.2925,0.046666666666666655,0.04999999999999999,0.05660377358490565,0.02702702702702703,0.0,0.0,0.033333333333333326,0.02366666666666666,0.24475532323450944,0.24475532323450944,0.09582321301172754,3.4600842673907386,0.0074261845057602945,False,0,3,-0.034474989415109125,False,5,1680,0.3275573262579407,24,0.34285714285714286,1.4285714285714286,0.42857142857142855,0.0,0.8041666666666667,0.004166666666666667,0.0,0.0,0.03630952380952381,0.014285714285714285,0.0035714285714285713,0.07857142857142857,0.004761904761904762,0.01488095238095238,0.014285714285714285,0.025,1,100,1,100,1,100,1,100,1,100,1,100,1,100,1,100,1,100,1,100
157,19.083333333333332,9.666666666666666,-8.5,6.092068093085766,19.083333333333332,0.26666666666666666,0.4666666666666667,0.16981132075471697,0.08108108108108109,0.19444444444444445,0.18888888888888886,0.43333333333333335,0.2586111111111111,0.0,-0.016666666666666663,0.018867924528301883,0.0,0.0,0.0,0.0,0.0,0.25676495372404756,0.25676495372404756,0.09711658586198663,3.5170023589185266,0.0315718326035042,False,0,3,-0.01974240638839153,False,5,1680,0.2911442530091174,19,0.2714285714285714,1.3428571428571427,0.3142857142857143,0.0,0.8220238095238095,0.0,0.010714285714285714,0.01488095238095238,0.0017857142857142857,0.014285714285714285,0.014285714285714285,0.09404761904761905,0.014285714285714285,0.0,0.0,0.01369047619047619,1,100,1,100,1,100,1,100,1,100,1,100,1,100,1,100,1,100,1,100
158,19.5,9.351190476190476,-11.25,6.255361079391028,17.0,0.24333333333333335,0.375,0.1509433962264151,0.16216216216216217,0.35,0.48333333333333334,0.36666666666666664,0.32316666666666666,-0.006666666666666676,-0.041666666666666685,0.028301886792452824,0.0,0.033333333333333326,0.016666666666666663,0.04999999999999999,0.01816666666666666,0.27581964584886454,0.27581964584886454,0.103857691699478,3.6248665866514513,0.03507391933912387,False,1,3,-0.014179344851734998,False,5,1680,0.3399868076806224,26,0.37142857142857144,1.457142857142857,0.44285714285714284,0.0,0.75,0.014285714285714285,0.0,0.011904761904761904,0.0,0.0,0.0,0.16607142857142856,0.014285714285714285,0.01488095238095238,0.014285714285714285,0.014285714285714285,1,100,1,100,1,100,1,100,1,100,1,100,1,100,1,100,1,100,1,100
159,20.25,9.929761904761905,-7.75,5.527665551681574,20.25,0.29333333333333333,0.45,0.18867924528301888,0.1891891891891892,0.2,0.19444444444444448,0.3333333333333333,0.25677777777777777,0.03333333333333333,0.06666666666666665,0.01886792452830191,0.0,0.0,-0.055555555555555525,0.0,0.007777777777777781,0.2880281301823759,0.2880281301823759,0.1198661093293515,3.3970274493000123,0.0,False,1,3,-0.015691544985968142,False,5,1680,0.31317031819594493,23,0.32857142857142857,1.4142857142857144,0.38571428571428573,0.0,0.7892857142857143,0.0017857142857142857,0.01607142857142857,0.023809523809523808,0.0,0.019642857142857142,0.007738095238095238,0.125,0.014285714285714285,0.0,0.002380952380952381,0.0,1,100,1,100,1,100,1,100,1,100,1,100,1,100,1,100,1,100,1,100
160,19.083333333333336,9.75595238095238,-10.0,5.699925532592291,19.083333333333336,0.24666666666666667,0.36666666666666664,0.18867924528301888,0.13513513513513514,0.23333333333333334,0.3333333333333333,0.36666666666666664,0.26866666666666666,0.026666666666666672,0.033333333333333326,0.01886792452830191,0.02702702702702703,0.06666666666666668,0.0,0.0,0.03400000000000001,0.23026254901660717,0.23026254901660717,0.10098388473144985,3.6248788111983408,0.0023952095808383238,False,0,3,-0.026225570035540463,False,5,1680,0.28433601388466206,21,0.3,1.3428571428571427,0.34285714285714286,0.0,0.8226190476190476,0.014285714285714285,0.01488095238095238,0.01369047619047619,0.0011904761904761906,0.0,0.0,0.1005952380952381,0.014285714285714285,0.0011904761904761906,0.01369047619047619,0.0035714285714285713,1,100,1,100,1,100,1,100,1,100,1,100,1,100,1,100,1,100,1,100
161,20.5,9.91309523809524,-10.5,6.711921337333204,18.25,0.30333333333333334,0.375,0.2641509433962264,0.24324324324324326,0.3333333333333333,0.26666666666666666,0.3333333333333333,0.31466666666666665,0.05777777777777779,-0.005555555555555536,0.1320754716981132,0.05405405405405406,0.09999999999999998,0.016666666666666663,-0.050000000000000044,0.05227777777777776,0.2853596263721796,0.2853596263721796,0.1989128715916105,4.293210384634164,0.053327773077430383,False,0,3,-0.03382175043851693,False,5,1680,0.24358640629881187,16,0.22857142857142856,1.2285714285714286,0.21428571428571427,0.0,0.8607142857142858,0.0,0.002976190476190476,0.0,0.014285714285714285,0.014285714285714285,0.0011904761904761906,0.0630952380952381,0.014285714285714285,0.0035714285714285713,0.025595238095238095,0.0,1,100,1,100,1,100,1,100,8,2900,1,100,1,100,1,100,8,3000,1,100
162,19.0,9.939285714285715,-10.5,5.544748005290851,19.0,0.21,0.35833333333333334,0.11320754716981132,0.10810810810810811,0.4111111111111111,0.3,0.29444444444444445,0.3020555555555555,-0.013333333333333329,-0.04999999999999999,0.018867924528301883,0.0,-0.016666666666666663,0.033333333333333326,0.0,-0.007833333333333333,0.25426427782138045,0.25426427782138045,0.08267891016069358,3.3603841058299615,0.010437248904891934,False,1,3,-0.01041801027372058,False,5,1680,0.22467083705820826,15,0.21428571428571427,1.2,0.18571428571428572,0.0,0.8732142857142857,0.022023809523809525,0.018452380952380953,0.0017857142857142857,0.052976190476190475,0.0,0.0005952380952380953,0.017261904761904763,0.0,0.0,0.0,0.01369047619047619,1,100,1,100,1,100,1,100,1,100,1,100,1,100,1,100,1,100,1,100
163,20.0,9.753571428571428,-12.75,6.3046528817361285,18.0,0.29777777777777775,0.2944444444444444,0.2641509433962264,0.35135135135135137,0.36666666666666664,0.31666666666666665,0.45,0.34661111111111115,-0.03333333333333333,-0.08333333333333331,0.037735849056603765,-0.05405405405405406,0.09999999999999998,0.033333333333333326,0.0,0.024999999999999988,0.29326984949414786,0.29326984949414786,0.15485237994256104,4.037194049287333,0.051519268873716606,True,2,3,0.007535203415731495,False,5,1680,0.18715009636599544,12,0.17142857142857143,1.1571428571428573,0.12857142857142856,0.0,0.8964285714285715,0.0,0.004166666666666667,0.0,0.0,0.0,0.014285714285714285,0.05238095238095238,0.014285714285714285,0.002380952380952381,0.0005952380952380953,0.015476190476190477,1,100,1,100,1,100,1,100,1,100,1,100,1,100,1,100,1,100,1,100
164,22.75,9.585714285714285,-9.75,6.223307627229209,19.5,0.2966666666666667,0.39166666666666666,0.2641509433962264,0.1891891891891892,0.3,0.31666666666666665,0.13333333333333333,0.2753333333333333,0.05333333333333332,0.04999999999999999,0.07547169811320753,0.02702702702702703,0.15,0.06666666666666665,-0.19999999999999998,0.0505,0.2914076192266799,0.2914076192266799,0.16672636836586044,3.9028419429851504,0.04352973498056825,False,2,3,-0.002849121035038371,False,5,1680,0.28254812298535753,20,0.2857142857142857,1.2857142857142858,0.2714285714285714,0.0,0.8315476190476191,0.014285714285714285,0.0,0.0,0.015476190476190477,0.01369047619047619,0.014285714285714285,0.08214285714285714,0.014285714285714285,0.014285714285714285,0.0,0.0,1,100,1,100,1,100,1,100,1,100,1,100,1,100,1,100,1,100,1,100
165,23.0,9.735714285714288,-7.5,5.637124876277649,16.0,0.2966666666666667,0.4083333333333333,0.22641509433962265,0.21621621621621623,0.3333333333333333,0.18333333333333332,0.36666666666666664,0.30866666666666664,0.006666666666666665,0.0,0.018867924528301883,0.0,0.0,-0.033333333333333354,0.08333333333333331,0.011833333333333328,0.26730842805079874,0.26730842805079874,0.12024077074037394,3.6307241304175144,0.0030303030303030303,False,0,3,-0.018097558078439657,False,5,1680,0.3939866321917778,33,0.4714285714285714,1.6428571428571428,0.5714285714285714,0.0,0.6976190476190476,0.010714285714285714,0.015476190476190477,0.0017857142857142857,0.0011904761904761906,0.0,0.022023809523809525,0.2,0.013095238095238096,0.007142857142857143,0.016666666666666666,0.014285714285714285,1,100,1,100,1,100,1,100,1,100,1,100,1,100,1,100,1,100,1,100
166,23.25,9.615476190476189,-10.5,6.996148215454537,19.0,0.3333333333333333,0.45,0.20754716981132076,0.32432432432432434,0.3,0.26666666666666666,0.5,0.34,0.04,0.016666666666666663,0.018867924528301883,0.10810810810810811,0.04999999999999999,-0.016666666666666663,-0.033333333333333326,0.02683333333333333,0.256291026320245,0.256291026320245,0.13498689003883435,4.409941562657817,0.1728391337077579,False,0,3,-0.04766911959214104,False,5,1680,0.39210372319666303,43,0.6142857142857143,1.9714285714285715,0.7857142857142857,0.0,0.6321428571428571,0.0,0.0,0.036904761904761905,0.008333333333333333,0.004166666666666667,0.03214285714285714,0.2708333333333333,0.0005952380952380953,0.01488095238095238,0.0,0.0,1,100,1,100,1,100,1,100,1,100,1,100,1,100,1,100,1,100,1,100
167,18.5,9.717857142857143,-12.0,5.339770907508224,18.5,0.31666666666666665,0.35833333333333334,0.32075471698113206,0.24324324324324326,0.48333333333333334,0.2,0.26666666666666666,0.35583333333333333,0.04666666666666667,-0.04999999999999999,0.09433962264150941,0.13513513513513514,0.08333333333333331,-0.005555555555555564,-0.033333333333333326,0.04227777777777777,0.22932473862060476,0.22932473862060476,0.12525427421899538,4.164684176735977,0.02795482419607663,False,1,3,-0.026778316313703365,False,5,1680,0.3865484410559476,36,0.5142857142857142,1.957142857142857,0.8142857142857143,0.0,0.6857142857142857,0.0125,0.02261904761904762,0.023809523809523808,0.01488095238095238,0.01011904761904762,0.0,0.21785714285714286,0.0,0.0005952380952380953,0.0017857142857142857,0.01011904761904762,1,100,1,100,1,100,1,100,1,100,1,100,1,100,1,100,1,100,1,100
168,26.0,9.209523809523809,-13.0,7.406235881469938,26.0,0.2733333333333333,0.4,0.22641509433962265,0.13513513513513514,0.3,0.36666666666666664,0.2833333333333333,0.2935,0.010000000000000024,-0.05833333333333329,0.07547169811320756,0.02702702702702703,0.033333333333333326,0.19999999999999998,-0.016666666666666663,0.03316666666666668,0.29554733176946585,0.29554733176946585,0.1428537958766658,4.078182900354822,0.1352780383009082,False,2,3,-0.0031270245197811963,False,5,1680,0.37219689026058894,34,0.4857142857142857,1.6857142857142857,0.6285714285714286,0.0,0.7160714285714286,0.0,0.009523809523809525,0.002976190476190476,0.014285714285714285,0.01011904761904762,0.0011904761904761906,0.19404761904761905,0.018452380952380953,0.014285714285714285,0.004761904761904762,0.014285714285714285,1,100,1,100,1,100,1,100,1,100,1,100,1,100,1,100,1,100,1,100
169,21.5,9.191666666666666,-10.5,6.265335946604102,18.5,0.3,0.36666666666666664,0.24528301886792453,0.2702702702702703,0.3,0.14444444444444446,0.3,0.2844444444444444,0.03999999999999997,-0.03333333333333338,0.05660377358490565,0.13513513513513514,0.0,-0.0333333333333333,-0.06666666666666665,0.002666666666666663,0.28441772898161327,0.28441772898161327,0.17296161601586899,4.029556677080304,0.01733914427443033,False,1,3,-0.02366479162886348,False,5,1680,0.4297728941650041,39,0.5571428571428572,1.8857142857142857,0.6857142857142857,0.0,0.6589285714285714,0.014285714285714285,0.009523809523809525,0.02976190476190476,0.015476190476190477,0.009523809523809525,0.014285714285714285,0.22380952380952382,0.014285714285714285,0.007142857142857143,0.002976190476190476,0.0,1,100,1,100,1,100,1,100,1,100,1,100,1,100,1,100,1,100,1,100
170,26.0,9.845238095238095,-9.0,6.408765786917527,19.5,0.30333333333333334,0.325,0.32075471698113206,0.24324324324324326,0.3333333333333333,0.3333333333333333,0.3333333333333333,0.3213333333333333,0.05666666666666668,-0.024999999999999967,0.16981132075471697,0.02702702702702703,-0.050000000000000044,0.016666666666666663,-0.033333333333333326,0.0018333333333333242,0.29422440260042165,0.29422440260042165,0.1571838737032446,4.028605184665353,0.07801213928477473,False,1,3,0.004456554822690029,False,5,1680,0.3403279889438213,32,0.45714285714285713,1.6714285714285715,0.6714285714285714,0.0,0.7178571428571429,0.014285714285714285,0.0,0.0,0.0,0.004761904761904762,0.0017857142857142857,0.20892857142857144,0.014285714285714285,0.014285714285714285,0.023809523809523808,0.0,1,100,1,100,8,2900,8,2400,8,2900,1,100,1,100,1,100,8,3000,1,100
171,19.5,9.782142857142857,-15.0,6.660909610311095,19.5,0.24,0.26666666666666666,0.32075471698113206,0.08108108108108109,0.3444444444444444,0.13333333333333333,0.4166666666666667,0.2923888888888888,0.046666666666666655,0.033333333333333326,0.09433962264150941,0.0,0.0444444444444444,0.0,0.06666666666666671,0.044222222222222204,0.27715004456220815,0.27715004456220815,0.12148401262462298,3.7351190463177333,0.08739089910722549,False,0,3,-0.041442999360898514,False,5,1680,0.3858280089093072,41,0.5857142857142857,1.7571428571428571,0.6857142857142857,0.0,0.6595238095238095,0.0,0.014285714285714285,0.014285714285714285,0.03333333333333333,0.014285714285714285,0.017261904761904763,0.24642857142857144,0.0005952380952380953,0.0,0.0,0.0,1,100,1,100,1,100,1,100,1,100,1,100,1,100,1,100,1,100,1,100
172,23.0,10.105952380952381,-8.5,5.190840556236736,20.5,0.27666666666666667,0.2916666666666667,0.32075471698113206,0.1891891891891892,0.3,0.2833333333333333,0.2833333333333333,0.2865,-0.0022222222222222188,-0.0222222222222222,0.05660377358490565,-0.05405405405405406,0.15,0.06666666666666665,0.0,0.058277777777777776,0.2602022922634711,0.2602022922634711,0.1380377252067606,4.2164980918047075,0.12236971839453624,False,1,3,-0.006375948358850025,False,5,1680,0.37923387361780353,41,0.5857142857142857,1.8142857142857143,0.7571428571428571,0.0,0.6976190476190476,0.011904761904761904,0.02142857142857143,0.017261904761904763,0.013095238095238096,0.0,0.004761904761904762,0.20952380952380953,0.0,0.015476190476190477,0.008928571428571428,0.0,1,100,1,100,1,100,1,100,8,2900,1,100,1,100,1,100,8,3000,1,100
173,20.25,9.507142857142858,-13.0,6.86675541518502,17.0,0.22555555555555556,0.31388888888888894,0.1509433962264151,0.1891891891891892,0.4,0.36111111111111105,0.3333333333333333,0.3163333333333333,-0.013333333333333303,-0.0666666666666666,-0.018867924528301883,0.08108108108108109,0.050000000000000044,0.08333333333333331,-0.027777777777777735,0.016333333333333366,0.29800938466258425,0.29800938466258425,0.16922702605012682,3.929376132729066,0.13313879725033323,False,1,3,-0.014292900143488163,False,5,1680,0.44366596841872996,45,0.6428571428571429,1.8714285714285714,0.7714285714285715,0.0,0.580952380952381,0.0,0.03630952380952381,0.0,0.02738095238095238,0.014285714285714285,0.014285714285714285,0.2982142857142857,0.0,0.01369047619047619,0.01488095238095238,0.0,1,100,1,100,1,100,1,100,1,100,1,100,1,100,1,100,1,100,1,100
174,26.5,9.46190476190476,-9.25,6.630656999490923,26.5,0.2922222222222222,0.3638888888888889,0.32075471698113206,0.13513513513513514,0.3333333333333333,0.4,0.25,0.31105555555555553,0.08666666666666664,0.08333333333333331,0.13207547169811318,0.02702702702702703,0.033333333333333326,0.03333333333333338,-0.033333333333333326,0.04466666666666667,0.2947084472894299,0.2947084472894299,0.1478756433828218,3.981666313229693,0.11634718879145688,True,2,3,0.006777208634938969,False,5,1680,0.456786082465217,46,0.6571428571428571,2.1285714285714286,0.9,0.0,0.575,0.0125,0.05476190476190476,0.014285714285714285,0.0,0.014285714285714285,0.022023809523809525,0.2904761904761905,0.002380952380952381,0.0,0.0,0.014285714285714285,1,100,1,100,1,100,1,100,1,100,1,100,1,100,1,100,1,100,1,100
175,29.0,9.053571428571429,-12.25,6.851602114149087,17.0,0.23666666666666666,0.2916666666666667,0.1509433962264151,0.2702702702702703,0.3,0.36666666666666664,0.4,0.29633333333333334,0.03333333333333333,-0.016666666666666663,0.07547169811320754,0.05405405405405406,0.033333333333333326,0.0222222222222222,0.050000000000000044,0.034722222222222224,0.3396040522095641,0.3396040522095641,0.16170029419073498,3.620267333168639,0.05431284200492772,True,3,3,0.01976610852774191,False,5,1680,0.4330104560990524,41,0.5857142857142857,1.9285714285714286,0.6857142857142857,0.0,0.6755952380952381,0.0,0.06726190476190476,0.0,0.0005952380952380953,0.007142857142857143,0.05476190476190476,0.1529761904761905,0.013095238095238096,0.014285714285714285,0.014285714285714285,0.0,1,100,1,100,1,100,1,100,1,100,1,100,1,100,1,100,1,100,1,100
176,21.75,9.525,-9.5,6.164821957032073,19.0,0.29111111111111115,0.2611111111111111,0.2641509433962264,0.3783783783783784,0.36666666666666664,0.23333333333333334,0.3333333333333333,0.3181111111111111,0.04666666666666669,-0.03333333333333327,0.11320754716981132,0.08108108108108109,0.11666666666666664,0.0,0.033333333333333326,0.0645,0.326520799219378,0.326520799219378,0.18550128658345957,3.728140815849134,0.06462554992242606,False,0,3,0.0,False,5,1680,0.425855211279333,45,0.6428571428571429,2.0285714285714285,0.7,0.0,0.7,0.02142857142857143,0.12738095238095237,0.01011904761904762,0.017857142857142856,0.014285714285714285,0.026785714285714284,0.07797619047619048,0.0,0.0,0.0,0.004166666666666667,1,100,1,100,1,100,1,100,1,100,1,100,1,100,1,100,1,100,1,100
177,23.5,10.36547619047619,-8.0,6.050158938899131,19.5,0.23777777777777775,0.39444444444444443,0.07547169811320754,0.21621621621621623,0.45,0.18333333333333332,0.5,0.34594444444444444,0.02666666666666668,0.10000000000000003,-0.07547169811320754,0.05405405405405406,0.06666666666666665,-0.04444444444444448,0.016666666666666663,0.03205555555555556,0.3022597193346057,0.3022597193346057,0.17626608775876507,3.759401551041765,0.0441641361308052,False,0,3,0.0,False,5,1680,0.29791307861523464,31,0.44285714285714284,1.6428571428571428,0.5857142857142857,0.0,0.8214285714285714,0.015476190476190477,0.02738095238095238,0.0,0.0011904761904761906,0.0,0.030357142857142857,0.06845238095238096,0.005952380952380952,0.0,0.0017857142857142857,0.027976190476190477,1,100,1,100,1,100,1,100,1,100,1,100,1,100,1,100,1,100,1,100
178,19.0,9.625,-10.0,6.369722371912146,17.0,0.2911111111111111,0.42777777777777776,0.22641509433962265,0.16216216216216217,0.3333333333333333,0.3,0.35,0.31561111111111106,1.1842378929335004e-17,-0.06666666666666665,0.07547169811320756,0.0,0.0,-0.00833333333333336,0.0,-0.0008333333333333312,0.311034442008037,0.311034442008037,0.1877819935157068,3.9006304113204764,0.22302510714241472,False,2,3,-0.0014763827583970657,False,5,1680,0.29206171239319256,28,0.4,1.6,0.5142857142857142,0.0,0.8345238095238096,0.0,0.030952380952380953,0.006547619047619048,0.023214285714285715,0.014285714285714285,0.039285714285714285,0.036904761904761905,0.014285714285714285,0.0,0.0,0.0,1,100,1,100,1,100,1,100,1,100,1,100,1,100,1,100,1,100,1,100
179,18.0,9.65952380952381,-8.75,5.424092764041299,17.5,0.31333333333333335,0.43333333333333335,0.22641509433962265,0.24324324324324326,0.38333333333333336,0.2,0.43333333333333335,0.34450000000000003,0.027777777777777797,-0.01388888888888884,0.018867924528301883,0.10810810810810811,0.06666666666666671,-0.061111111111111116,0.0,0.028333333333333353,0.28497564928558367,0.28497564928558367,0.16126910108224587,4.032777034467028,0.18401787152238058,False,2,3,0.0035795695939264127,False,5,1680,0.2742651364408419,22,0.3142857142857143,1.5285714285714285,0.44285714285714284,0.0,0.8553571428571428,0.014285714285714285,0.014285714285714285,0.007142857142857143,0.0,0.0011904761904761906,0.039285714285714285,0.02619047619047619,0.0005952380952380953,0.013095238095238096,0.014285714285714285,0.014285714285714285,1,100,1,100,1,100,1,100,1,100,1,100,1,100,1,100,1,100,1,100
180,22.5,9.458333333333332,-11.0,7.331489892758432,17.5,0.26666666666666666,0.4166666666666667,0.2641509433962264,0.02702702702702703,0.31666666666666665,0.43333333333333335,0.31666666666666665,0.30833333333333335,0.043333333333333335,0.07500000000000001,0.11320754716981132,-0.10810810810810811,0.033333333333333326,0.1111111111111111,0.06666666666666665,0.050111111111111106,0.2919779826983491,0.2919779826983491,0.1475675155712671,3.7635288386352523,0.128862355610065,False,1,3,-0.004514216061002052,False,5,1680,0.2692041709679987,21,0.3,1.4,0.35714285714285715,0.0,0.8369047619047619,0.0,0.0,0.0,0.0,0.01607142857142857,0.04404761904761905,0.058333333333333334,0.014285714285714285,0.029166666666666667,0.0,0.0011904761904761906,1,100,1,100,1,100,1,100,1,100,1,100,1,100,1,100,1,100,1,100
181,18.0,9.45238095238095,-6.5,4.426798160082903,15.0,0.27666666666666667,0.3416666666666667,0.20754716981132076,0.2702702702702703,0.31666666666666665,0.36666666666666664,0.3,0.3031666666666667,0.009999999999999993,-0.041666666666666685,0.018867924528301883,0.08108108108108109,0.09999999999999998,0.0,-0.10000000000000003,0.02399999999999998,0.2530805493795177,0.2530805493795177,0.1394605094302086,4.048725021661679,0.011365695042918908,False,0,3,-0.04398914839178891,False,5,1680,0.25202244179889555,20,0.2857142857142857,1.3142857142857143,0.3,0.0,0.8607142857142858,0.0005952380952380953,0.01607142857142857,0.0,0.015476190476190477,0.011904761904761904,0.041666666666666664,0.036904761904761905,0.0,0.0,0.014285714285714285,0.002380952380952381,1,100,1,100,1,100,1,100,1,100,1,100,1,100,1,100,1,100,1,100
182,22.25,9.420238095238094,-12.75,6.311639470094399,16.5,0.22666666666666666,0.26666666666666666,0.22641509433962265,0.16216216216216217,0.4,0.13333333333333333,0.23333333333333334,0.27899999999999997,-0.049999999999999996,-0.15833333333333333,0.056603773584905676,-0.02702702702702703,0.16666666666666669,-0.08333333333333334,-0.06666666666666665,0.02,0.24045071594671188,0.24045071594671188,0.1874324006240895,4.857568196939455,0.4494565086694082,False,0,3,-0.07187855031084237,False,5,1680,0.3415795924240472,25,0.35714285714285715,1.5714285714285714,0.5,0.0,0.8065476190476191,0.01369047619047619,0.007738095238095238,0.0,0.009523809523809525,0.0,0.05416666666666667,0.023809523809523808,0.014285714285714285,0.01488095238095238,0.04107142857142857,0.014285714285714285,1,100,7,1900,7,1900,7,1600,7,1900,1,100,7,2000,1,100,7,2000,1,100
183,19.5,9.70595238095238,-8.75,6.091558715553353,18.0,0.26777777777777784,0.3861111111111111,0.18867924528301888,0.1891891891891892,0.3,0.45,0.2,0.28711111111111115,0.010000000000000033,0.04166666666666674,-0.037735849056603765,0.02702702702702703,-0.033333333333333326,0.13333333333333336,-0.06666666666666665,-0.004333333333333311,0.27257251955866774,0.27257251955866774,0.1418894777076005,3.8337435388441814,0.07764635023490805,False,1,3,-0.010680701393853409,False,5,1680,0.3331720982987213,26,0.37142857142857144,1.6428571428571428,0.4857142857142857,0.0,0.7958333333333333,0.0,0.011904761904761904,0.0,0.02142857142857143,0.014285714285714285,0.0380952380952381,0.0880952380952381,0.007738095238095238,0.004166666666666667,0.0011904761904761906,0.017261904761904763,1,100,1,100,1,100,1,100,1,100,1,100,1,100,1,100,1,100,1,100
184,20.0,9.685714285714285,-7.5,5.428872172120513,16.75,0.23333333333333334,0.36666666666666664,0.1320754716981132,0.16216216216216217,0.26666666666666666,0.38333333333333336,0.4666666666666667,0.295,-2.960594732333751e-18,0.033333333333333326,0.0,-0.05405405405405406,0.06666666666666665,0.08333333333333337,-0.016666666666666663,0.029166666666666667,0.27975228804894775,0.27975228804894775,0.14215437325422176,3.685513219635938,0.10785231289884634,False,2,3,-0.0026837222476064904,False,5,1680,0.3103175278050118,21,0.3,1.4857142857142858,0.45714285714285713,0.0,0.7982142857142858,0.011904761904761904,0.014285714285714285,0.0017857142857142857,0.01488095238095238,0.0,0.007142857142857143,0.12023809523809524,0.002976190476190476,0.014285714285714285,0.0,0.014285714285714285,1,100,1,100,1,100,1,100,1,100,1,100,1,100,1,100,1,100,1,100
185,18.5,9.396428571428572,-8.5,5.94365801322984,18.25,0.28,0.4,0.18867924528301888,0.21621621621621623,0.26666666666666666,0.3,0.3333333333333333,0.2853333333333333,0.02000000000000002,0.03333333333333338,-0.037735849056603765,0.08108108108108109,0.13333333333333333,0.04999999999999999,-0.16666666666666669,0.034666666666666665,0.2772247703692044,0.2772247703692044,0.16644640620183507,4.212087471643059,0.2200781350770529,False,0,3,-0.035071314107819385,False,5,1680,0.31825404612219105,25,0.35714285714285715,1.5142857142857142,0.5142857142857142,0.0,0.8065476190476191,0.008333333333333333,0.0,0.011904761904761904,0.016666666666666666,0.013095238095238096,0.016666666666666666,0.09464285714285714,0.023809523809523808,0.002380952380952381,0.005952380952380952,0.0,1,100,1,100,1,100,1,100,1,100,1,100,1,100,1,100,1,100,1,100
186,18.25,9.445238095238096,-11.0,5.63839033574577,18.0,0.22666666666666666,0.36666666666666664,0.1509433962264151,0.10810810810810811,0.36666666666666664,0.35,0.43333333333333335,0.319,0.023333333333333317,0.024999999999999967,0.037735849056603765,0.0,0.0,0.06666666666666665,0.10000000000000003,0.030999999999999996,0.293518980051337,0.293518980051337,0.13367285144934668,3.6761421115417945,0.19438337636519587,False,1,3,-0.018691216811843103,False,5,1680,0.30122129297384653,22,0.3142857142857143,1.4857142857142858,0.4857142857142857,0.0,0.7970238095238096,0.0,0.014285714285714285,0.0125,0.02857142857142857,0.014285714285714285,0.0,0.11904761904761904,0.0,0.0,0.0,0.014285714285714285,1,100,1,100,1,100,1,100,1,100,1,100,1,100,1,100,1,100,1,100
187,20.25,9.342857142857143,-12.25,7.171268495652264,18.5,0.30333333333333334,0.375,0.32075471698113206,0.16216216216216217,0.43333333333333335,0.18333333333333332,0.3555555555555555,0.3446666666666667,0.046666666666666655,0.033333333333333326,0.09433962264150941,0.0,0.15000000000000002,0.033333333333333326,0.0,0.0745,0.262513891530557,0.262513891530557,0.14380698260288474,3.889686107886454,0.10984915892931187,True,2,3,0.007424271573683527,False,5,1680,0.2629115528623676,24,0.34285714285714286,1.5857142857142856,0.5714285714285714,0.0,0.8386904761904762,0.0,0.0,0.0005952380952380953,0.0005952380952380953,0.0,0.01130952380952381,0.08511904761904762,0.014285714285714285,0.005952380952380952,0.02142857142857143,0.022023809523809525,1,100,1,100,1,100,1,100,1,100,1,100,1,100,1,100,1,100,1,100
188,17.000000000000004,9.195238095238095,-9.75,5.968001408874376,17.0,0.2,0.2,0.1509433962264151,0.2702702702702703,0.31666666666666665,0.2,0.36666666666666664,0.26583333333333337,4.440892098500626e-18,-0.04999999999999999,0.018867924528301883,0.05405405405405406,-0.033333333333333326,-0.06666666666666665,-0.03333333333333338,-0.023333333333333334,0.27531838477116594,0.27531838477116594,0.11626524242497116,3.5821488640098402,0.03569389151598227,False,0,3,-0.06627126664281269,False,5,1680,0.29534634801204246,21,0.3,1.5857142857142856,0.5571428571428572,0.0,0.8238095238095238,0.016666666666666666,0.007738095238095238,0.0,0.014285714285714285,0.014285714285714285,0.0035714285714285713,0.08928571428571429,0.01369047619047619,0.0,0.01369047619047619,0.002976190476190476,1,100,1,100,1,100,1,100,1,100,1,100,1,100,1,100,1,100,1,100
189,20.0,9.225595238095238,-11.333333333333334,6.129685173016212,19.0,0.29333333333333333,0.38333333333333336,0.18867924528301888,0.2972972972972973,0.4888888888888889,0.31666666666666665,0.3,0.3651111111111111,0.07,0.05833333333333335,0.07547169811320756,0.08108108108108109,0.06666666666666665,0.0,0.13333333333333333,0.07133333333333333,0.298017109264494,0.298017109264494,0.16778656997797028,3.9861457625093,0.1946276486821902,False,1,3,-0.005254186770671854,False,5,1680,0.3004280905330643,23,0.32857142857142857,1.6571428571428573,0.6285714285714286,0.0,0.8142857142857143,0.01130952380952381,0.002380952380952381,0.0,0.013095238095238096,0.0,0.0017857142857142857,0.09702380952380953,0.004761904761904762,0.014285714285714285,0.014285714285714285,0.026785714285714284,1,100,1,100,1,100,1,100,1,100,1,100,1,100,1,100,1,100,1,100
190,18.25,9.2,-12.25,6.970507599197938,17.0,0.3,0.43333333333333335,0.22641509433962265,0.1891891891891892,0.48333333333333334,0.43333333333333335,0.26666666666666666,0.3725,0.02666666666666667,-0.016666666666666663,0.09433962264150944,0.0,0.09999999999999998,0.08333333333333337,-0.08333333333333331,0.0415,0.30040513472264424,0.30040513472264424,0.1521722588654989,3.7404527746259943,0.12587493869508154,False,0,3,-0.005490534083348542,False,5,1680,0.39504667926493886,37,0.5285714285714286,1.9428571428571428,0.7571428571428571,0.0,0.6642857142857143,0.007738095238095238,0.004166666666666667,0.002380952380952381,0.0005952380952380953,0.0017857142857142857,0.03214285714285714,0.24047619047619048,0.019642857142857142,0.014285714285714285,0.010714285714285714,0.0017857142857142857,1,100,1,100,1,100,1,100,1,100,1,100,1,100,1,100,1,100,1,100
191,19.5,10.028571428571428,-8.25,5.472204035560326,18.0,0.30333333333333334,0.475,0.22641509433962265,0.13513513513513514,0.2833333333333333,0.3333333333333333,0.4,0.3138333333333333,0.04666666666666667,0.04999999999999999,0.056603773584905676,0.02702702702702703,0.06666666666666665,0.033333333333333326,-0.06666666666666665,0.035333333333333335,0.2530474283269897,0.2530474283269897,0.13481450753112248,3.86056264615712,0.1681739478327026,False,0,3,-0.05464840672798249,False,5,1680,0.3001524761358405,25,0.35714285714285715,1.5,0.44285714285714284,0.0,0.8267857142857142,0.0125,0.014285714285714285,0.022023809523809525,0.014285714285714285,0.002380952380952381,0.01369047619047619,0.07321428571428572,0.0,0.0005952380952380953,0.0011904761904761906,0.01904761904761905,1,100,1,100,1,100,1,100,1,100,1,100,1,100,1,100,1,100,1,100
192,20.0,10.095238095238095,-9.5,6.5211390954373005,16.25,0.3,0.3333333333333333,0.2641509433962264,0.2972972972972973,0.31666666666666665,0.2833333333333333,0.3333333333333333,0.30916666666666665,0.04666666666666667,-0.016666666666666663,0.1320754716981132,0.02702702702702703,0.08333333333333331,-0.033333333333333326,-0.011111111111111072,0.04283333333333333,0.27718672427567886,0.27718672427567886,0.1826705236235573,4.322084072089483,0.19855313105078634,False,1,3,-0.010209063435742627,False,5,1680,0.2725989411921049,20,0.2857142857142857,1.3571428571428572,0.2857142857142857,0.0,0.8470238095238095,0.0,0.0,0.0,0.0,0.016666666666666666,0.030952380952380953,0.05178571428571429,0.018452380952380953,0.01011904761904762,0.010714285714285714,0.014285714285714285,1,100,1,100,1,100,1,100,1,100,1,100,7,2000,1,100,1,100,1,100
193,20.0,10.110714285714286,-7.0,5.212759479830027,16.5,0.24333333333333335,0.4583333333333333,0.09433962264150944,0.10810810810810811,0.4166666666666667,0.34444444444444444,0.5166666666666667,0.35511111111111116,0.02666666666666667,0.033333333333333326,0.018867924528301896,0.02702702702702703,0.0,0.0,0.0,0.010666666666666668,0.2679913630205817,0.2679913630205817,0.11065167948148975,3.5391547864475505,0.03241381421166429,False,0,3,-0.01979339969203614,False,5,1680,0.3457072576783668,33,0.4714285714285714,1.6285714285714286,0.5428571428571428,0.0,0.8005952380952381,0.014285714285714285,0.014285714285714285,0.011904761904761904,0.01607142857142857,0.007142857142857143,0.05476190476190476,0.05952380952380952,0.006547619047619048,0.007142857142857143,0.0,0.007738095238095238,1,100,1,100,7,1900,1,100,1,100,1,100,1,100,1,100,1,100,1,100
194,19.0,10.100000000000001,-10.5,5.573011069516404,17.75,0.30333333333333334,0.3416666666666667,0.3018867924528302,0.24324324324324326,0.31666666666666665,0.4,0.26666666666666666,0.3121666666666667,0.04666666666666666,-0.016666666666666663,0.09433962264150941,0.08108108108108109,0.13333333333333333,0.016666666666666663,0.0,0.06699999999999999,0.31541345931721804,0.31541345931721804,0.15841908734557172,3.8292915811312755,0.08319709613267075,False,1,3,-0.01972032568670623,False,5,1680,0.3951317850166127,33,0.4714285714285714,1.8,0.6857142857142857,0.0,0.7345238095238096,0.014285714285714285,0.0,0.0011904761904761906,0.002380952380952381,0.002380952380952381,0.1244047619047619,0.04523809523809524,0.0125,0.0125,0.01369047619047619,0.036904761904761905,1,100,1,100,1,100,1,100,1,100,1,100,1,100,1,100,1,100,1,100
195,18.0,10.001190476190475,-11.0,5.9515986390670035,18.0,0.28222222222222226,0.4055555555555556,0.24528301886792453,0.13513513513513514,0.26666666666666666,0.4,0.4666666666666667,0.3162222222222223,0.01333333333333333,0.0,0.037735849056603765,0.0,0.06666666666666665,-0.016666666666666663,0.0,0.026999999999999993,0.32044931677353583,0.32044931677353583,0.12753643862330105,3.430380513161337,0.09702562745993955,False,1,3,-0.013607760747216757,False,5,1680,0.3362311416299367,31,0.44285714285714284,1.5142857142857142,0.4714285714285714,0.0,0.7886904761904762,0.0,0.0,0.014285714285714285,0.020833333333333332,0.0,0.08333333333333333,0.05357142857142857,0.014285714285714285,0.014285714285714285,0.0,0.010714285714285714,1,100,1,100,1,100,7,1600,1,100,1,100,1,100,1,100,7,2000,1,100
196,21.0,9.704761904761906,-9.5,5.809281806044601,17.5,0.24666666666666667,0.2833333333333333,0.24528301886792453,0.1891891891891892,0.13333333333333333,0.2,0.4166666666666667,0.22783333333333333,0.039999999999999994,0.0,0.05660377358490565,0.08108108108108109,0.0,0.05000000000000002,0.06666666666666671,0.031000000000000003,0.3289959875794231,0.3289959875794231,0.15575182238662508,3.490632535586002,0.06675174659807803,True,2,3,0.03620169299954307,False,5,1680,0.3630651227153195,35,0.5,1.6857142857142857,0.5714285714285714,0.0,0.7767857142857143,0.027976190476190477,0.011904761904761904,0.0,0.011904761904761904,0.0,0.02857142857142857,0.08988095238095238,0.0,0.01607142857142857,0.011904761904761904,0.025,1,100,1,100,1,100,1,100,1,100,1,100,1,100,1,100,1,100,1,100
197,19.833333333333336,9.852380952380953,-10.5,6.245366082598277,17.5,0.28444444444444444,0.3277777777777777,0.2830188679245283,0.21621621621621623,0.4611111111111111,0.43333333333333335,0.2,0.34850000000000003,0.006666666666666655,-0.10000000000000003,0.11320754716981132,0.02702702702702703,0.1333333333333333,0.10000000000000003,0.1,0.07433333333333333,0.30579391296511277,0.30579391296511277,0.15754108795916746,4.081778356394185,0.3027049952668595,True,2,3,0.01904764767653455,False,5,1680,0.28994631632416756,27,0.38571428571428573,1.457142857142857,0.37142857142857144,0.0,0.8285714285714286,0.0,0.008928571428571428,0.0,0.01607142857142857,0.014285714285714285,0.08333333333333333,0.005952380952380952,0.011904761904761904,0.022023809523809525,0.008333333333333333,0.0005952380952380953,1,100,1,100,1,100,1,100,1,100,1,100,1,100,1,100,1,100,1,100
198,19.0,10.189285714285715,-10.5,5.391901655079578,16.5,0.22,0.26666666666666666,0.20754716981132076,0.16216216216216217,0.43333333333333335,0.45,0.26666666666666666,0.32466666666666666,-0.019999999999999983,-0.09999999999999998,0.056603773584905676,0.0,0.06666666666666671,0.13333333333333336,-0.033333333333333326,0.02366666666666669,0.2813040585495676,0.2813040585495676,0.18059523523234655,4.346307312355937,0.38773806895154567,False,1,3,-0.00803207385885396,False,5,1680,0.25460365265131985,23,0.32857142857142857,1.4285714285714286,0.34285714285714286,0.0,0.8660714285714286,0.02142857142857143,0.004761904761904762,0.015476190476190477,0.0011904761904761906,0.0017857142857142857,0.027976190476190477,0.009523809523809525,0.0,0.01904761904761905,0.0011904761904761906,0.03154761904761905,1,100,1,100,1,100,1,100,1,100,1,100,1,100,1,100,1,100,1,100
199,21.666666666666664,9.815476190476188,-11.0,6.639272479643905,20.75,0.25333333333333335,0.21666666666666667,0.3018867924528302,0.24324324324324326,0.3333333333333333,0.3333333333333333,0.2944444444444444,0.2955,0.029999999999999995,-0.008333333333333331,0.09433962264150941,0.0,0.11666666666666664,0.03888888888888892,-0.1555555555555556,0.033388888888888864,0.31280443858540674,0.31280443858540674,0.16828661042281992,4.11935007312866,0.36581236941961276,True,3,3,0.02024273225485257,False,5,1680,0.29318354643482575,28,0.4,1.7428571428571429,0.5428571428571428,0.0,0.8321428571428572,0.0,0.0011904761904761906,0.0,0.004166666666666667,0.01607142857142857,0.030357142857142857,0.010714285714285714,0.0017857142857142857,0.02023809523809524,0.023809523809523808,0.05952380952380952,1,100,1,100,1,100,1,100,1,100,1,100,1,100,1,100,1,100,1,100
200,21.5,9.503571428571428,-10.25,6.784252244333138,19.0,0.26,0.35,0.1509433962264151,0.2702702702702703,0.4,0.55,0.35,0.3515,-0.0033333333333333453,-0.025000000000000022,0.037735849056603765,-0.02702702702702703,0.06666666666666671,0.033333333333333326,0.0,0.02533333333333334,0.3152877037697758,0.3152877037697758,0.1284443465509045,3.7779387009114305,0.25511259336019454,True,2,3,0.021911458815361884,False,5,1680,0.3875749103935627,27,0.38571428571428573,1.7714285714285714,0.6428571428571429,0.0,0.7666666666666667,0.02738095238095238,0.013095238095238096,0.0,0.024404761904761905,0.014285714285714285,0.06607142857142857,0.016666666666666666,0.0,0.02738095238095238,0.0,0.04404761904761905,1,100,1,100,1,100,1,100,1,100,1,100,1,100,1,100,1,100,1,100
201,22.5,10.052380952380952,-11.833333333333334,6.450885435542498,19.0,0.18666666666666668,0.21666666666666667,0.18867924528301888,0.13513513513513514,0.36666666666666664,0.36666666666666664,0.2833333333333333,0.2821666666666667,-0.01333333333333333,-0.033333333333333326,0.0,0.0,0.09999999999999998,-0.050000000000000044,-0.0222222222222222,0.021333333333333322,0.28975095932025446,0.28975095932025446,0.1398693181970002,3.6388009122317615,0.1660810179567845,True,3,3,0.005205015307100269,False,5,1680,0.362210208389534,29,0.4142857142857143,1.7714285714285714,0.5428571428571428,0.0,0.7791666666666667,0.0017857142857142857,0.025,0.002380952380952381,0.005952380952380952,0.0005952380952380953,0.08214285714285714,0.006547619047619048,0.005357142857142857,0.04107142857142857,0.025,0.025,1,100,1,100,1,100,1,100,1,100,1,100,1,100,1,100,1,100,1,100
202,19.25,9.720238095238095,-9.0,5.992290611169278,18.5,0.22333333333333333,0.4083333333333333,0.11320754716981132,0.08108108108108109,0.2833333333333333,0.3,0.3555555555555555,0.2718333333333333,0.019999999999999993,0.04999999999999999,0.0,0.0,0.06666666666666665,0.08333333333333331,-0.08333333333333337,0.02716666666666665,0.27689427643435294,0.27689427643435294,0.13909031152736515,3.984010365541279,0.2885759696379421,False,1,3,0.000576709547923826,False,5,1680,0.33577565957518835,24,0.34285714285714286,1.6,0.5,0.0,0.7964285714285714,0.0,0.002380952380952381,0.015476190476190477,0.017857142857142856,0.026785714285714284,0.09107142857142857,0.01607142857142857,0.0017857142857142857,0.02261904761904762,0.0035714285714285713,0.005952380952380952,1,100,1,100,1,100,1,100,1,100,1,100,1,100,1,100,1,100,1,100
203,22.5,10.360714285714286,-8.5,5.426177025203245,16.5,0.2866666666666667,0.4,0.20754716981132076,0.21621621621621623,0.36666666666666664,0.3,0.21666666666666667,0.3055,0.07333333333333336,0.10000000000000003,0.056603773584905676,0.05405405405405406,0.0,0.0,0.0,0.029333333333333347,0.2864377913274097,0.2864377913274097,0.1395886394425461,3.978060582012317,0.14505173661439444,True,2,3,0.017188611701994594,False,5,1680,0.26163239584545794,17,0.24285714285714285,1.5571428571428572,0.44285714285714284,0.0,0.8642857142857143,0.014285714285714285,0.015476190476190477,0.01607142857142857,0.029166666666666667,0.0,0.02023809523809524,0.0005952380952380953,0.0,0.009523809523809525,0.007142857142857143,0.023214285714285715,1,100,1,100,1,100,1,100,1,100,1,100,1,100,1,100,1,100,1,100
204,19.25,9.789285714285715,-12.0,7.1663444200609545,18.5,0.29333333333333333,0.38333333333333336,0.2830188679245283,0.16216216216216217,0.25,0.2222222222222222,0.16666666666666666,0.25205555555555553,0.02666666666666668,0.03333333333333338,0.05660377358490565,-0.02702702702702703,0.0,-0.12222222222222218,-0.06666666666666668,-0.011555555555555548,0.2912114009780123,0.2912114009780123,0.10832847509313853,3.3847211928825804,0.07522610857146605,False,2,3,-0.0019528911023031226,False,5,1680,0.2531743592224795,21,0.3,1.5857142857142856,0.45714285714285713,0.0,0.8654761904761905,0.0,0.0,0.004761904761904762,0.0125,0.014285714285714285,0.0,0.0035714285714285713,0.017857142857142856,0.019642857142857142,0.025595238095238095,0.03630952380952381,1,100,1,100,1,100,1,100,1,100,1,100,1,100,1,100,1,100,1,100
205,21.0,9.260714285714286,-13.25,6.1706859718196485,17.416666666666668,0.28888888888888886,0.4388888888888889,0.1320754716981132,0.2702702702702703,0.25,0.35555555555555557,0.2,0.2686111111111111,0.030000000000000006,0.041666666666666685,0.018867924528301883,0.02702702702702703,0.0,0.06666666666666665,0.0,0.018666666666666668,0.296454334849833,0.296454334849833,0.15274565873728993,3.8642062352112134,0.12655801941207034,False,1,3,0.0004211061872846922,False,5,1680,0.30303140250723726,30,0.42857142857142855,1.6857142857142857,0.4142857142857143,0.0,0.8410714285714286,0.014285714285714285,0.014285714285714285,0.014285714285714285,0.03333333333333333,0.014285714285714285,0.019642857142857142,0.01011904761904762,0.0,0.015476190476190477,0.0,0.023214285714285715,1,100,1,100,1,100,1,100,1,100,1,100,1,100,1,100,1,100,1,100
206,22.75,10.172619047619046,-10.0,6.207000039455124,19.25,0.2866666666666667,0.36666666666666664,0.2641509433962264,0.1891891891891892,0.2833333333333333,0.3,0.2833333333333333,0.28633333333333333,0.08,0.04999999999999999,0.11320754716981132,0.08108108108108109,0.06666666666666665,0.016666666666666663,0.033333333333333326,0.06199999999999999,0.2633357964611121,0.2633357964611121,0.14555953809795522,4.284408747310053,0.23492088477298778,True,2,3,0.010240471958601949,False,5,1680,0.24483194684798443,17,0.24285714285714285,1.2571428571428571,0.22857142857142856,0.0,0.8720238095238095,0.014285714285714285,0.0,0.0,0.0,0.0,0.02738095238095238,0.020833333333333332,0.014285714285714285,0.017857142857142856,0.01904761904761905,0.014285714285714285,1,100,1,100,1,100,7,1600,7,1900,1,100,1,100,1,100,7,2000,1,100
207,23.0,9.639285714285714,-8.0,5.832580247792462,18.0,0.24,0.35,0.1509433962264151,0.1891891891891892,0.3,0.26666666666666666,0.21666666666666667,0.26016666666666666,0.02666666666666666,0.033333333333333326,0.018867924528301883,0.02702702702702703,0.033333333333333326,0.033333333333333326,-0.06666666666666665,0.015666666666666666,0.30292822533101016,0.30292822533101016,0.16685812383994333,3.7060462135240293,0.10577479578994621,True,2,3,0.011327618585392274,False,5,1680,0.31160019934832267,23,0.32857142857142857,1.4714285714285715,0.44285714285714284,0.0,0.825,0.01369047619047619,0.01607142857142857,0.0005952380952380953,0.011904761904761904,0.025,0.05238095238095238,0.024404761904761905,0.002380952380952381,0.02738095238095238,0.0,0.0011904761904761906,1,100,1,100,1,100,1,100,1,100,1,100,1,100,1,100,1,100,1,100
208,20.75,9.975000000000001,-7.0,5.917980236479764,20.5,0.26,0.3333333333333333,0.2641509433962264,0.13513513513513514,0.36666666666666664,0.23333333333333334,0.45,0.32316666666666666,0.02999999999999999,-0.025000000000000022,0.1320754716981132,-0.02702702702702703,0.06666666666666665,0.0,0.0,0.03533333333333333,0.2991552674133296,0.2991552674133296,0.14001099662668093,3.8683163064160104,0.15867917323440012,False,0,3,-0.02991721923076085,False,5,1680,0.3740351846165334,36,0.5142857142857142,1.6857142857142857,0.6285714285714286,0.0,0.7386904761904762,0.014285714285714285,0.002380952380952381,0.014285714285714285,0.004166666666666667,0.0,0.11190476190476191,0.0,0.0,0.08571428571428572,0.014285714285714285,0.014285714285714285,1,100,1,100,1,100,1,100,1,100,1,100,1,100,1,100,1,100,1,100
209,22.25,10.540476190476191,-12.5,6.971522898138855,21.5,0.24333333333333335,0.2833333333333333,0.25471698113207547,0.16216216216216217,0.4722222222222222,0.3,0.3611111111111111,0.34677777777777774,0.013333333333333327,0.016666666666666663,0.037735849056603765,-0.02702702702702703,0.13333333333333336,-0.016666666666666663,0.06666666666666671,0.06033333333333335,0.2704171612962465,0.2704171612962465,0.11735273520137528,3.762453552187338,0.09863205316275081,False,1,3,-0.009848138698870967,False,5,1680,0.3880744938042556,41,0.5857142857142857,1.7142857142857142,0.5571428571428572,0.0,0.7345238095238096,0.0,0.0,0.0,0.018452380952380953,0.014285714285714285,0.1244047619047619,0.014285714285714285,0.014285714285714285,0.05119047619047619,0.02857142857142857,0.0,1,100,1,100,1,100,1,100,1,100,1,100,1,100,1,100,7,2000,1,100
210,19.0,9.458333333333332,-9.5,6.070121824828063,18.5,0.23,0.375,0.16981132075471697,0.08108108108108109,0.2722222222222222,0.2833333333333333,0.43333333333333335,0.2806111111111111,0.0033333333333333335,0.025000000000000022,-0.01886792452830191,0.0,0.1,0.033333333333333326,-0.033333333333333326,0.034666666666666665,0.2776025714179527,0.2776025714179527,0.10764750163783422,3.564682992539929,0.07072423244055882,False,2,3,0.0022125154583130247,False,5,1680,0.43077138573547735,53,0.7571428571428571,2.0714285714285716,0.8142857142857143,0.0,0.680952380952381,0.0,0.01369047619047619,0.029166666666666667,0.01904761904761905,0.002380952380952381,0.15357142857142858,0.007738095238095238,0.0,0.0761904761904762,0.0,0.017261904761904763,1,100,1,100,1,100,1,100,1,100,1,100,1,100,1,100,1,100,1,100
211,21.75,10.223809523809525,-14.5,6.360008717317434,18.333333333333336,0.30333333333333334,0.3416666666666667,0.33962264150943394,0.1891891891891892,0.26666666666666666,0.26666666666666666,0.3,0.28633333333333333,0.08666666666666667,0.04999999999999999,0.16981132075471697,0.02702702702702703,0.016666666666666663,0.06666666666666665,0.022222222222222254,0.05050000000000001,0.2926253371315055,0.2926253371315055,0.16099449512803526,4.117710034476501,0.15908234644256578,False,1,3,0.0004897834852383709,False,5,1680,0.41609364365616774,37,0.5285714285714286,1.957142857142857,0.6857142857142857,0.0,0.6928571428571428,0.005952380952380952,0.0,0.0011904761904761906,0.01607142857142857,0.011904761904761904,0.17797619047619048,0.030952380952380953,0.014285714285714285,0.033928571428571426,0.0005952380952380953,0.014285714285714285,1,100,1,100,7,1900,7,1600,7,1900,1,100,1,100,1,100,7,2000,7,2000
212,21.5,10.045238095238094,-8.25,5.286225843971235,16.5,0.22333333333333333,0.375,0.1509433962264151,0.08108108108108109,0.36666666666666664,0.26666666666666666,0.36666666666666664,0.29933333333333334,0.01333333333333333,0.033333333333333326,0.0,0.0,0.033333333333333326,-0.06666666666666665,-0.050000000000000044,0.0028333333333333223,0.26628334544249704,0.26628334544249704,0.1002385699575657,3.6222538311474897,0.09319280387745867,False,0,3,-0.018071013868575403,False,5,1680,0.49155675761457773,47,0.6714285714285714,2.157142857142857,0.8571428571428571,0.0,0.5976190476190476,0.01369047619047619,0.014285714285714285,0.01011904761904762,0.023809523809523808,0.006547619047619048,0.2125,0.04523809523809524,0.0,0.0761904761904762,0.0,0.0,1,100,1,100,1,100,1,100,1,100,1,100,1,100,1,100,1,100,1,100
213,19.75,10.00595238095238,-13.5,6.20891770066293,18.833333333333336,0.3222222222222222,0.4722222222222222,0.16981132075471697,0.2972972972972973,0.2,0.4666666666666667,0.36666666666666664,0.3005555555555556,0.02999999999999999,-0.00833333333333336,0.0,0.13513513513513514,0.11666666666666668,0.1166666666666667,-0.01666666666666672,0.062,0.27165420892424713,0.27165420892424713,0.15830808262992088,4.09909017306752,0.1470475988512205,False,1,3,-0.022378663629294915,False,5,1680,0.43513293250514345,41,0.5857142857142857,2.0142857142857142,0.8571428571428571,0.0,0.580952380952381,0.01130952380952381,0.0,0.002380952380952381,0.0005952380952380953,0.0,0.2976190476190476,0.0,0.014285714285714285,0.05357142857142857,0.014285714285714285,0.025,1,100,1,100,1,100,7,1600,10,4900,1,100,1,100,1,100,7,2000,1,100
214,24.0,9.878571428571428,-9.833333333333332,6.566021326071197,18.0,0.24333333333333335,0.30833333333333335,0.22641509433962265,0.16216216216216217,0.43333333333333335,0.425,0.4166666666666667,0.354,-0.013333333333333327,-0.04999999999999999,0.0,0.02702702702702703,0.16666666666666669,-0.016666666666666663,0.21666666666666667,0.08383333333333334,0.3094461861235543,0.3094461861235543,0.14169000443800242,3.8295002000380403,0.14322949573652988,False,2,3,0.004917565380374689,False,5,1680,0.49823593610158595,43,0.6142857142857143,2.085714285714286,0.8285714285714286,0.0,0.5035714285714286,0.0,0.0,0.0011904761904761906,0.014285714285714285,0.015476190476190477,0.28273809523809523,0.019642857142857142,0.014285714285714285,0.14464285714285716,0.0035714285714285713,0.0005952380952380953,1,100,1,100,1,100,10,4000,1,100,1,100,1,100,1,100,1,100,1,100
215,20.0,10.025,-8.0,5.559764576207984,16.5,0.3,0.4,0.24528301886792453,0.21621621621621623,0.4,0.18333333333333332,0.3333333333333333,0.3283333333333333,0.006666666666666664,0.016666666666666663,0.018867924528301883,-0.02702702702702703,0.03333333333333338,0.06666666666666665,0.04999999999999999,0.02850000000000001,0.2813448009664012,0.2813448009664012,0.1253005489568508,3.653454263433703,0.06829025410296603,False,2,3,-0.0006447127650503481,False,5,1680,0.4445024820593692,38,0.5428571428571428,1.9142857142857144,0.7428571428571429,0.0,0.5863095238095238,0.014285714285714285,0.014285714285714285,0.0,0.0,0.0,0.1,0.0,0.0,0.25476190476190474,0.01607142857142857,0.014285714285714285,1,100,1,100,1,100,1,100,1,100,1,100,1,100,1,100,10,5000,1,100
216,24.166666666666668,9.741666666666665,-9.333333333333332,7.315876814943549,18.0,0.23,0.39166666666666666,0.09433962264150944,0.16216216216216217,0.2,0.2833333333333333,0.3333333333333333,0.24033333333333334,0.039999999999999994,0.04999999999999999,0.0,0.08108108108108109,0.06666666666666668,0.0222222222222222,-0.033333333333333326,0.036555555555555556,0.2832221828704767,0.2832221828704767,0.16287723931472578,4.228796259252214,0.19774991819938073,True,2,3,0.012398666218736976,False,5,1680,0.43135490546337174,57,0.8142857142857143,2.157142857142857,0.8285714285714286,0.0,0.6238095238095238,0.0,0.0125,0.0,0.0005952380952380953,0.014285714285714285,0.04523809523809524,0.0,0.0005952380952380953,0.24166666666666667,0.04702380952380952,0.014285714285714285,1,100,1,100,1,100,1,100,1,100,1,100,1,100,1,100,1,100,1,100
217,23.5,10.15,-9.0,6.032116425553188,23.5,0.28,0.4,0.1509433962264151,0.2702702702702703,0.43333333333333335,0.18888888888888886,0.3,0.3275555555555556,-0.02333333333333332,-0.024999999999999967,-0.09433962264150944,0.08108108108108109,0.033333333333333326,0.0222222222222222,0.0,0.004555555555555555,0.28417236356057507,0.28417236356057507,0.15980625459559158,4.18421064042051,0.18514701156285454,False,1,3,-0.010399172447365268,False,5,1680,0.3627480319728957,39,0.5571428571428572,1.8857142857142857,0.7285714285714285,0.0,0.7053571428571429,0.002976190476190476,0.014285714285714285,0.01369047619047619,0.0017857142857142857,0.014285714285714285,0.018452380952380953,0.0,0.0,0.21071428571428572,0.018452380952380953,0.0,1,100,1,100,1,100,10,4000,10,4900,1,100,1,100,1,100,11,7500,11,7500
218,19.5,10.095238095238097,-11.5,6.419067048154854,19.5,0.2633333333333333,0.5083333333333333,0.11320754716981132,0.08108108108108109,0.36666666666666664,0.4,0.36666666666666664,0.32866666666666666,0.006666666666666665,0.016666666666666663,0.0,0.0,0.033333333333333326,0.08333333333333337,-0.01666666666666672,0.02016666666666666,0.26316988148565956,0.26316988148565956,0.11660368565534139,3.9790618106612623,0.11822743705724732,True,2,3,0.005983906593530708,False,5,1680,0.37228775544526455,40,0.5714285714285714,1.7857142857142858,0.6428571428571429,0.0,0.7285714285714285,0.014285714285714285,0.0,0.0,0.0017857142857142857,0.002380952380952381,0.007142857142857143,0.002380952380952381,0.014285714285714285,0.1523809523809524,0.05714285714285714,0.019642857142857142,1,100,1,100,1,100,1,100,1,100,1,100,1,100,1,100,1,100,1,100
219,20.75,10.528571428571428,-8.5,6.747778672037393,20.25,0.29,0.44166666666666665,0.20754716981132076,0.16216216216216217,0.5333333333333333,0.4166666666666667,0.4166666666666667,0.4068333333333333,0.03,-0.041666666666666685,0.07547169811320756,0.08108108108108109,0.14999999999999997,-0.016666666666666663,0.08333333333333337,0.07533333333333334,0.3110305493430809,0.3110305493430809,0.1585944758894041,3.938234666118657,0.13118993848739177,True,3,3,0.007726278002592846,False,5,1680,0.45105390899604375,45,0.6428571428571429,1.9857142857142858,0.8428571428571429,0.0,0.6422619047619048,0.0,0.0,0.016666666666666666,0.0125,0.014285714285714285,0.023809523809523808,0.005952380952380952,0.0,0.20654761904761904,0.05773809523809524,0.02023809523809524,1,100,1,100,1,100,1,100,1,100,1,100,1,100,1,100,1,100,1,100
220,19.5,10.394047619047617,-10.75,6.065612176614782,17.5,0.26,0.43333333333333335,0.1509433962264151,0.13513513513513514,0.26666666666666666,0.24444444444444444,0.43333333333333335,0.28677777777777774,0.010000000000000009,0.025000000000000022,0.0,0.0,0.033333333333333326,-0.06666666666666668,0.0,0.009000000000000001,0.29894397040165743,0.29894397040165743,0.11316977217525519,3.51213811879709,0.04575613286023791,False,0,3,-0.029857499313166336,False,5,1680,0.3767926331925285,39,0.5571428571428572,1.9428571428571428,0.7714285714285715,0.0,0.7339285714285714,0.0,0.004166666666666667,0.01130952380952381,0.017261904761904763,0.01369047619047619,0.0017857142857142857,0.0,0.0,0.0994047619047619,0.10416666666666667,0.014285714285714285,1,100,1,100,1,100,1,100,1,100,1,100,1,100,1,100,1,100,1,100
221,24.5,10.270238095238094,-8.5,6.359819861715375,18.25,0.2,0.23333333333333334,0.24528301886792453,0.08108108108108109,0.48333333333333334,0.35,0.16666666666666666,0.30916666666666665,-0.008888888888888878,-0.07222222222222219,0.037735849056603765,0.02702702702702703,0.13333333333333336,0.033333333333333326,-0.33333333333333337,-0.0035555555555555423,0.3220005407221337,0.3220005407221337,0.2103141653895568,4.197266893740813,0.18966940161298432,False,1,3,0.0018089778821327451,False,5,1680,0.39628691876081806,38,0.5428571428571428,1.8714285714285714,0.7285714285714285,0.0,0.7392857142857143,0.007738095238095238,0.0011904761904761906,0.0,0.0,0.013095238095238096,0.02619047619047619,0.014285714285714285,0.02023809523809524,0.1,0.06964285714285715,0.008333333333333333,1,100,1,100,1,100,10,4000,10,4900,1,100,1,100,1,100,10,5000,1,100
222,19.75,10.309523809523808,-11.0,5.294073184642779,19.0,0.31333333333333335,0.4166666666666667,0.20754716981132076,0.2972972972972973,0.2,0.4,0.4666666666666667,0.30533333333333335,0.06,0.033333333333333326,0.056603773584905676,0.10810810810810811,0.033333333333333354,-0.033333333333333326,-0.050000000000000044,0.024833333333333332,0.26152818495903407,0.26152818495903407,0.15227378393996963,4.289696565248473,0.18578210501231926,False,1,3,-0.004870045718469385,False,5,1680,0.3784388588457307,27,0.38571428571428573,1.6714285714285715,0.6428571428571429,0.0,0.7285714285714285,0.014285714285714285,0.027976190476190477,0.0005952380952380953,0.022023809523809525,0.0,0.002380952380952381,0.0,0.014285714285714285,0.16130952380952382,0.014285714285714285,0.014285714285714285,1,100,1,100,1,100,1,100,1,100,1,100,1,100,1,100,1,100,1,100
223,22.333333333333332,10.660714285714286,-11.5,7.038715518932597,21.5,0.3,0.38333333333333336,0.2830188679245283,0.1891891891891892,0.3444444444444444,0.31666666666666665,0.3,0.3172222222222222,0.060000000000000026,0.03333333333333338,0.1509433962264151,-0.02702702702702703,0.09999999999999992,0.033333333333333326,0.06666666666666665,0.0723333333333333,0.2675335042462234,0.2675335042462234,0.12231240937863837,4.194681228998739,0.15179994155537047,False,0,3,-0.02570018779527472,False,5,1680,0.34022515915764373,23,0.32857142857142857,1.5142857142857142,0.4714285714285714,0.0,0.7714285714285715,0.0,0.0,0.017857142857142856,0.0,0.011904761904761904,0.0035714285714285713,0.016666666666666666,0.01130952380952381,0.13214285714285715,0.020833333333333332,0.014285714285714285,1,100,1,100,1,100,1,100,1,100,1,100,1,100,1,100,1,100,1,100
224,20.0,9.85,-13.25,6.434616205671145,20.0,0.25333333333333335,0.3333333333333333,0.11320754716981132,0.32432432432432434,0.45,0.36666666666666664,0.4,0.35550000000000004,0.02666666666666666,0.04999999999999999,-0.018867924528301883,0.05405405405405406,0.13333333333333336,0.11666666666666664,0.016666666666666663,0.07150000000000001,0.277735110283267,0.277735110283267,0.15523392790905957,3.9544464375374844,0.09841966304703481,False,0,3,-0.018718422956933933,False,5,1680,0.4029328318139101,30,0.42857142857142855,1.6285714285714286,0.6285714285714286,0.0,0.6458333333333334,0.0,0.02857142857142857,0.014285714285714285,0.008928571428571428,0.019642857142857142,0.014285714285714285,0.014285714285714285,0.0,0.25416666666666665,0.0,0.0,1,100,1,100,1,100,1,100,1,100,1,100,1,100,1,100,1,100,1,100
225,20.0,9.882142857142858,-12.5,6.411446436504268,18.5,0.20666666666666667,0.38333333333333336,0.11320754716981132,0.05405405405405406,0.3611111111111111,0.21666666666666667,0.4666666666666667,0.3007222222222222,-0.012222222222222221,-0.04722222222222222,0.018867924528301883,0.0,0.09999999999999998,0.0,0.06666666666666665,0.0401111111111111,0.31261380124016297,0.31261380124016297,0.16200314473887809,3.681402729407924,0.08860307861822904,False,1,3,-0.00307594012413287,False,5,1680,0.400919830226416,33,0.4714285714285714,1.6428571428571428,0.5571428571428572,0.0,0.6535714285714286,0.014285714285714285,0.0,0.004166666666666667,0.002380952380952381,0.0,0.030357142857142857,0.0,0.02857142857142857,0.24404761904761904,0.008333333333333333,0.014285714285714285,1,100,1,100,1,100,1,100,1,100,1,100,1,100,1,100,1,100,1,100
226,24.0,10.286904761904761,-9.5,6.528488177198347,20.5,0.2633333333333333,0.25833333333333336,0.20754716981132076,0.35135135135135137,0.36666666666666664,0.2,0.43333333333333335,0.31866666666666665,0.07666666666666667,-0.04166666666666663,0.11320754716981132,0.21621621621621623,0.14999999999999997,0.0,-0.016666666666666663,0.08066666666666665,0.24999492921179667,0.24999492921179667,0.1707500904239956,4.5379329511841595,0.22642630037478892,False,1,3,-0.02958868681038801,False,5,1680,0.36855963607634673,28,0.4,1.5142857142857142,0.5,0.0,0.6880952380952381,0.011904761904761904,0.0,0.004166666666666667,0.02857142857142857,0.002380952380952381,0.0,0.014285714285714285,0.02142857142857143,0.2261904761904762,0.002976190476190476,0.0,1,100,1,100,1,100,1,100,1,100,1,100,1,100,1,100,1,100,1,100
227,22.0,10.335714285714285,-10.25,6.084800400865039,17.5,0.27,0.3416666666666667,0.22641509433962265,0.21621621621621623,0.43333333333333335,0.3333333333333333,0.31666666666666665,0.3405,0.020000000000000007,-0.016666666666666663,0.07547169811320756,0.0,0.1166666666666667,0.04999999999999999,0.04999999999999999,0.06133333333333334,0.3268061601028198,0.3268061601028198,0.16354457933348346,3.595376242768206,0.09497077404154818,True,3,3,0.029454180357794846,False,5,1680,0.33949038113388574,27,0.38571428571428573,1.4714285714285715,0.4142857142857143,0.0,0.7821428571428571,0.0,0.014285714285714285,0.014285714285714285,0.014285714285714285,0.0,0.017261904761904763,0.002380952380952381,0.004166666666666667,0.11726190476190476,0.019642857142857142,0.014285714285714285,1,100,1,100,1,100,1,100,1,100,1,100,1,100,1,100,1,100,1,100
228,19.0,9.95,-8.5,6.354216822596742,19.0,0.26555555555555554,0.3638888888888889,0.22641509433962265,0.16216216216216217,0.3888888888888889,0.11666666666666667,0.4888888888888889,0.3273333333333333,0.02222222222222221,0.055555555555555525,0.0,0.0,0.0,0.0,0.0,0.008888888888888884,0.28621887295143195,0.28621887295143195,0.11719334241338425,3.338523445988636,0.02236119218299436,False,1,3,-0.007373679074855033,False,5,1680,0.3361209464677599,15,0.21428571428571427,1.3428571428571427,0.3142857142857143,0.0,0.7386904761904762,0.0,0.004166666666666667,0.016666666666666666,0.0,0.023809523809523808,0.0005952380952380953,0.002380952380952381,0.0,0.18273809523809523,0.016666666666666666,0.014285714285714285,1,100,1,100,1,100,1,100,1,100,1,100,1,100,1,100,1,100,1,100
229,20.5,10.017857142857142,-9.5,5.788790701788729,18.25,0.22333333333333333,0.275,0.24528301886792453,0.10810810810810811,0.35,0.43333333333333335,0.21666666666666667,0.2876666666666666,-0.009999999999999988,-0.07499999999999996,0.05660377358490565,0.0,0.016666666666666663,0.13333333333333336,-0.033333333333333326,0.010166666666666675,0.2676580755976182,0.2676580755976182,0.1369335443752874,3.8037334057696945,0.10837139157245933,True,2,3,0.014237643734072547,False,5,1680,0.18827470450073272,10,0.14285714285714285,1.1,0.08571428571428572,0.0,0.9089285714285714,0.0,0.014285714285714285,0.01607142857142857,0.01369047619047619,0.014285714285714285,0.014285714285714285,0.0,0.0125,0.004166666666666667,0.0017857142857142857,0.0,1,100,1,100,1,100,1,100,1,100,1,100,1,100,1,100,1,100,1,100
230,20.25,10.124999999999998,-10.0,6.488432166874135,17.0,0.2644444444444444,0.3777777777777777,0.22641509433962265,0.13513513513513514,0.35,0.3,0.2777777777777778,0.29994444444444446,0.023333333333333303,-0.058333333333333404,0.09433962264150944,0.05405405405405406,0.033333333333333326,-0.04999999999999999,0.05000000000000002,0.023499999999999986,0.30721115879473865,0.30721115879473865,0.17013530441854516,3.9872951978481885,0.17809652691695832,False,1,3,0.005266320225558396,False,5,1680,0.19957708969244753,8,0.11428571428571428,1.0142857142857142,0.014285714285714285,0.0,0.8970238095238096,0.0,0.0,0.0,0.014285714285714285,0.0,0.0,0.02857142857142857,0.014285714285714285,0.017261904761904763,0.014285714285714285,0.014285714285714285,1,100,1,100,1,100,1,100,1,100,1,100,1,100,1,100,1,100,1,100
231,19.5,10.163095238095238,-12.833333333333332,5.677098865671818,19.5,0.32666666666666666,0.4166666666666667,0.33962264150943394,0.16216216216216217,0.36666666666666664,0.3,0.3,0.33399999999999996,0.04777777777777776,0.002777777777777768,0.1132075471698113,0.02702702702702703,0.14444444444444443,0.016666666666666663,-0.13333333333333336,0.051333333333333314,0.2685275487724806,0.2685275487724806,0.1295188374619873,4.233126372301035,0.20167951792654193,True,2,3,0.006072448021080867,False,5,1680,0.2145894868592556,11,0.15714285714285714,1.0571428571428572,0.05714285714285714,0.0,0.8958333333333334,0.0,0.01369047619047619,0.014285714285714285,0.014285714285714285,0.014285714285714285,0.014285714285714285,0.014285714285714285,0.014285714285714285,0.0035714285714285713,0.0005952380952380953,0.0005952380952380953,1,100,1,100,1,100,1,100,1,100,1,100,1,100,1,100,1,100,1,100
232,21.666666666666668,10.372619047619049,-12.0,5.586188350158515,17.333333333333336,0.30666666666666664,0.4666666666666667,0.2641509433962264,0.10810810810810811,0.43333333333333335,0.26666666666666666,0.43333333333333335,0.366,0.06333333333333334,0.125,0.037735849056603765,0.0,0.08333333333333337,0.011111111111111127,0.06666666666666671,0.06561111111111113,0.2855532940447449,0.2855532940447449,0.15985327628787696,4.004785299791071,0.19159322829332207,False,1,3,-0.0014774212072386494,False,5,1680,0.18039758115301188,8,0.11428571428571428,1.0714285714285714,0.05714285714285714,0.0,0.9125,0.014285714285714285,0.014285714285714285,0.013095238095238096,0.0,0.011904761904761904,0.0,0.0011904761904761906,0.0,0.016666666666666666,0.0017857142857142857,0.014285714285714285,1,100,1,100,1,100,1,100,1,100,1,100,1,100,1,100,1,100,1,100
233,22.25,10.235714285714284,-11.5,6.520632264183939,21.5,0.2088888888888889,0.2555555555555556,0.22641509433962265,0.10810810810810811,0.4166666666666667,0.2833333333333333,0.43333333333333335,0.32272222222222224,0.02,-0.016666666666666663,0.037735849056603765,0.05405405405405406,0.13333333333333336,0.033333333333333326,0.06666666666666671,0.068,0.31071686491930345,0.31071686491930345,0.1753931895245653,3.9237842314640528,0.12941991154602075,True,2,3,0.036543433760445554,False,5,1680,0.18426055986071127,7,0.1,1.042857142857143,0.02857142857142857,0.0,0.9,0.0,0.014285714285714285,0.0,0.041666666666666664,0.0,0.02142857142857143,0.0005952380952380953,0.01488095238095238,0.007142857142857143,0.0,0.0,1,100,1,100,1,100,1,100,1,100,1,100,1,100,1,100,1,100,1,100
234,19.0,10.314285714285715,-8.25,5.1636929120345565,17.25,0.29333333333333333,0.43333333333333335,0.24528301886792453,0.13513513513513514,0.21666666666666667,0.3,0.48333333333333334,0.29566666666666663,0.05000000000000001,0.05833333333333335,0.07547169811320756,0.0,0.0,0.06666666666666665,0.033333333333333326,0.03166666666666667,0.2909184976766681,0.2909184976766681,0.12154697541754751,3.596633166671403,0.09044554192090444,False,2,3,-0.0044930766433543545,False,5,1680,0.17883128891041342,8,0.11428571428571428,1.0714285714285714,0.07142857142857142,0.0,0.9154761904761904,0.01130952380952381,0.014285714285714285,0.014285714285714285,0.015476190476190477,0.004166666666666667,0.01011904761904762,0.0,0.0,0.01011904761904762,0.0,0.004761904761904762,1,100,1,100,1,100,1,100,1,100,1,100,1,100,1,100,1,100,1,100
235,23.0,10.277380952380952,-10.0,6.339685433407388,19.0,0.29333333333333333,0.4666666666666667,0.16981132075471697,0.1891891891891892,0.3,0.3,0.31666666666666665,0.2998333333333333,-0.006666666666666665,-0.016666666666666663,0.0,0.0,0.0,0.06666666666666665,-0.033333333333333326,-0.0009999999999999992,0.309961317477009,0.309961317477009,0.1315852231280411,3.5005743350830287,0.05602114500462383,False,0,3,-0.05144004919454015,False,5,1680,0.18208911676176562,9,0.12857142857142856,1.0714285714285714,0.07142857142857142,0.0,0.9101190476190476,0.0,0.004166666666666667,0.0,0.006547619047619048,0.0,0.0,0.014285714285714285,0.022023809523809525,0.018452380952380953,0.01011904761904762,0.014285714285714285,1,100,1,100,1,100,1,100,1,100,1,100,1,100,1,100,1,100,1,100
236,22.0,10.202380952380954,-10.25,6.31955850735565,20.5,0.26,0.4166666666666667,0.18867924528301888,0.10810810810810811,0.25,0.23333333333333334,0.3,0.2598333333333333,0.04666666666666669,0.08333333333333337,0.056603773584905676,-0.02702702702702703,0.0,0.06666666666666668,-0.1166666666666667,0.007833333333333338,0.28657140811476717,0.28657140811476717,0.17944527155983758,4.097044884309511,0.1248843678105636,False,1,3,-0.00756109783596981,False,5,1680,0.20730816278187986,9,0.12857142857142856,1.0571428571428572,0.05714285714285714,0.0,0.8988095238095238,0.014285714285714285,0.0125,0.014285714285714285,0.002976190476190476,0.014285714285714285,0.016666666666666666,0.011904761904761904,0.0,0.014285714285714285,0.0,0.0,1,100,1,100,1,100,1,100,1,100,1,100,1,100,1,100,1,100,1,100
237,23.666666666666668,9.920238095238096,-10.0,6.533087879777675,20.25,0.24,0.2833333333333333,0.20754716981132076,0.21621621621621623,0.2833333333333333,0.4666666666666667,0.25555555555555554,0.2801666666666667,0.02,0.04999999999999999,0.03773584905660379,-0.05405405405405406,0.033333333333333326,0.13333333333333336,-0.07222222222222219,0.022166666666666675,0.31239558730901346,0.31239558730901346,0.17534065372965882,4.016104756532936,0.15536444453189277,True,2,3,0.007569557246708991,False,5,1680,0.21302157539679104,10,0.14285714285714285,1.1714285714285715,0.14285714285714285,0.0,0.893452380952381,0.011904761904761904,0.0005952380952380953,0.016666666666666666,0.01488095238095238,0.0,0.0011904761904761906,0.0017857142857142857,0.002380952380952381,0.020833333333333332,0.011904761904761904,0.024404761904761905,1,100,1,100,1,100,1,100,1,100,1,100,1,100,1,100,1,100,1,100
238,20.5,10.305952380952382,-8.5,6.249471746383333,19.0,0.24,0.35,0.16981132075471697,0.16216216216216217,0.3,0.43333333333333335,0.35,0.29683333333333334,0.009999999999999988,-0.00833333333333336,0.018867924528301883,0.02702702702702703,-0.033333333333333326,0.016666666666666663,0.1333333333333333,0.013999999999999992,0.28188291179597724,0.28188291179597724,0.14604815560554685,3.9686900933437976,0.11068975593901646,False,1,3,-0.003523183643665495,False,5,1680,0.18613943802264254,9,0.12857142857142856,1.1142857142857143,0.1,0.0,0.9041666666666667,0.0,0.0,0.014285714285714285,0.016666666666666666,0.014285714285714285,0.016666666666666666,0.002380952380952381,0.0011904761904761906,0.030357142857142857,0.0,0.0,1,100,1,100,1,100,1,100,1,100,1,100,1,100,1,100,1,100,1,100
239,22.0,10.314285714285715,-7.5,6.197352408145619,22.0,0.2833333333333333,0.30833333333333335,0.3018867924528302,0.21621621621621623,0.4666666666666667,0.3333333333333333,0.31666666666666665,0.3575,0.030000000000000013,-0.04166666666666663,0.09433962264150941,0.05405405405405406,0.033333333333333326,0.0,0.016666666666666663,0.026166666666666668,0.2877744510978044,0.2877744510978044,0.16205890519071386,4.424401215823191,0.2528958147961106,False,0,3,-0.013758991691680489,False,5,1680,0.21534182344314926,12,0.17142857142857143,1.1714285714285715,0.12857142857142856,0.0,0.8916666666666667,0.0035714285714285713,0.022023809523809525,0.014285714285714285,0.015476190476190477,0.0,0.0,0.002976190476190476,0.0,0.022023809523809525,0.013095238095238096,0.01488095238095238,1,100,1,100,1,100,1,100,1,100,1,100,1,100,1,100,1,100,1,100
240,20.5,9.135714285714286,-13.5,6.211551122460377,16.25,0.28,0.3333333333333333,0.2641509433962264,0.21621621621621623,0.3,0.3,0.4,0.30700000000000005,0.07666666666666665,0.07499999999999996,0.09433962264150944,0.05405405405405406,0.09999999999999998,0.13333333333333333,0.05555555555555558,0.08733333333333332,0.2584424068985067,0.2584424068985067,0.15835550512702232,4.392447525540376,0.2789460509430209,False,0,3,-0.01679876829036342,False,5,1680,0.20306066043166088,13,0.18571428571428572,1.3571428571428572,0.2857142857142857,0.0,0.8892857142857142,0.0005952380952380953,0.0,0.0,0.0,0.014285714285714285,0.014285714285714285,0.019642857142857142,0.0035714285714285713,0.050595238095238096,0.002380952380952381,0.005357142857142857,1,100,1,100,1,100,1,100,1,100,1,100,1,100,1,100,1,100,1,100
241,20.75,10.102380952380951,-6.5,5.5551915413624116,18.5,0.21,0.275,0.1509433962264151,0.1891891891891892,0.3,0.4,0.3,0.274,0.010000000000000014,-0.04166666666666663,0.0,0.10810810810810811,0.06666666666666665,0.08333333333333337,0.033333333333333326,0.04066666666666667,0.2949705918575409,0.2949705918575409,0.16819243950944407,4.438856952032409,0.34599115022966115,False,2,3,0.002799020433029542,False,5,1680,0.33339509005761936,25,0.35714285714285715,1.6142857142857143,0.5857142857142857,0.0,0.7863095238095238,0.014285714285714285,0.011904761904761904,0.01369047619047619,0.0017857142857142857,0.017857142857142856,0.010714285714285714,0.0125,0.002380952380952381,0.12083333333333333,0.0,0.007738095238095238,1,100,1,100,1,100,1,100,10,4900,1,100,1,100,1,100,10,5000,1,100
242,21.25,9.945238095238096,-11.0,5.983689565504425,19.0,0.29333333333333333,0.4,0.2641509433962264,0.16216216216216217,0.35,0.3,0.5333333333333333,0.34983333333333333,0.06666666666666667,0.08333333333333337,0.07547169811320753,0.02702702702702703,0.04999999999999999,0.06666666666666665,0.2055555555555556,0.08166666666666667,0.26928144927134895,0.26928144927134895,0.16180823153498286,4.086040223313869,0.1972781344940641,False,0,3,-0.014054949611547296,False,5,1680,0.33021777304412386,22,0.3142857142857143,1.457142857142857,0.4142857142857143,0.0,0.7470238095238095,0.01488095238095238,0.0,0.0,0.0,0.0011904761904761906,0.0,0.014285714285714285,0.014285714285714285,0.1767857142857143,0.014285714285714285,0.017261904761904763,1,100,1,100,1,100,1,100,10,4900,1,100,1,100,1,100,10,5000,1,100
243,21.5,9.78095238095238,-14.0,7.026906500444302,18.75,0.21333333333333335,0.31666666666666665,0.1320754716981132,0.16216216216216217,0.3333333333333333,0.21666666666666667,0.3,0.26866666666666666,0.02999999999999998,0.024999999999999967,0.037735849056603765,0.02702702702702703,0.08333333333333331,0.05555555555555558,-0.10000000000000003,0.0317222222222222,0.3228614026662508,0.3228614026662508,0.17452489447295017,4.170179775534728,0.27717081353904094,True,3,3,0.016326826692240448,False,5,1680,0.3866977431803351,29,0.4142857142857143,1.6714285714285715,0.5857142857142857,0.0,0.7255952380952381,0.0,0.01369047619047619,0.002976190476190476,0.01130952380952381,0.025,0.01488095238095238,0.017261904761904763,0.01488095238095238,0.1636904761904762,0.0,0.010714285714285714,1,100,1,100,1,100,1,100,10,4900,1,100,1,100,1,100,10,5000,1,100
244,21.0,9.861904761904762,-8.5,6.045624905571484,21.0,0.19666666666666666,0.25833333333333336,0.22641509433962265,0.05405405405405406,0.2,0.5,0.4166666666666667,0.26116666666666666,-0.019999999999999987,-0.1333333333333333,0.09433962264150944,0.0,0.11666666666666668,0.08333333333333331,-0.06666666666666665,0.031166666666666683,0.28949865876133823,0.28949865876133823,0.19077573221574373,4.209176189424729,0.22737427663839896,False,1,3,-0.0016860218956027406,False,5,1680,0.3512950207220275,30,0.42857142857142855,1.8428571428571427,0.6857142857142857,0.0,0.7273809523809524,0.0005952380952380953,0.0,0.014285714285714285,0.002380952380952381,0.0017857142857142857,0.01130952380952381,0.0,0.0,0.16904761904761906,0.014285714285714285,0.05892857142857143,1,100,1,100,1,100,1,100,1,100,1,100,1,100,1,100,1,100,1,100
245,23.5,9.780952380952382,-8.25,6.574755886417867,20.25,0.29333333333333333,0.31666666666666665,0.2641509433962264,0.2972972972972973,0.3333333333333333,0.23333333333333334,0.43333333333333335,0.3223333333333333,0.046666666666666676,-0.04999999999999999,0.1320754716981132,0.08108108108108109,0.1222222222222222,0.12777777777777777,0.10000000000000003,0.08922222222222222,0.2908823462968186,0.2908823462968186,0.1966698403120739,4.338748078869642,0.26566476393689437,False,1,3,-0.015590936904334218,False,5,1680,0.3861185834761063,25,0.35714285714285715,1.7571428571428571,0.5857142857142857,0.0,0.7154761904761905,0.0,0.0,0.0,0.01130952380952381,0.014285714285714285,0.030952380952380953,0.01488095238095238,0.0017857142857142857,0.17083333333333334,0.014285714285714285,0.02619047619047619,1,100,1,100,1,100,1,100,1,100,1,100,1,100,1,100,1,100,1,100
246,20.0,9.689285714285715,-11.25,5.882208873869379,16.75,0.27,0.375,0.18867924528301888,0.21621621621621623,0.2833333333333333,0.16666666666666666,0.4,0.2838333333333333,0.010000000000000012,0.05833333333333335,-0.05660377358490565,0.02702702702702703,0.0,-0.033333333333333354,0.15000000000000002,0.023166666666666676,0.27228084903577293,0.27228084903577293,0.1768111458718197,4.267811547405372,0.2240739769092702,False,2,3,-0.002132445587102516,False,5,1680,0.35266615567805276,15,0.21428571428571427,1.5714285714285714,0.5142857142857142,0.0,0.7357142857142858,0.023809523809523808,0.025,0.014285714285714285,0.0,0.014285714285714285,0.0,0.0017857142857142857,0.0,0.17261904761904762,0.002976190476190476,0.009523809523809525,1,100,1,100,1,100,1,100,1,100,1,100,1,100,1,100,1,100,1,100
247,21.75,10.026190476190477,-11.5,7.076082323085557,21.75,0.31333333333333335,0.38333333333333336,0.2830188679245283,0.24324324324324326,0.48333333333333334,0.36666666666666664,0.5333333333333333,0.4111666666666667,0.06,0.0,0.1320754716981132,0.05405405405405406,0.09999999999999998,0.06666666666666665,0.033333333333333326,0.07066666666666666,0.30236550144204716,0.30236550144204716,0.17186130963095106,3.8661383148270816,0.15648604215446435,False,2,3,0.0009287922876408672,False,5,1680,0.22707970761057228,13,0.18571428571428572,1.2857142857142858,0.18571428571428572,0.0,0.8809523809523809,0.0,0.002976190476190476,0.0,0.0,0.004166666666666667,0.02857142857142857,0.015476190476190477,0.02142857142857143,0.024404761904761905,0.019642857142857142,0.002380952380952381,1,100,1,100,1,100,1,100,1,100,1,100,1,100,1,100,1,100,1,100
248,26.0,9.978571428571428,-7.5,6.136989168511036,17.75,0.21333333333333335,0.31666666666666665,0.20754716981132076,0.05405405405405406,0.18333333333333332,0.36666666666666664,0.5,0.2611666666666667,0.019999999999999993,0.04999999999999999,0.0,0.0,0.016666666666666663,0.06666666666666665,0.016666666666666663,0.022999999999999993,0.3100044343587378,0.3100044343587378,0.15531159295137364,3.90039754372234,0.1449659643837553,False,1,3,0.002854969141672825,False,5,1680,0.23002345836570137,15,0.21428571428571427,1.2571428571428571,0.21428571428571427,0.0,0.8785714285714286,0.002976190476190476,0.02261904761904762,0.01607142857142857,0.014285714285714285,0.025595238095238095,0.007142857142857143,0.0,0.0,0.03154761904761905,0.0,0.0011904761904761906,1,100,1,100,1,100,1,100,1,100,1,100,1,100,1,100,1,100,1,100
249,24.0,9.948809523809523,-9.666666666666666,6.232169691123383,18.5,0.26666666666666666,0.38333333333333336,0.18867924528301888,0.1891891891891892,0.26666666666666666,0.26666666666666666,0.3333333333333333,0.27666666666666667,-0.008888888888888866,-0.07222222222222219,0.01886792452830191,0.05405405405405406,0.13333333333333333,0.0,-0.033333333333333326,0.038111111111111116,0.28874450199029955,0.28874450199029955,0.16749052703890013,4.013872638075437,0.13663468972970452,True,2,3,0.011870976314378667,False,5,1680,0.19477731415520874,12,0.17142857142857143,1.2,0.2,0.0,0.8940476190476191,0.002380952380952381,0.02619047619047619,0.0,0.014285714285714285,0.0,0.0005952380952380953,0.0,0.02619047619047619,0.033928571428571426,0.0,0.002380952380952381,1,100,1,100,1,100,1,100,1,100,1,100,1,100,1,100,1,100,1,100
