generation,training_best,training_mean,training_worst,training_std,selected_candidate_fitness,benchmark_score,normal_score,mid_score,late_score,full_tournament_score,minimum_control_score,randomized_human_score,raw_selection_score,advantage_score,normal_advantage,mid_advantage,late_advantage,full_tournament_advantage,minimum_control_advantage,randomized_human_advantage,robust_score,verified_score,checkpoint_saved,league_promoted,league_size,total_probe_decisions,action_entropy,unique_policy_count,unique_policy_rate,mean_distinct_actions,contextual_policy_rate,action_legacy_fraction,action_minimum,action_bet_02_percent,action_bet_03_percent,action_bet_05_percent,action_bet_10_percent,action_bet_15_percent,action_bet_20_percent,action_bet_30_percent,action_bet_40_percent,action_bet_50_percent,action_bet_75_percent,action_bet_100_percent,probe_early_tied_action_index,probe_early_tied_legal_bet,probe_early_behind_second_action_index,probe_early_behind_second_legal_bet,probe_mid_one_bet_behind_action_index,probe_mid_one_bet_behind_legal_bet,probe_mid_far_behind_action_index,probe_mid_far_behind_legal_bet,probe_late_behind_second_action_index,probe_late_behind_second_legal_bet,probe_late_safe_lead_action_index,probe_late_safe_lead_legal_bet,probe_early_gap_cautious_action_index,probe_early_gap_cautious_legal_bet,probe_early_gap_volatile_action_index,probe_early_gap_volatile_legal_bet,probe_late_gap_cautious_action_index,probe_late_gap_cautious_legal_bet,probe_late_gap_volatile_action_index,probe_late_gap_volatile_legal_bet
0,38.02484376181533,4.728773407297453,-13.830833333333333,14.077169402188314,35.83339808469829,0.22233333333333336,0.2891666666666667,0.16981132075471697,0.1891891891891892,0.35500000000000004,0.23666666666666666,0.5169444444444445,0.3143916666666667,0.0,0.0,0.0,0.0,0.0,0.0,0.0,0.0,0.0,True,False,0,1680,0.9577949788514394,43,0.6142857142857143,1.6285714285714286,0.45714285714285713,0.0,0.07559523809523809,0.11011904761904762,0.11011904761904762,0.07083333333333333,0.05773809523809524,0.10595238095238095,0.0875,0.06428571428571428,0.0880952380952381,0.10119047619047619,0.05119047619047619,0.07738095238095238,1,100,1,100,1,100,1,100,1,100,1,100,1,100,1,100,1,100,1,100
1,25.601111148264916,8.290265533967633,-11.472425632911394,10.782921790485423,23.315806519138757,0.277,0.4416666666666667,0.20849056603773586,0.10810810810810811,0.2741666666666667,0.31083333333333335,0.28833333333333333,0.28109166666666674,0.0,0.0,0.0,0.0,0.0,0.0,0.0,0.0,0.0,False,True,1,1680,0.7570728108296347,31,0.44285714285714284,1.3571428571428572,0.3,0.0,0.30357142857142855,0.18333333333333332,0.24047619047619048,0.02857142857142857,0.03273809523809524,0.04404761904761905,0.02857142857142857,0.025,0.034523809523809526,0.027976190476190477,0.0035714285714285713,0.047619047619047616,1,100,1,100,1,100,1,100,1,100,1,100,1,100,1,100,1,100,1,100
2,25.647122907449987,8.254359009446947,-14.376375,11.380328904356432,25.647122907449987,0.252,0.3625,0.22641509433962265,0.10945945945945945,0.20166666666666666,0.24777777777777776,0.34500000000000003,0.24791111111111114,-0.006666666666666665,-0.016666666666666663,0.0,0.0,0.0,0.0,0.03750000000000003,0.002958333333333339,0.006267500000000001,True,False,1,1680,0.5385416953015086,25,0.35714285714285715,1.3142857142857143,0.24285714285714285,0.0,0.6351190476190476,0.029166666666666667,0.08392857142857142,0.01488095238095238,0.022023809523809525,0.0,0.01369047619047619,0.07738095238095238,0.016666666666666666,0.025,0.002976190476190476,0.07916666666666666,1,100,1,100,1,100,1,100,1,100,1,100,1,100,1,100,1,100,1,100
3,29.90429101242762,8.731408390810813,-15.170625000000001,10.985877990481434,29.90429101242762,0.23933333333333337,0.3400000000000001,0.14150943396226415,0.21621621621621623,0.275,0.32194444444444437,0.40750000000000003,0.28530277777777774,0.0,0.0,0.0,0.0,0.0,0.0,0.0,0.0,,False,False,1,1680,0.5872617381028578,27,0.38571428571428573,1.3142857142857143,0.24285714285714285,0.0,0.6130952380952381,0.004761904761904762,0.09702380952380953,0.04345238095238095,0.014285714285714285,0.018452380952380953,0.04047619047619048,0.01904761904761905,0.04285714285714286,0.03988095238095238,0.014285714285714285,0.05238095238095238,1,100,1,100,1,100,1,100,1,100,1,100,1,100,1,100,1,100,1,100
4,24.886521521024175,9.001794377980815,-13.0575,10.245615552036703,20.341677845551736,0.27033333333333337,0.40750000000000003,0.19056603773584904,0.16216216216216217,0.2533333333333333,0.3266666666666666,0.2866666666666667,0.2724666666666667,0.0,0.0,0.0,0.0,0.0,0.0,0.0,0.0,,False,False,1,1680,0.5115595648499034,26,0.37142857142857144,1.3,0.2571428571428571,0.0,0.6928571428571428,0.04047619047619048,0.047619047619047616,0.026785714285714284,0.014285714285714285,0.01904761904761905,0.030357142857142857,0.05773809523809524,0.01607142857142857,0.018452380952380953,0.02857142857142857,0.007738095238095238,1,100,1,100,1,100,1,100,1,100,1,100,1,100,1,100,1,100,1,100
5,25.877659461006655,8.324589843427995,-11.562145912547528,11.13609091169713,23.36541790784286,0.28,0.3816666666666667,0.16981132075471697,0.27297297297297296,0.29,0.4133333333333334,0.4136111111111111,0.316875,0.0,0.0,0.0,0.0,0.0,0.0,0.0,0.0,,False,False,1,1680,0.5261475531963612,32,0.45714285714285713,1.4142857142857144,0.35714285714285715,0.0,0.6827380952380953,0.05357142857142857,0.025595238095238095,0.017261904761904763,0.014285714285714285,0.03154761904761905,0.02261904761904762,0.02023809523809524,0.060714285714285714,0.027976190476190477,0.014285714285714285,0.029166666666666667,1,100,1,100,1,100,1,100,1,100,1,100,1,100,1,100,1,100,1,100
6,25.381788589046682,9.148500171433744,-12.868220744680851,9.09085284607197,23.381556974268396,0.2328333333333333,0.34875,0.16981132075471697,0.13513513513513514,0.3416666666666667,0.3941666666666667,0.3566666666666667,0.3056333333333333,0.0,0.0,0.0,0.0,0.0,0.0,0.0,0.0,,False,False,1,1680,0.40816100655315507,25,0.35714285714285715,1.3571428571428572,0.2857142857142857,0.0,0.7553571428571428,0.05416666666666667,0.014285714285714285,0.027976190476190477,0.03511904761904762,0.0375,0.009523809523809525,0.04285714285714286,0.0,0.0,0.002976190476190476,0.02023809523809524,1,100,1,100,1,100,1,100,1,100,1,100,1,100,1,100,1,100,1,100
7,25.716516100722522,8.531354881285472,-16.811345346715328,11.228458848015086,25.716516100722522,0.23183333333333334,0.3129166666666666,0.1509433962264151,0.21621621621621623,0.25083333333333335,0.15333333333333332,0.4066666666666667,0.2568583333333333,0.0,0.0,0.0,0.0,0.0,0.0,0.0,0.0,,False,False,1,1680,0.46172060783711216,25,0.35714285714285715,1.3857142857142857,0.3,0.0,0.7142857142857143,0.02023809523809524,0.025,0.007142857142857143,0.0005952380952380953,0.0,0.07142857142857142,0.04404761904761905,0.04583333333333333,0.02976190476190476,0.01904761904761905,0.02261904761904762,1,100,1,100,1,100,1,100,1,100,1,100,1,100,1,100,1,100,1,100
8,25.135589103703488,9.683660648080886,-10.888556579562541,8.870766084874424,20.32116843900482,0.29350000000000004,0.38125,0.19056603773584907,0.29864864864864865,0.4025,0.23277777777777778,0.3336111111111111,0.33159444444444447,0.02099999999999996,0.017499999999999905,0.019811320754716977,0.028378378378378366,0.033333333333333326,0.0,-0.06833333333333336,0.009816666666666645,0.012014999999999982,True,False,1,1680,0.38914635994635777,23,0.32857142857142857,1.3142857142857143,0.24285714285714285,0.0,0.7696428571428572,0.025595238095238095,0.0,0.034523809523809526,0.026785714285714284,0.014285714285714285,0.04404761904761905,0.03333333333333333,0.042261904761904764,0.0,0.009523809523809525,0.0,1,100,1,100,1,100,1,100,1,100,1,100,1,100,1,100,1,100,1,100
9,26.35257695124478,7.6859244546658845,-14.548014589280049,12.337303870825444,24.85362500118148,0.3086666666666667,0.47166666666666673,0.20754716981132076,0.1891891891891892,0.37083333333333335,0.22333333333333333,0.37,0.3310916666666667,0.0,0.0,0.0,0.0,0.0,0.0,0.0,0.0,,False,False,1,1680,0.6221888107049897,35,0.5,1.5,0.37142857142857144,0.0,0.5910714285714286,0.04583333333333333,0.02738095238095238,0.033928571428571426,0.03333333333333333,0.03869047619047619,0.08095238095238096,0.02738095238095238,0.04345238095238095,0.03869047619047619,0.039285714285714285,0.0,1,100,1,100,1,100,1,100,1,100,1,100,1,100,1,100,1,100,1,100
10,22.04260567217252,8.915813244333188,-13.128008680283159,9.467545554814885,22.04260567217252,0.29316666666666674,0.4229166666666667,0.1707547169811321,0.25810810810810814,0.39166666666666666,0.17083333333333334,0.3766666666666667,0.32793333333333335,0.0,0.0,0.0,0.0,0.0,0.0,0.0,0.0,,False,False,1,1680,0.5022777512051814,22,0.3142857142857143,1.2,0.17142857142857143,0.0,0.6964285714285714,0.022023809523809525,0.01607142857142857,0.027976190476190477,0.04047619047619048,0.04285714285714286,0.06726190476190476,0.027976190476190477,0.025,0.01488095238095238,0.0035714285714285713,0.015476190476190477,1,100,1,100,1,100,1,100,1,100,1,100,1,100,1,100,1,100,1,100
11,22.497953407580088,9.808965686088463,-16.487298644148428,7.5823074362603275,22.497953407580088,0.216,0.305,0.15283018867924528,0.16216216216216217,0.23999999999999996,0.17166666666666666,0.4783333333333334,0.2593166666666667,0.0,0.0,0.0,0.0,0.0,0.0,0.0,0.0,,False,False,1,1680,0.3509156849905161,16,0.22857142857142856,1.1857142857142857,0.14285714285714285,0.0,0.7958333333333333,0.04642857142857143,0.04285714285714286,0.018452380952380953,0.01369047619047619,0.009523809523809525,0.0005952380952380953,0.030952380952380953,0.002976190476190476,0.0,0.03630952380952381,0.002380952380952381,1,100,1,100,1,100,1,100,1,100,1,100,1,100,1,100,1,100,1,100
12,23.569349314239638,9.824266135358737,-14.754916666666666,8.053025801596377,23.569349314239638,0.3020555555555556,0.4209722222222222,0.16981132075471697,0.29864864864864865,0.3016666666666667,0.3075,0.3441666666666667,0.30878055555555556,0.0,0.0,0.0,0.0,0.0,0.0,0.0,0.0,,False,False,1,1680,0.3102769751748122,17,0.24285714285714285,1.2,0.15714285714285714,0.0,0.8369047619047619,0.011904761904761904,0.019642857142857142,0.0,0.0035714285714285713,0.030952380952380953,0.014285714285714285,0.005357142857142857,0.014285714285714285,0.014285714285714285,0.017261904761904763,0.03154761904761905,1,100,1,100,1,100,1,100,1,100,1,100,1,100,1,100,1,100,1,100
13,20.77183888125497,9.974563357918086,-9.867413163716813,7.128584056084033,17.771680197481455,0.24716666666666667,0.3654166666666667,0.1518867924528302,0.19189189189189187,0.31333333333333335,0.5708333333333334,0.345,0.3173666666666667,0.014333333333333344,0.018333333333333368,0.0,0.028378378378378366,0.036666666666666736,0.15916666666666662,0.07166666666666666,0.045233333333333355,0.013331666666666655,True,True,2,1680,0.2501163430395234,12,0.17142857142857143,1.1285714285714286,0.1,0.0,0.8654761904761905,0.022023809523809525,0.004166666666666667,0.014285714285714285,0.027976190476190477,0.004761904761904762,0.029166666666666667,0.02976190476190476,0.0,0.0017857142857142857,0.0005952380952380953,0.0,1,100,1,100,1,100,1,100,1,100,1,100,1,100,1,100,1,100,1,100
14,22.374254964876513,10.01781412452457,-12.635436864991169,7.39486851353743,22.374254964876513,0.29833333333333334,0.4241666666666667,0.25000000000000006,0.1635135135135135,0.4083333333333333,0.5033333333333334,0.2725,0.3534583333333333,0.028333333333333304,-0.016666666666666774,0.07924528301886796,0.028378378378378366,0.0708333333333333,0.11388888888888887,0.03833333333333333,0.05326388888888886,0.032806666666666616,True,False,2,1680,0.2502825491707488,18,0.2571428571428571,1.1714285714285715,0.15714285714285714,0.0,0.875,0.018452380952380953,0.0,0.005357142857142857,0.0,0.014285714285714285,0.006547619047619048,0.023809523809523808,0.014285714285714285,0.01369047619047619,0.014285714285714285,0.014285714285714285,1,100,1,100,1,100,1,100,1,100,1,100,1,100,1,100,1,100,1,100
15,23.32170412376718,9.833198702357949,-11.815625,7.6429784878966815,23.046092686116992,0.2786666666666667,0.30750000000000005,0.25,0.27297297297297296,0.39166666666666666,0.5008333333333335,0.5108333333333334,0.37525833333333336,0.02300000000000002,-0.03166666666666662,0.08018867924528303,0.029729729729729704,0.018333333333333368,0.019999999999999962,0.036666666666666625,0.023116666666666674,,False,False,2,1680,0.30859284781143886,20,0.2857142857142857,1.2428571428571429,0.2,0.0,0.8339285714285715,0.014285714285714285,0.020833333333333332,0.015476190476190477,0.014285714285714285,0.008928571428571428,0.01904761904761905,0.04702380952380952,0.017261904761904763,0.0,0.008928571428571428,0.0,1,100,1,100,1,100,1,100,1,100,1,100,1,100,1,100,1,100,1,100
16,25.636864412782263,9.740629258155295,-9.177916123778502,6.94729655087724,25.636864412782263,0.2851666666666667,0.34125,0.24811320754716984,0.24729729729729727,0.28111111111111114,0.34500000000000003,0.25666666666666665,0.2854555555555556,0.007999999999999952,-0.03333333333333344,0.03962264150943398,0.029729729729729676,0.033333333333333354,0.14166666666666672,0.0,0.029033333333333328,,False,False,2,1680,0.26018469574208786,20,0.2857142857142857,1.3142857142857143,0.2714285714285714,0.0,0.868452380952381,0.015476190476190477,0.004166666666666667,0.014285714285714285,0.016666666666666666,0.005357142857142857,0.0,0.026785714285714284,0.0017857142857142857,0.008333333333333333,0.017261904761904763,0.02142857142857143,1,100,1,100,1,100,1,100,1,100,1,100,1,100,1,100,1,100,1,100
17,21.166922237976458,9.563688251940986,-12.547957027013322,6.95357847347198,21.166922237976458,0.304,0.47416666666666674,0.24622641509433962,0.1108108108108108,0.40750000000000003,0.2933333333333333,0.45666666666666667,0.3620583333333333,0.035,0.03500000000000003,0.03867924528301886,0.029729729729729718,-0.033333333333333326,-0.012500000000000067,-0.06666666666666665,-0.008916666666666665,,False,False,2,1680,0.3607483708298294,34,0.4857142857142857,1.542857142857143,0.5285714285714286,0.0,0.7672619047619048,0.0,0.01369047619047619,0.0,0.01130952380952381,0.019642857142857142,0.03333333333333333,0.11428571428571428,0.011904761904761904,0.014285714285714285,0.014285714285714285,0.0,1,100,1,100,1,100,1,100,1,100,1,100,1,100,1,100,1,100,1,100
18,21.70243324569723,10.234292260957261,-8.59628135529962,6.482748436287431,19.566370536597354,0.2546666666666667,0.34916666666666674,0.21226415094339623,0.16216216216216217,0.2766666666666666,0.3625,0.35666666666666663,0.28845,0.003333333333333381,-0.045833333333333226,0.061320754716981146,0.0,0.0733333333333333,0.08833333333333332,0.0708333333333333,0.04645833333333334,0.0021483333333333224,False,False,2,1680,0.3704812779618943,34,0.4857142857142857,1.5,0.44285714285714284,0.0,0.7755952380952381,0.015476190476190477,0.034523809523809526,0.022023809523809525,0.014285714285714285,0.01488095238095238,0.0630952380952381,0.05476190476190476,0.002976190476190476,0.0,0.002380952380952381,0.0,1,100,1,100,1,100,1,100,1,100,1,100,1,100,1,100,1,100,1,100
19,19.650325094040785,9.93610193297352,-6.712360600899183,6.883138878088681,18.900560915077914,0.3048888888888889,0.4222222222222223,0.17264150943396223,0.30405405405405406,0.3733333333333333,0.44444444444444453,0.5958333333333334,0.38644166666666663,0.035666666666666666,0.03500000000000003,0.039622641509433926,0.031081081081081097,0.0,0.07166666666666671,0.0,0.02143333333333334,,False,False,2,1680,0.39213532491839587,33,0.4714285714285714,1.4857142857142858,0.4142857142857143,0.0,0.7547619047619047,0.002380952380952381,0.01369047619047619,0.0,0.010714285714285714,0.0,0.06369047619047619,0.07976190476190476,0.016666666666666666,0.014285714285714285,0.029166666666666667,0.01488095238095238,1,100,1,100,1,100,1,100,1,100,1,100,1,100,1,100,1,100,1,100
20,24.29627252866852,9.873038557407929,-9.68439453125,7.5325812769370915,19.775629345707607,0.27122222222222225,0.32638888888888895,0.1518867924528302,0.3527027027027027,0.3994444444444445,0.25666666666666665,0.41000000000000003,0.33546111111111115,0.007000000000000006,0.017500000000000016,0.0,0.0,0.03500000000000003,0.07,-0.03500000000000003,0.01680000000000001,,False,False,2,1680,0.3354625561471168,29,0.4142857142857143,1.457142857142857,0.4,0.0,0.7791666666666667,0.005357142857142857,0.015476190476190477,0.006547619047619048,0.020833333333333332,0.014285714285714285,0.04404761904761905,0.1113095238095238,0.0,0.0,0.002976190476190476,0.0,1,100,1,100,1,100,1,100,1,100,1,100,1,100,1,100,1,100,1,100
21,20.323215637084502,9.36905013214311,-10.452136712350045,7.5564776961523314,20.323215637084502,0.26216666666666666,0.3554166666666667,0.24528301886792453,0.13513513513513514,0.33916666666666667,0.3425,0.305,0.303575,-0.013666666666666648,-0.01749999999999996,-0.018867924528301883,0.0,-0.033333333333333326,0.03500000000000009,0.053333333333333344,-0.005633333333333313,,False,False,2,1680,0.3659843218474659,31,0.44285714285714284,1.6142857142857143,0.45714285714285713,0.0,0.7946428571428571,0.017857142857142856,0.019642857142857142,0.0,0.020833333333333332,0.0035714285714285713,0.027976190476190477,0.05952380952380952,0.014285714285714285,0.014285714285714285,0.016666666666666666,0.010714285714285714,1,100,1,100,1,100,1,100,1,100,1,100,1,100,1,100,1,100,1,100
22,22.162728153867857,8.937356070812745,-9.36248798076923,8.681527981822132,21.249115993507314,0.3233333333333333,0.4908333333333334,0.20849056603773586,0.21621621621621623,0.4091666666666667,0.1875,0.30333333333333334,0.33679166666666666,0.006999999999999984,0.01749999999999996,0.0,0.0,0.0,0.0,0.0,0.0027999999999999935,,False,False,2,1680,0.433679647870903,41,0.5857142857142857,1.7714285714285714,0.6,0.0,0.6422619047619048,0.0,0.03571428571428571,0.014285714285714285,0.017261904761904763,0.014285714285714285,0.2255952380952381,0.03571428571428571,0.0,0.0,0.01488095238095238,0.0,1,100,1,100,1,100,1,100,1,100,1,100,1,100,1,100,1,100,1,100
23,23.421524453350617,9.80328012869856,-11.86125,7.738019166211938,19.969625,0.22233333333333338,0.33833333333333343,0.1518867924528302,0.13513513513513514,0.32000000000000006,0.1875,0.5083333333333333,0.2959333333333334,0.0,0.0,0.0,0.0,0.0,0.0,0.0,0.0,,False,False,2,1680,0.39066581237148423,32,0.45714285714285713,1.7142857142857142,0.5142857142857142,0.0,0.7529761904761905,0.017857142857142856,0.10476190476190476,0.007142857142857143,0.014285714285714285,0.0017857142857142857,0.02142857142857143,0.03511904761904762,0.0,0.0011904761904761906,0.02738095238095238,0.01607142857142857,1,100,1,100,1,100,1,100,1,100,1,100,1,100,1,100,1,100,1,100
24,21.461797656155042,9.366500716442784,-12.772852652814432,8.576233845493848,19.206321792525017,0.22683333333333336,0.3479166666666667,0.1330188679245283,0.16486486486486485,0.5133333333333334,0.2852777777777778,0.4083333333333333,0.36017777777777776,-0.0063333333333333314,-0.016666666666666663,0.0009433962264150941,0.0,0.0033333333333334103,0.03500000000000003,0.0016666666666666496,0.0023833333333333614,,False,False,2,1680,0.5001458038032677,41,0.5857142857142857,1.8714285714285714,0.6142857142857143,0.0,0.6386904761904761,0.007142857142857143,0.10773809523809524,0.01369047619047619,0.0,0.016666666666666666,0.1261904761904762,0.03154761904761905,0.008928571428571428,0.019642857142857142,0.02976190476190476,0.0,1,100,1,100,1,100,3,200,1,100,1,100,1,100,1,100,1,100,1,100
25,18.56097551368611,9.986656037340058,-9.12722561099109,5.863953036942724,18.11557248764031,0.2565,0.35625,0.2660377358490566,0.08108108108108109,0.2716666666666666,0.32916666666666666,0.47500000000000003,0.30185,0.0,0.0,0.0,0.0,0.03499999999999995,-0.03166666666666673,0.034999999999999976,0.014333333333333304,,False,False,2,1680,0.32645790708345457,29,0.4142857142857143,1.542857142857143,0.42857142857142855,0.0,0.8119047619047619,0.014285714285714285,0.0744047619047619,0.020833333333333332,0.014285714285714285,0.014285714285714285,0.014285714285714285,0.013095238095238096,0.0,0.0005952380952380953,0.02023809523809524,0.0017857142857142857,1,100,1,100,1,100,1,100,1,100,1,100,1,100,1,100,1,100,1,100
26,22.87840263931236,9.175664189799539,-10.226960959885387,9.192684053219503,22.87840263931236,0.2025,0.38875000000000004,0.07547169811320754,0.08243243243243242,0.2766666666666666,0.34,0.23666666666666666,0.24733333333333335,0.01366666666666667,0.03416666666666668,0.0,0.0,0.034999999999999976,0.03500000000000003,0.0,0.02121666666666666,,False,False,2,1680,0.4541563693721709,26,0.37142857142857144,1.4142857142857144,0.32857142857142857,0.0,0.7172619047619048,0.01369047619047619,0.039285714285714285,0.0,0.004166666666666667,0.006547619047619048,0.011904761904761904,0.06190476190476191,0.04285714285714286,0.014285714285714285,0.02261904761904762,0.06547619047619048,1,100,1,100,1,100,1,100,1,100,1,100,1,100,1,100,1,100,1,100
27,19.718279987702182,10.290863414605825,-8.194276850333406,6.0587759683419025,18.39505307336117,0.2401111111111111,0.28027777777777785,0.2490566037735849,0.16216216216216217,0.3108333333333333,0.36166666666666664,0.3741666666666667,0.29712777777777777,0.0008333333333333452,-0.05124999999999996,0.060377358490566024,0.0,0.03500000000000003,0.0024999999999999467,0.03500000000000003,0.018083333333333347,,False,False,2,1680,0.278064630377393,16,0.22857142857142856,1.2285714285714286,0.2,0.0,0.8482142857142857,0.0,0.02023809523809524,0.024404761904761905,0.01607142857142857,0.008928571428571428,0.0011904761904761906,0.02738095238095238,0.015476190476190477,0.0,0.0380952380952381,0.0,1,100,8,2900,8,2900,11,6000,1,100,1,100,8,3000,1,100,1,100,1,100
28,24.882992090804905,10.285378257671036,-9.615815157595007,5.989755259179713,18.637812007760427,0.2811666666666667,0.4329166666666667,0.230188679245283,0.10810810810810811,0.25666666666666665,0.2766666666666666,0.3766666666666667,0.28646666666666665,0.03583333333333335,0.03625000000000006,0.060377358490566024,0.0,-0.007777777777777772,0.019999999999999962,0.03666666666666668,0.019111111111111117,,False,False,2,1680,0.31613441645727686,20,0.2857142857142857,1.2714285714285714,0.22857142857142856,0.0,0.8208333333333333,0.006547619047619048,0.020833333333333332,0.025595238095238095,0.0,0.011904761904761904,0.0,0.03214285714285714,0.0,0.014285714285714285,0.05357142857142857,0.014285714285714285,1,100,8,2900,8,2900,11,6000,1,100,1,100,8,3000,1,100,1,100,1,100
29,19.627968818874415,9.888457597608543,-13.82477314075894,7.054121782642658,18.312994259055085,0.28850000000000003,0.4037500000000001,0.24622641509433962,0.16216216216216217,0.46,0.25666666666666665,0.2916666666666667,0.3458166666666667,0.0,0.0,0.0,0.0,0.0,0.0,0.0,0.0,,False,False,2,1680,0.3538015542009068,25,0.35714285714285715,1.3571428571428572,0.32857142857142857,0.0,0.7863095238095238,0.0,0.03154761904761905,0.0,0.010714285714285714,0.014285714285714285,0.014285714285714285,0.030357142857142857,0.014285714285714285,0.016666666666666666,0.08154761904761905,0.0,1,100,1,100,1,100,1,100,1,100,1,100,1,100,1,100,1,100,1,100
30,19.816283594274264,10.198911559501736,-7.5282938187976285,6.354111849634039,17.872294627121732,0.25916666666666666,0.4470833333333334,0.1330188679245283,0.13513513513513514,0.25666666666666665,0.38000000000000006,0.2936111111111111,0.2755416666666667,0.003666666666666685,0.009166666666666712,0.0,0.0,0.0,0.053333333333333344,0.034999999999999976,0.012050000000000005,,False,False,2,1680,0.3284148912747626,29,0.4142857142857143,1.4428571428571428,0.37142857142857144,0.0,0.8113095238095238,0.01369047619047619,0.025,0.0017857142857142857,0.014285714285714285,0.007142857142857143,0.0,0.030952380952380953,0.009523809523809525,0.002976190476190476,0.06904761904761905,0.014285714285714285,1,100,1,100,1,100,1,100,1,100,1,100,1,100,1,100,1,100,1,100
31,17.83295174968248,10.00143406910645,-11.1546875,6.093685696396316,17.784848428102023,0.25166666666666665,0.36250000000000004,0.16981132075471697,0.1891891891891892,0.23333333333333334,0.2033333333333333,0.4066666666666667,0.26366666666666666,0.0,0.0,0.0,0.0,0.0,0.0,0.0,0.0,,False,False,2,1680,0.40448229012994397,35,0.5,1.7428571428571429,0.5142857142857142,0.0,0.7148809523809524,0.002380952380952381,0.004761904761904762,0.0,0.0,0.0,0.015476190476190477,0.09761904761904762,0.014285714285714285,0.030952380952380953,0.10535714285714286,0.014285714285714285,1,100,1,100,1,100,1,100,1,100,1,100,1,100,1,100,1,100,1,100
32,20.703542052967478,9.342920744999072,-11.363094023797682,7.280752105945326,19.32204310573907,0.21000000000000002,0.35750000000000004,0.1518867924528302,0.05405405405405406,0.34,0.3091666666666667,0.255,0.27216666666666667,0.000666666666666682,0.018333333333333368,-0.018867924528301883,0.0,0.05166666666666675,-0.033333333333333326,0.0,0.0150166666666667,,False,False,2,1680,0.4818526594794888,44,0.6285714285714286,1.8285714285714285,0.5857142857142857,0.0,0.6892857142857143,0.01607142857142857,0.016666666666666666,0.024404761904761905,0.0,0.025595238095238095,0.002380952380952381,0.08035714285714286,0.030357142857142857,0.0630952380952381,0.0494047619047619,0.002380952380952381,1,100,1,100,1,100,11,6000,1,100,1,100,11,7500,1,100,1,100,1,100
33,18.750136335667175,9.971734546927998,-8.561903985098217,6.136612730013943,16.992840736679565,0.2971666666666667,0.4254166666666667,0.18962264150943398,0.24324324324324326,0.4800000000000001,0.38000000000000006,0.27249999999999996,0.36574166666666674,0.0,0.0,0.0,0.0,0.12166666666666676,-0.06666666666666665,0.0,0.035916666666666694,0.008266666666666662,False,False,2,1680,0.3857869960082633,38,0.5428571428571428,1.7428571428571429,0.5428571428571428,0.0,0.7583333333333333,0.01607142857142857,0.0035714285714285713,0.0,0.011904761904761904,0.0,0.005952380952380952,0.07380952380952381,0.01130952380952381,0.04047619047619048,0.06428571428571428,0.014285714285714285,1,100,1,100,1,100,1,100,1,100,1,100,1,100,1,100,1,100,1,100
34,22.73384237333197,10.003768779089564,-8.55844351421228,6.020814402836396,22.73384237333197,0.2738333333333334,0.44791666666666674,0.17169811320754716,0.13783783783783782,0.2733333333333333,0.345,0.2933333333333333,0.28369999999999995,0.011333333333333338,-0.007499999999999951,0.0009433962264150664,0.05675675675675673,0.035,-0.10000000000000009,0.0016666666666665941,0.0070333333333333185,,False,False,2,1680,0.3059288997091866,23,0.32857142857142857,1.457142857142857,0.38571428571428573,0.0,0.8238095238095238,0.005357142857142857,0.007738095238095238,0.01488095238095238,0.02857142857142857,0.0011904761904761906,0.0,0.05654761904761905,0.014285714285714285,0.04107142857142857,0.006547619047619048,0.0,1,100,1,100,1,100,1,100,1,100,1,100,1,100,1,100,1,100,1,100
35,20.415813609912725,9.909483021957817,-7.039874067164179,5.9770327024501295,19.41067945270338,0.263,0.35416666666666674,0.22924528301886793,0.1635135135135135,0.2733333333333333,0.19444444444444445,0.5183333333333334,0.2980611111111111,0.03733333333333336,0.07583333333333336,0.019811320754717004,0.0,-0.031666666666666676,0.08666666666666667,0.07166666666666671,0.023266666666666682,,False,False,2,1680,0.3924476791143979,30,0.42857142857142855,1.6428571428571428,0.44285714285714284,0.0,0.7690476190476191,0.006547619047619048,0.042261904761904764,0.007738095238095238,0.01607142857142857,0.02619047619047619,0.0125,0.05892857142857143,0.0,0.039285714285714285,0.01904761904761905,0.002380952380952381,1,100,1,100,1,100,1,100,1,100,1,100,1,100,1,100,1,100,1,100
36,19.112614361321107,9.298727535150364,-13.571777180209716,7.464419310328114,17.364675562681224,0.28377777777777774,0.4552777777777778,0.19339622641509435,0.13513513513513514,0.26999999999999996,0.3483333333333334,0.2866666666666667,0.2858444444444444,0.021333333333333346,0.017500000000000016,0.040566037735849075,0.0,0.0,0.038333333333333386,0.0,0.012366666666666679,,False,False,2,1680,0.46501390067821086,34,0.4857142857142857,1.6571428571428573,0.44285714285714284,0.0,0.7047619047619048,0.010714285714285714,0.02976190476190476,0.0005952380952380953,0.008928571428571428,0.01011904761904762,0.014285714285714285,0.039285714285714285,0.014285714285714285,0.09047619047619047,0.0625,0.014285714285714285,1,100,10,4900,10,4900,10,4000,10,4900,10,6000,10,5000,10,5000,10,5000,10,5000
37,23.321571725957853,9.79315100790555,-10.51555213299685,6.7637382100846395,23.321571725957853,0.32655555555555554,0.43222222222222223,0.2650943396226415,0.24324324324324326,0.28583333333333333,0.2533333333333333,0.38999999999999996,0.3144972222222222,0.0,0.0,0.0,0.0,0.033333333333333326,0.0,0.0,0.011666666666666664,,False,False,2,1680,0.45275243046753444,28,0.4,1.5142857142857142,0.38571428571428573,0.0,0.6982142857142857,0.014285714285714285,0.1005952380952381,0.014285714285714285,0.014285714285714285,0.014285714285714285,0.036904761904761905,0.015476190476190477,0.0,0.08333333333333333,0.007142857142857143,0.0011904761904761906,1,100,1,100,1,100,1,100,1,100,1,100,1,100,1,100,1,100,1,100
38,20.096082771692913,9.625717253345059,-12.531375,6.838127334512813,18.309357896285746,0.2508333333333334,0.3570833333333334,0.24905660377358493,0.08108108108108109,0.19333333333333333,0.14944444444444444,0.3066666666666667,0.2289444444444445,0.008000000000000014,-0.01583333333333331,0.040566037735849075,0.0,0.0,0.0016666666666666496,0.0,0.0033666666666666706,,False,False,2,1680,0.24011971101456012,15,0.21428571428571427,1.2285714285714286,0.18571428571428572,0.0,0.8654761904761905,0.008333333333333333,0.007142857142857143,0.0,0.0017857142857142857,0.0005952380952380953,0.0,0.024404761904761905,0.0,0.050595238095238096,0.013095238095238096,0.02857142857142857,1,100,10,4900,10,4900,10,4000,10,4900,1,100,10,5000,1,100,10,5000,1,100
39,19.55244450994927,9.512716563911528,-11.010214577355992,6.2447257202089625,19.029514274910238,0.28016666666666673,0.43291666666666667,0.1518867924528302,0.21621621621621623,0.23999999999999996,0.35000000000000003,0.38583333333333336,0.28894166666666665,-0.017000000000000015,-0.009166666666666712,-0.037735849056603765,0.0,0.034999999999999976,0.03750000000000003,-0.016666666666666663,0.006699999999999987,,False,False,2,1680,0.29701987096010185,20,0.2857142857142857,1.2571428571428571,0.24285714285714285,0.0,0.8363095238095238,0.0,0.03571428571428571,0.014285714285714285,0.01904761904761905,0.025595238095238095,0.011904761904761904,0.0,0.004761904761904762,0.0380952380952381,0.0,0.014285714285714285,1,100,1,100,1,100,1,100,1,100,1,100,1,100,1,100,1,100,1,100
40,20.833333333333336,10.027380952380952,-10.333333333333334,5.710887010104198,19.75,0.21666666666666667,0.3241666666666667,0.16981132075471697,0.10945945945945945,0.4058333333333334,0.2916666666666667,0.4766666666666667,0.32937500000000003,0.000333333333333341,0.0008333333333333526,0.0,0.0,0.0,0.0,0.0,0.0001333333333333364,,False,False,2,1680,0.31716474008479173,14,0.2,1.2571428571428571,0.24285714285714285,0.0,0.7779761904761905,0.01904761904761905,0.01607142857142857,0.02857142857142857,0.0035714285714285713,0.0,0.0005952380952380953,0.0,0.0,0.13690476190476192,0.002976190476190476,0.014285714285714285,1,100,1,100,1,100,1,100,1,100,1,100,1,100,1,100,1,100,1,100
41,19.5,9.367857142857142,-10.5,6.5610456492344165,17.583333333333332,0.2446666666666667,0.4116666666666668,0.11320754716981132,0.16216216216216217,0.23666666666666666,0.3950000000000001,0.4083333333333333,0.28145000000000003,0.006666666666666665,0.016666666666666663,0.0,0.0,0.035,0.0,0.0,0.014916666666666667,,False,False,2,1680,0.3805581525648663,19,0.2714285714285714,1.4142857142857144,0.38571428571428573,0.0,0.7148809523809524,0.011904761904761904,0.005357142857142857,0.0035714285714285713,0.02023809523809524,0.01369047619047619,0.013095238095238096,0.0,0.002380952380952381,0.18928571428571428,0.014285714285714285,0.01130952380952381,1,100,1,100,1,100,1,100,1,100,1,100,1,100,1,100,1,100,1,100
42,18.75,10.028571428571428,-9.0,5.251736026545603,16.25,0.2561666666666667,0.35625000000000007,0.1707547169811321,0.21621621621621623,0.2383333333333333,0.40916666666666673,0.37,0.2823,0.007000000000000006,0.017500000000000016,0.0,0.0,0.0,0.0,0.0,0.0028000000000000026,,False,False,2,1680,0.32110962378454094,16,0.22857142857142856,1.2714285714285714,0.21428571428571427,0.0,0.799404761904762,0.01607142857142857,0.020833333333333332,0.033928571428571426,0.007142857142857143,0.002976190476190476,0.0,0.01130952380952381,0.0,0.09583333333333334,0.0,0.0125,1,100,1,100,1,100,1,100,1,100,1,100,1,100,1,100,1,100,1,100
43,19.916666666666668,9.791666666666668,-9.75,6.141256366730245,19.916666666666668,0.2823333333333333,0.43,0.19622641509433963,0.1662162162162162,0.26833333333333337,0.25111111111111106,0.23999999999999996,0.2679611111111111,0.04699999999999997,0.0091666666666666,0.08207547169811322,0.0581081081081081,0.0,0.027777777777777762,0.0,0.021577777777777765,,False,False,2,1680,0.27599424342111745,16,0.22857142857142856,1.2857142857142858,0.2,0.0,0.8410714285714286,0.002976190476190476,0.005357142857142857,0.0,0.005357142857142857,0.0,0.01904761904761905,0.02976190476190476,0.01488095238095238,0.06726190476190476,0.0011904761904761906,0.013095238095238096,1,100,10,4900,10,4900,10,4000,10,4900,1,100,10,5000,1,100,10,5000,1,100
44,22.333333333333336,9.667857142857143,-11.0,6.007757763481414,22.333333333333336,0.23800000000000002,0.3116666666666667,0.20754716981132076,0.16216216216216217,0.23999999999999996,0.35027777777777785,0.4083333333333333,0.27547777777777777,0.0,0.0,0.0,0.0,0.0,0.0,0.0,0.0,,False,False,2,1680,0.3415903719729097,18,0.2571428571428571,1.3142857142857143,0.2571428571428571,0.0,0.7970238095238096,0.017261904761904763,0.01488095238095238,0.04642857142857143,0.03333333333333333,0.015476190476190477,0.005357142857142857,0.006547619047619048,0.0011904761904761906,0.0625,0.0,0.0,1,100,1,100,1,100,1,100,1,100,1,100,1,100,1,100,1,100,1,100
45,18.5,9.717857142857145,-11.0,5.766320744805372,18.333333333333336,0.31750000000000006,0.43291666666666667,0.19433962264150945,0.3067567567567568,0.305,0.31166666666666665,0.32083333333333336,0.31304166666666666,0.021,-0.025000000000000022,0.024528301886792475,0.09054054054054056,0.07,0.041666666666666685,-0.04999999999999999,0.029566666666666668,,False,False,2,1680,0.3439962659265429,20,0.2857142857142857,1.3857142857142857,0.3,0.0,0.7648809523809523,0.023214285714285715,0.019642857142857142,0.0,0.02023809523809524,0.0,0.008333333333333333,0.007142857142857143,0.0035714285714285713,0.1380952380952381,0.014285714285714285,0.0005952380952380953,1,100,10,4900,10,4900,10,4000,10,4900,1,100,10,5000,1,100,10,5000,10,5000
46,20.5,9.67142857142857,-13.25,6.650633782220716,20.5,0.23616666666666664,0.35541666666666666,0.19056603773584904,0.10810810810810811,0.2233333333333333,0.19,0.4150000000000001,0.25388333333333335,-0.02033333333333336,-0.0508333333333334,0.0,0.0,0.08499999999999999,-0.0675,-0.03500000000000003,0.009616666666666647,,False,False,2,1680,0.4479619386962892,30,0.42857142857142855,1.6714285714285715,0.5142857142857142,0.0,0.6589285714285714,0.0,0.01488095238095238,0.027976190476190477,0.04880952380952381,0.022023809523809525,0.014285714285714285,0.01011904761904762,0.0,0.19107142857142856,0.010714285714285714,0.0011904761904761906,1,100,1,100,1,100,1,100,1,100,1,100,1,100,1,100,1,100,1,100
47,22.0,9.684523809523808,-10.0,6.6169409331597615,16.5,0.28066666666666673,0.41083333333333344,0.17452830188679244,0.2216216216216216,0.37833333333333335,0.48666666666666675,0.2583333333333333,0.33210000000000006,0.03800000000000002,0.05416666666666675,-0.01415094339622644,0.08648648648648646,0.1416666666666667,0.07583333333333336,0.01999999999999999,0.07536666666666668,0.013237500000000051,False,True,3,1680,0.4215705831447575,34,0.4857142857142857,1.7714285714285714,0.5428571428571428,0.0,0.6369047619047619,0.0,0.025595238095238095,0.011904761904761904,0.060714285714285714,0.013095238095238096,0.0,0.0,0.0,0.23035714285714284,0.0,0.02142857142857143,10,5000,10,4900,10,4900,10,4000,10,4900,10,6000,10,5000,10,5000,10,5000,10,5000
48,21.5,9.629761904761905,-11.75,6.333719219357602,16.75,0.28250000000000003,0.37625000000000003,0.17547169811320756,0.2837837837837838,0.31083333333333335,0.3091666666666667,0.3441666666666667,0.3043333333333333,0.03683333333333336,-0.004583333333333328,0.0056603773584905925,0.14864864864864868,0.00666666666666671,0.036666666666666736,0.0008333333333332971,0.02085833333333336,,False,False,3,1680,0.48397808427525496,36,0.5142857142857142,2.0428571428571427,0.7428571428571429,0.0,0.4886904761904762,0.026785714285714284,0.02738095238095238,0.0035714285714285713,0.02738095238095238,0.01011904761904762,0.002380952380952381,0.004166666666666667,0.005952380952380952,0.3773809523809524,0.02619047619047619,0.0,1,100,10,4900,10,4900,10,4000,10,4900,1,100,10,5000,10,5000,10,5000,10,5000
49,22.0,9.696428571428571,-9.0,5.973188038236872,19.75,0.20616666666666666,0.36291666666666667,0.09622641509433962,0.10945945945945945,0.29083333333333333,0.255,0.2383333333333333,0.24550833333333333,-0.025333333333333326,-0.0658333333333333,-0.016981132075471708,0.028378378378378366,0.03666666666666668,0.035,0.0,0.006200000000000007,,False,False,3,1680,0.46589736455085257,41,0.5857142857142857,2.1714285714285713,0.8142857142857143,0.0,0.5089285714285714,0.014285714285714285,0.050595238095238096,0.015476190476190477,0.03154761904761905,0.0,0.0,0.02738095238095238,0.0,0.3517857142857143,0.0,0.0,1,100,1,100,1,100,10,4000,1,100,1,100,1,100,1,100,1,100,1,100
50,22.75,9.502380952380951,-8.5,6.194066724296245,22.75,0.25583333333333336,0.4304166666666668,0.15849056603773587,0.11216216216216217,0.37583333333333335,0.24333333333333332,0.4425,0.32458333333333333,0.006000000000000018,0.023333333333333373,-0.031132075471698106,0.031081081081081083,0.10583333333333339,0.021666666666666667,0.07,0.052108333333333354,-0.008486666666666613,False,False,3,1680,0.47124120405711956,43,0.6142857142857143,2.1714285714285713,0.7857142857142857,0.0,0.45535714285714285,0.014285714285714285,0.01904761904761905,0.025,0.0,0.0,0.0,0.030357142857142857,0.014285714285714285,0.42142857142857143,0.005952380952380952,0.014285714285714285,10,5000,10,4900,10,4900,10,4000,10,4900,10,6000,10,5000,10,5000,10,5000,10,5000
51,20.75,9.214285714285714,-7.0,6.765364222362643,18.75,0.24550000000000002,0.40875000000000006,0.15566037735849056,0.10945945945945945,0.3741666666666667,0.31166666666666665,0.26999999999999996,0.300825,0.003166666666666668,0.01958333333333334,-0.014150943396226412,0.0013513513513513375,0.07000000000000006,0.03833333333333333,-0.050000000000000044,0.022100000000000015,,False,False,3,1680,0.4945523830491433,36,0.5142857142857142,1.9285714285714286,0.7857142857142857,0.0,0.4011904761904762,0.0,0.005357142857142857,0.026785714285714284,0.014285714285714285,0.018452380952380953,0.014285714285714285,0.007142857142857143,0.014285714285714285,0.4583333333333333,0.03988095238095238,0.0,1,100,10,4900,10,4900,10,4000,10,4900,1,100,10,5000,1,100,10,5000,1,100
52,18.5,9.566666666666666,-11.0,6.968830832686584,17.0,0.27666666666666667,0.39083333333333337,0.20849056603773586,0.1891891891891892,0.16666666666666666,0.3091666666666667,0.375,0.25616666666666665,0.007000000000000006,0.017500000000000016,0.0,0.0,-0.033333333333333354,0.0,0.06833333333333336,0.0013833333333333336,,False,False,3,1680,0.4724943152777151,33,0.4714285714285714,1.7428571428571429,0.6142857142857143,0.0,0.6041666666666666,0.014285714285714285,0.0,0.014285714285714285,0.0,0.0035714285714285713,0.011904761904761904,0.026785714285714284,0.0,0.23273809523809524,0.06369047619047619,0.02857142857142857,1,100,1,100,1,100,1,100,1,100,1,100,1,100,1,100,1,100,1,100
53,24.0,9.972619047619046,-13.25,6.8198141736275915,24.0,0.2738333333333334,0.3412500000000001,0.21509433962264154,0.24864864864864863,0.34666666666666673,0.24166666666666664,0.3458333333333333,0.3069083333333334,-0.00899999999999996,-0.0799999999999999,0.024528301886792475,0.0581081081081081,0.09166666666666673,-0.06333333333333335,0.15833333333333333,0.04590000000000003,-0.029943333333333287,False,False,3,1680,0.47346263140405803,38,0.5428571428571428,1.8428571428571427,0.5714285714285714,0.0,0.6529761904761905,0.0,0.017857142857142856,0.0,0.008333333333333333,0.025,0.0,0.09404761904761905,0.014285714285714285,0.1357142857142857,0.042261904761904764,0.009523809523809525,1,100,8,2900,8,2900,8,2400,8,2900,1,100,8,3000,8,3000,8,3000,8,3000
54,19.5,9.739285714285716,-9.5,5.8437308938414665,19.5,0.2926666666666667,0.4245833333333334,0.2316037735849057,0.1662162162162162,0.32249999999999995,0.27749999999999997,0.30333333333333334,0.30319166666666664,0.06400000000000004,0.0870833333333334,0.09952830188679249,-0.024324324324324326,-0.05083333333333334,-0.015000000000000069,-0.065,-0.003441666666666656,,False,False,3,1680,0.5551657729238659,47,0.6714285714285714,2.0285714285714285,0.7428571428571429,0.0,0.5273809523809524,0.014285714285714285,0.0017857142857142857,0.02857142857142857,0.014285714285714285,0.024404761904761905,0.004166666666666667,0.18571428571428572,0.0,0.16964285714285715,0.015476190476190477,0.014285714285714285,1,100,8,2900,8,2900,8,2400,8,2900,8,3600,8,3000,8,3000,8,3000,8,3000
55,20.25,8.95357142857143,-12.5,7.939911185010216,20.25,0.2770555555555556,0.5076388888888891,0.1330188679245283,0.10945945945945945,0.2375,0.2766666666666666,0.375,0.2778638888888889,0.0020000000000000174,0.0533333333333334,-0.05566037735849058,0.0013513513513513375,0.0,0.06999999999999998,-0.033333333333333326,0.0028000000000000073,,False,False,3,1680,0.5537288266160869,49,0.7,2.342857142857143,0.9142857142857143,0.0,0.4255952380952381,0.0011904761904761906,0.0005952380952380953,0.0,0.010714285714285714,0.0,0.02857142857142857,0.31845238095238093,0.010714285714285714,0.14404761904761904,0.04583333333333333,0.014285714285714285,1,100,10,4900,10,4900,10,4000,10,4900,8,3600,10,5000,10,5000,10,5000,10,5000
56,23.583333333333332,9.389285714285714,-13.5,7.1755028780767685,18.0,0.2803333333333334,0.39250000000000007,0.23301886792452833,0.1662162162162162,0.5016666666666667,0.31333333333333335,0.26999999999999996,0.35955000000000004,0.02366666666666669,-0.013333333333333308,0.0415094339622642,0.0581081081081081,0.1758333333333334,0.04083333333333333,0.05166666666666664,0.08284166666666667,0.005776666666666651,False,False,3,1680,0.6123761729736277,50,0.7142857142857143,2.3714285714285714,0.9142857142857143,0.0,0.28214285714285714,0.014285714285714285,0.013095238095238096,0.014285714285714285,0.014285714285714285,0.014285714285714285,0.014285714285714285,0.3416666666666667,0.0,0.2488095238095238,0.041666666666666664,0.0011904761904761906,1,100,10,4900,10,4900,10,4000,10,4900,1,100,10,5000,10,5000,10,5000,10,5000
57,20.0,9.95357142857143,-12.5,6.564962851753082,18.333333333333336,0.30050000000000004,0.4079166666666667,0.2339622641509434,0.2216216216216216,0.2716666666666666,0.43166666666666675,0.30499999999999994,0.3042,0.06633333333333336,0.08916666666666673,0.12075471698113208,-0.04864864864864868,0.019999999999999962,-0.009999999999999953,-0.0616666666666667,0.023283333333333333,,False,False,3,1680,0.5693428759983468,49,0.7,2.4857142857142858,0.9,0.0,0.2922619047619048,0.014285714285714285,0.004761904761904762,0.0,0.0,0.0017857142857142857,0.005952380952380952,0.35892857142857143,0.023809523809523808,0.24761904761904763,0.04404761904761905,0.006547619047619048,1,100,10,4900,10,4900,10,4000,10,4900,1,100,10,5000,10,5000,8,3000,10,5000
58,18.5,10.104761904761906,-9.0,6.317079483216823,17.583333333333336,0.297,0.3466666666666667,0.1952830188679245,0.3621621621621622,0.4133333333333334,0.27416666666666667,0.2533333333333333,0.3288833333333333,0.08233333333333331,0.05999999999999994,0.02547169811320754,0.2,0.0033333333333332993,0.0016666666666666496,-0.03166666666666673,0.02951666666666664,,False,False,3,1680,0.555265560950855,55,0.7857142857142857,2.4857142857142858,0.9142857142857143,0.0,0.29345238095238096,0.0,0.01607142857142857,0.016666666666666666,0.014285714285714285,0.014285714285714285,0.007142857142857143,0.32976190476190476,0.0,0.2982142857142857,0.01011904761904762,0.0,1,100,8,2900,8,2900,10,4000,8,2900,1,100,8,3000,1,100,8,3000,8,3000
59,23.0,10.485714285714286,-7.75,5.568120202099988,18.5,0.2545,0.3604166666666667,0.19622641509433966,0.16621621621621624,0.26944444444444443,0.34666666666666673,0.37500000000000006,0.28702222222222223,0.014000000000000021,-0.023333333333333317,0.02547169811320757,0.058108108108108125,0.018333333333333368,0.03750000000000003,0.06833333333333341,0.026016666666666702,,False,False,3,1680,0.5620155277547707,43,0.6142857142857143,2.2285714285714286,0.9142857142857143,0.0,0.3005952380952381,0.02857142857142857,0.025595238095238095,0.01607142857142857,0.014285714285714285,0.0,0.0,0.2851190476190476,0.0,0.32321428571428573,0.005952380952380952,0.0005952380952380953,1,100,8,2900,8,2900,8,2400,8,2900,1,100,8,3000,8,3000,8,3000,8,3000
60,23.0,10.13452380952381,-8.0,6.153094666880386,23.0,0.2596666666666667,0.43166666666666675,0.18962264150943398,0.08108108108108109,0.49083333333333334,0.13499999999999998,0.46,0.35815833333333336,0.014000000000000012,0.03500000000000003,0.0,0.0,0.034999999999999976,0.0,0.03500000000000003,0.0231,,False,False,3,1680,0.5581705726385572,46,0.6571428571428571,2.257142857142857,0.9571428571428572,0.0,0.2898809523809524,0.0,0.0,0.0017857142857142857,0.0,0.016666666666666666,0.010714285714285714,0.3869047619047619,0.024404761904761905,0.22797619047619047,0.03571428571428571,0.005952380952380952,1,100,1,100,1,100,1,100,1,100,1,100,1,100,1,100,1,100,1,100
61,24.0,9.605952380952381,-11.0,7.057219671357546,19.25,0.3003333333333334,0.4075000000000001,0.23301886792452833,0.22297297297297297,0.33833333333333326,0.41500000000000004,0.30666666666666664,0.32604999999999995,0.08233333333333337,0.09666666666666673,0.10094339622641513,0.032432432432432434,0.03499999999999992,0.12888888888888894,-0.033333333333333326,0.053072222222222215,0.02487750000000001,False,False,3,1680,0.6456358239263693,45,0.6428571428571429,2.357142857142857,0.9285714285714286,0.0,0.3196428571428571,0.007738095238095238,0.014285714285714285,0.014285714285714285,0.016666666666666666,0.014285714285714285,0.0125,0.31726190476190474,0.0,0.16785714285714284,0.10476190476190476,0.010714285714285714,1,100,10,4900,10,4900,10,4000,10,4900,1,100,10,5000,1,100,10,5000,10,5000
62,21.25,10.347619047619048,-11.25,7.05658776173033,19.0,0.34233333333333343,0.42583333333333345,0.3103773584905661,0.25270270270270273,0.23666666666666666,0.4320833333333333,0.37833333333333335,0.3197250000000001,0.06650000000000006,0.03708333333333341,0.06509433962264155,0.11621621621621625,0.035,0.13055555555555554,0.03666666666666668,0.057405555555555585,0.04542749999999999,True,False,3,1680,0.5196757266405629,39,0.5571428571428572,2.0285714285714285,0.8285714285714286,0.0,0.4529761904761905,0.014285714285714285,0.014285714285714285,0.0,0.0,0.0,0.0011904761904761906,0.24226190476190476,0.014285714285714285,0.23511904761904762,0.023809523809523808,0.0017857142857142857,1,100,8,2900,8,2900,8,2400,8,2900,8,3600,8,3000,8,3000,8,3000,8,3000
63,22.5,10.027380952380954,-8.5,6.812012636252415,19.0,0.29083333333333333,0.34375,0.2566037735849057,0.25405405405405407,0.24333333333333332,0.4875000000000001,0.5261111111111112,0.3291666666666667,0.050833333333333314,0.011249999999999927,0.08584905660377362,0.06486486486486487,0.03666666666666665,0.21333333333333343,0.034999999999999976,0.05975,0.034305833333333355,False,False,3,1680,0.5925485694055452,44,0.6285714285714286,2.2714285714285714,0.9714285714285714,0.0,0.37916666666666665,0.004166666666666667,0.020833333333333332,0.017261904761904763,0.0125,0.013095238095238096,0.0125,0.25416666666666665,0.0005952380952380953,0.25535714285714284,0.029166666666666667,0.0011904761904761906,1,100,8,2900,8,2900,10,4000,8,2900,1,100,8,3000,10,5000,8,3000,8,3000
64,23.5,9.653571428571428,-7.5,6.281739025254543,18.0,0.2733333333333334,0.3741666666666667,0.2518867924528302,0.14054054054054055,0.26999999999999996,0.3125,0.4533333333333333,0.3030833333333333,0.07066666666666667,-0.01583333333333331,0.15754716981132075,0.08648648648648649,0.08666666666666664,0.07,-0.034999999999999976,0.060349999999999994,0.026037499999999988,True,False,3,1680,0.6007371089961675,46,0.6571428571428571,2.1714285714285713,0.8428571428571429,0.0,0.4119047619047619,0.014285714285714285,0.055952380952380955,0.014285714285714285,0.0,0.0,0.0,0.23452380952380952,0.0,0.18988095238095237,0.06547619047619048,0.01369047619047619,1,100,8,2900,8,2900,8,2400,8,2900,1,100,8,3000,1,100,8,3000,8,3000
65,21.75,9.675,-10.25,7.507418949660015,18.416666666666668,0.32383333333333336,0.3604166666666667,0.2726415094339623,0.3378378378378379,0.31166666666666665,0.31333333333333335,0.4377777777777778,0.3356166666666667,0.06400000000000006,-0.004999999999999949,0.045283018867924574,0.20270270270270274,0.1433333333333333,0.11444444444444446,0.025000000000000078,0.09096111111111115,-0.01559499999999998,False,True,4,1680,0.5681917738649912,44,0.6285714285714286,2.257142857142857,0.9571428571428572,0.0,0.3726190476190476,0.009523809523809525,0.002976190476190476,0.0,0.0017857142857142857,0.01369047619047619,0.002976190476190476,0.3119047619047619,0.025,0.21845238095238095,0.03214285714285714,0.008928571428571428,8,3000,8,2900,8,2900,8,2400,8,2900,8,3600,8,3000,8,3000,8,3000,8,3000
66,24.25,9.098809523809523,-11.0,7.8347806775496975,24.25,0.21016666666666667,0.21458333333333338,0.21415094339622645,0.19729729729729728,0.4016666666666667,0.245,0.275,0.29040000000000005,-0.053000000000000005,-0.1416666666666667,-0.03301886792452827,0.06216216216216214,0.20000000000000007,0.14166666666666666,0.0016666666666667052,0.0632166666666667,0.00963916666666665,False,False,4,1680,0.5429460456422603,33,0.4714285714285714,1.9142857142857144,0.8714285714285714,0.0,0.36904761904761907,0.014285714285714285,0.014285714285714285,0.014285714285714285,0.008928571428571428,0.014285714285714285,0.0,0.39345238095238094,0.0,0.1523809523809524,0.004761904761904762,0.014285714285714285,10,5000,10,4900,10,4900,10,4000,10,4900,1,100,10,5000,10,5000,10,5000,10,5000
67,18.75,8.964285714285714,-11.5,6.5362477013654745,16.333333333333332,0.2636666666666667,0.4375000000000001,0.17358490566037735,0.1108108108108108,0.16999999999999998,0.43083333333333335,0.2525,0.245925,0.06333333333333335,0.07000000000000006,0.060377358490566024,0.056756756756756746,0.0,0.10666666666666669,0.06833333333333333,0.04625000000000001,0.024714999999999984,True,False,4,1680,0.5552044446897183,40,0.5714285714285714,2.1714285714285713,0.9,0.0,0.42023809523809524,0.014285714285714285,0.0125,0.0011904761904761906,0.0,0.01904761904761905,0.025,0.37142857142857144,0.01488095238095238,0.09404761904761905,0.018452380952380953,0.008928571428571428,1,100,1,100,1,100,8,2400,1,100,1,100,1,100,1,100,1,100,1,100
68,20.5,9.735714285714286,-7.25,6.21804484003236,20.5,0.20650000000000004,0.31375000000000003,0.1339622641509434,0.13648648648648648,0.44333333333333336,0.48666666666666675,0.35583333333333333,0.3398083333333334,-0.011666666666666676,-0.04833333333333334,0.03962264150943395,-0.02567567567567569,0.13833333333333342,0.05499999999999999,0.0,0.049250000000000016,0.03203666666666669,False,False,4,1680,0.5500764164065017,46,0.6571428571428571,2.0142857142857142,0.7714285714285715,0.0,0.5625,0.011904761904761904,0.06904761904761905,0.014285714285714285,0.014285714285714285,0.014285714285714285,0.011904761904761904,0.19107142857142856,0.0,0.0886904761904762,0.022023809523809525,0.0,1,100,1,100,1,100,8,2400,1,100,1,100,1,100,1,100,1,100,1,100
69,20.0,10.04642857142857,-12.5,6.301087014345879,20.0,0.34966666666666674,0.4616666666666668,0.2735849056603774,0.27702702702702703,0.5141666666666668,0.29416666666666663,0.3433333333333334,0.40074166666666666,0.06600000000000004,0.0025000000000000577,0.12264150943396232,0.08783783783783783,0.11222222222222233,0.036666666666666625,-0.011666666666666548,0.06759444444444451,0.025527499999999984,True,False,4,1680,0.4909514660417786,45,0.6428571428571429,1.8857142857142857,0.8142857142857143,0.0,0.5297619047619048,0.014285714285714285,0.009523809523809525,0.0,0.0,0.01369047619047619,0.0,0.26964285714285713,0.014285714285714285,0.12738095238095237,0.02142857142857143,0.0,1,100,8,2900,8,2900,8,2400,8,2900,1,100,8,3000,1,100,8,3000,10,5000
70,19.75,9.4,-13.0,6.992237759751085,19.0,0.3261666666666667,0.38541666666666674,0.19433962264150945,0.418918918918919,0.30833333333333335,0.3275,0.30666666666666664,0.3171333333333334,0.09566666666666672,0.010000000000000064,0.06226415094339624,0.28243243243243255,0.10666666666666669,0.034999999999999976,0.0,0.07910000000000003,-0.0030599999999999764,False,False,4,1680,0.5430763974837786,52,0.7428571428571429,2.2714285714285714,0.8428571428571429,0.0,0.3898809523809524,0.0,0.014285714285714285,0.014285714285714285,0.014285714285714285,0.017857142857142856,0.0,0.3476190476190476,0.01488095238095238,0.18035714285714285,0.006547619047619048,0.0,1,100,8,2900,8,2900,8,2400,8,2900,1,100,8,3000,1,100,8,3000,1,100
71,19.5,9.885714285714286,-9.0,6.4363207261443955,18.75,0.30200000000000005,0.41250000000000003,0.2132075471698113,0.25,0.225,0.2225,0.5108333333333335,0.298425,0.03066666666666664,0.01749999999999996,0.02452830188679242,0.0608108108108108,0.06833333333333333,0.0016666666666667052,-0.011666666666666603,0.0346,0.017217500000000018,False,False,4,1680,0.528308670543304,41,0.5857142857142857,2.3,0.8857142857142857,0.0,0.39166666666666666,0.0035714285714285713,0.01607142857142857,0.004166666666666667,0.014285714285714285,0.0005952380952380953,0.0,0.39226190476190476,0.0,0.12738095238095237,0.02857142857142857,0.02142857142857143,1,100,8,2900,8,2900,8,2400,8,2900,1,100,8,3000,1,100,8,3000,8,3000
72,21.25,9.470238095238097,-11.5,6.987006587546756,17.0,0.29483333333333334,0.4129166666666667,0.17358490566037735,0.27702702702702703,0.3566666666666667,0.43083333333333335,0.4800000000000001,0.35785,0.056666666666666664,0.03500000000000003,0.0792452830188679,0.059459459459459435,0.053333333333333344,0.07500000000000001,0.034999999999999976,0.05408333333333333,0.022491666666666698,False,False,4,1680,0.4925141120893674,51,0.7285714285714285,2.257142857142857,0.9285714285714286,0.0,0.35535714285714287,0.002976190476190476,0.0,0.0,0.008928571428571428,0.014285714285714285,0.0035714285714285713,0.43333333333333335,0.002380952380952381,0.16071428571428573,0.005357142857142857,0.013095238095238096,1,100,8,2900,8,2900,8,2400,8,2900,1,100,8,3000,1,100,8,3000,1,100
73,22.0,9.860714285714286,-13.5,6.187412359946453,17.75,0.30933333333333335,0.4141666666666667,0.2707547169811321,0.19459459459459458,0.20166666666666666,0.3116666666666667,0.4983333333333334,0.30023333333333335,0.09766666666666668,0.06916666666666665,0.13773584905660383,0.08648648648648646,-0.1094444444444444,0.10666666666666672,0.14166666666666677,0.03267777777777782,0.019160000000000024,False,False,4,1680,0.5327772204108827,42,0.6,2.3,0.8857142857142857,0.0,0.4125,0.002976190476190476,0.0011904761904761906,0.009523809523809525,0.014285714285714285,0.014285714285714285,0.002976190476190476,0.3410714285714286,0.0,0.17202380952380952,0.01369047619047619,0.015476190476190477,1,100,8,2900,8,2900,8,2400,8,2900,8,3600,8,3000,10,5000,8,3000,10,5000
74,19.5,10.502380952380953,-11.5,5.315725611382721,16.5,0.25166666666666665,0.29750000000000004,0.17735849056603775,0.2837837837837838,0.345,0.24333333333333332,0.4083333333333334,0.307,0.018833333333333372,-0.06708333333333327,0.045283018867924546,0.12027027027027032,0.0025000000000000022,-0.03444444444444447,0.1200000000000001,0.02296388888888892,,False,False,4,1680,0.4723166148989473,42,0.6,1.9714285714285715,0.7,0.0,0.5720238095238095,0.014285714285714285,0.02976190476190476,0.0,0.0,0.0,0.0005952380952380953,0.19583333333333333,0.01011904761904762,0.1630952380952381,0.014285714285714285,0.0,1,100,8,2900,8,2900,8,2400,8,2900,1,100,8,3000,8,3000,8,3000,8,3000
75,19.5,10.03095238095238,-7.5,6.037977879286101,18.0,0.29066666666666674,0.4508333333333334,0.2726415094339623,0.05675675675675676,0.30833333333333335,0.22416666666666665,0.39166666666666666,0.30535,0.023666666666666693,-0.01583333333333331,0.06415094339622646,0.02972972972972973,0.020000000000000073,0.035,0.0,0.019966666666666705,,False,False,4,1680,0.5401390704171631,43,0.6142857142857143,2.1714285714285713,0.8428571428571429,0.0,0.36964285714285716,0.002976190476190476,0.014285714285714285,0.002380952380952381,0.025,0.014285714285714285,0.014285714285714285,0.3255952380952381,0.0,0.23035714285714284,0.0011904761904761906,0.0,1,100,8,2900,8,2900,8,2400,8,2900,1,100,8,3000,1,100,8,3000,8,3000
76,21.5,9.79047619047619,-9.0,5.979009959073739,21.5,0.32316666666666666,0.4645833333333334,0.23207547169811327,0.2243243243243243,0.4725000000000001,0.5175000000000001,0.3725,0.4022666666666667,0.054000000000000034,0.025833333333333375,0.02358490566037741,0.14324324324324322,-0.016666666666666663,0.07166666666666666,0.0,0.022933333333333347,,False,False,4,1680,0.557112203006213,40,0.5714285714285714,2.2,0.9142857142857143,0.0,0.3273809523809524,0.014285714285714285,0.01369047619047619,0.014285714285714285,0.0,0.0,0.006547619047619048,0.3196428571428571,0.011904761904761904,0.275,0.014285714285714285,0.002976190476190476,1,100,8,2900,8,2900,8,2400,8,2900,1,100,8,3000,1,100,8,3000,1,100
77,22.0,9.589285714285714,-10.5,7.021018916984418,22.0,0.31433333333333335,0.4258333333333334,0.25377358490566043,0.22027027027027027,0.26833333333333337,0.14,0.44416666666666677,0.30027500000000007,0.07866666666666669,0.020000000000000018,0.159433962264151,0.0581081081081081,0.03500000000000003,-0.03416666666666668,0.01666666666666672,0.04280000000000003,0.025921666666666704,False,False,4,1680,0.5013498940933818,42,0.6,2.2,0.9428571428571428,0.0,0.2791666666666667,0.0,0.0005952380952380953,0.0017857142857142857,0.011904761904761904,0.02261904761904762,0.014285714285714285,0.4994047619047619,0.0,0.14761904761904762,0.02261904761904762,0.0,1,100,8,2900,8,2900,8,2400,8,2900,1,100,8,3000,8,3000,8,3000,8,3000
78,21.5,10.041666666666668,-8.5,6.370952652344286,21.5,0.2821666666666667,0.36458333333333337,0.19433962264150945,0.27432432432432435,0.13499999999999998,0.4350000000000001,0.3433333333333334,0.25511666666666666,0.04733333333333333,0.02833333333333332,0.042452830188679236,0.08513513513513515,0.0,0.10055555555555562,0.016666666666666663,0.03148888888888889,0.03507750000000001,True,False,4,1680,0.5329033019591463,42,0.6,2.2857142857142856,0.9428571428571428,0.0,0.4386904761904762,0.02857142857142857,0.007142857142857143,0.016666666666666666,0.015476190476190477,0.014285714285714285,0.0,0.3392857142857143,0.0,0.13095238095238096,0.008928571428571428,0.0,1,100,8,2900,8,2900,8,2400,8,2900,1,100,8,3000,8,3000,8,3000,8,3000
79,21.5,9.771428571428572,-15.0,6.694312999151761,16.0,0.28416666666666673,0.36458333333333337,0.19622641509433966,0.2797297297297297,0.24000000000000002,0.3983333333333334,0.16833333333333333,0.26275000000000004,0.065,-0.015833333333333366,0.10094339622641514,0.14459459459459456,0.07000000000000003,0.05666666666666664,-0.033333333333333326,0.05116666666666669,0.03262500000000001,True,False,4,1680,0.4756992027963706,44,0.6285714285714286,2.2285714285714286,0.9428571428571428,0.0,0.4773809523809524,0.0,0.0,0.0,0.0,0.0,0.014285714285714285,0.27380952380952384,0.002380952380952381,0.2017857142857143,0.027976190476190477,0.002380952380952381,1,100,10,4900,10,4900,10,4000,10,4900,1,100,10,5000,1,100,10,5000,10,5000
80,22.0,10.16309523809524,-10.5,6.722835341035487,21.25,0.3078333333333334,0.5079166666666668,0.09905660377358491,0.28243243243243243,0.3494444444444445,0.2469444444444444,0.3058333333333333,0.3160083333333334,0.025000000000000022,0.03500000000000009,-0.0528301886792453,0.12027027027027026,0.0033333333333334103,-0.07,0.0,0.004166666666666702,,False,False,4,1680,0.5245238865994235,52,0.7428571428571429,2.3142857142857145,0.9285714285714286,0.0,0.5011904761904762,0.011904761904761904,0.005952380952380952,0.014285714285714285,0.015476190476190477,0.011904761904761904,0.018452380952380953,0.24047619047619048,0.002380952380952381,0.17797619047619048,0.0,0.0,1,100,10,4900,10,4900,10,4000,10,4900,1,100,10,5000,1,100,10,5000,10,5000
81,20.25,10.646428571428572,-10.5,5.925654402852129,20.25,0.30988888888888894,0.4447222222222223,0.19528301886792457,0.25540540540540546,0.3241666666666667,0.4166666666666668,0.44166666666666665,0.3453305555555556,0.03933333333333335,-0.030000000000000027,0.02358490566037741,0.17432432432432438,0.038333333333333386,0.036666666666666736,0.08666666666666661,0.04581666666666669,0.021931666666666697,True,False,4,1680,0.5099682101420197,47,0.6714285714285714,2.242857142857143,0.9142857142857143,0.0,0.5023809523809524,0.014285714285714285,0.014285714285714285,0.0,0.0,0.015476190476190477,0.004166666666666667,0.21428571428571427,0.0,0.2148809523809524,0.01011904761904762,0.01011904761904762,1,100,10,4900,10,4900,10,4000,10,4900,1,100,10,5000,10,5000,10,5000,10,5000
82,20.0,9.9,-8.5,6.662790539839729,19.5,0.24316666666666667,0.3820833333333334,0.09811320754716982,0.22567567567567567,0.3516666666666667,0.4283333333333334,0.28583333333333333,0.3060583333333333,0.03699999999999999,0.016666666666666663,0.0037735849056603765,0.11756756756756756,0.03500000000000003,0.0,0.0,0.027050000000000008,0.008145000000000025,False,False,4,1680,0.5271642597846643,48,0.6857142857142857,2.2285714285714286,0.9428571428571428,0.0,0.4488095238095238,0.0,0.006547619047619048,0.025,0.008928571428571428,0.01369047619047619,0.011904761904761904,0.15178571428571427,0.01369047619047619,0.319047619047619,0.0,0.0005952380952380953,1,100,1,100,1,100,1,100,1,100,1,100,1,100,1,100,1,100,1,100
83,20.5,10.032142857142857,-10.0,6.250084013040787,20.0,0.3048333333333334,0.48375000000000007,0.23584905660377362,0.11351351351351352,0.275,0.21944444444444444,0.5011111111111112,0.3152944444444445,0.03233333333333332,0.052499999999999936,0.10377358490566041,-0.10270270270270271,0.07,0.10666666666666666,-0.013333333333333308,0.0461,-0.0001341666666666633,True,False,4,1680,0.5429361954767619,46,0.6571428571428571,2.085714285714286,0.8714285714285714,0.0,0.5226190476190476,0.014285714285714285,0.014285714285714285,0.01607142857142857,0.0125,0.0125,0.01488095238095238,0.15119047619047618,0.0,0.2255952380952381,0.014285714285714285,0.0017857142857142857,1,100,10,4900,10,4900,10,4000,10,4900,1,100,10,5000,1,100,10,5000,10,5000
84,18.25,10.04642857142857,-9.0,6.152519739883804,18.25,0.3081666666666667,0.40958333333333335,0.23396226415094343,0.25,0.3616666666666667,0.4466666666666667,0.47750000000000004,0.3661416666666667,0.024500000000000022,0.0012500000000000289,-0.012264150943396196,0.11486486486486486,0.12500000000000003,0.020000000000000018,0.0683333333333333,0.06580000000000001,0.025372500000000013,True,False,4,1680,0.5139619624744883,41,0.5857142857142857,1.9142857142857144,0.8714285714285714,0.0,0.5333333333333333,0.0,0.0,0.0005952380952380953,0.011904761904761904,0.019642857142857142,0.030357142857142857,0.2130952380952381,0.008333333333333333,0.16607142857142856,0.014285714285714285,0.002380952380952381,1,100,8,2900,8,2900,8,2400,8,2900,1,100,8,3000,1,100,8,3000,1,100
85,21.5,9.688095238095238,-8.0,5.744885332449482,16.75,0.24783333333333335,0.33125,0.230188679245283,0.13783783783783782,0.5116666666666667,0.5102777777777779,0.31333333333333335,0.37624444444444444,-0.018000000000000013,-0.06666666666666665,0.041509433962264114,-0.024324324324324353,0.03833333333333333,0.16500000000000015,0.036666666666666736,0.028216666666666685,0.06920249999999994,False,False,4,1680,0.5130061633637895,39,0.5571428571428572,2.0428571428571427,0.8714285714285714,0.0,0.5470238095238096,0.023809523809523808,0.01130952380952381,0.014285714285714285,0.0,0.0125,0.03571428571428571,0.2630952380952381,0.01011904761904762,0.08035714285714286,0.0017857142857142857,0.0,1,100,1,100,1,100,8,2400,8,2900,1,100,1,100,1,100,8,3000,1,100
86,23.5,9.582142857142857,-11.0,7.3904766698883,23.5,0.28283333333333344,0.4670833333333334,0.17358490566037735,0.14054054054054055,0.3283333333333333,0.3983333333333334,0.43166666666666675,0.3326333333333334,-0.00833333333333333,-0.04249999999999998,-0.03490566037735851,0.08513513513513515,0.005833333333333357,0.0025000000000000577,0.05750000000000005,0.007583333333333355,,False,False,4,1680,0.513309543194166,46,0.6571428571428571,2.157142857142857,0.8428571428571429,0.0,0.5327380952380952,0.014285714285714285,0.0011904761904761906,0.019642857142857142,0.0,0.004761904761904762,0.04285714285714286,0.30178571428571427,0.014285714285714285,0.036904761904761905,0.014285714285714285,0.017261904761904763,1,100,1,100,8,2900,8,2400,8,2900,1,100,8,3000,1,100,8,3000,10,5000
87,19.75,10.042857142857143,-9.333333333333334,6.36975340993679,19.75,0.28650000000000003,0.35625,0.21415094339622645,0.27702702702702703,0.3441666666666667,0.3783333333333333,0.5316666666666667,0.3526416666666667,0.058166666666666665,0.019583333333333286,0.04433962264150948,0.14054054054054055,0.09000000000000002,0.13999999999999999,0.053333333333333344,0.07676666666666668,0.04659999999999996,True,False,4,1680,0.5468822611251869,52,0.7428571428571429,2.3714285714285714,0.9571428571428572,0.0,0.4732142857142857,0.02142857142857143,0.025595238095238095,0.014285714285714285,0.0011904761904761906,0.015476190476190477,0.022023809523809525,0.29404761904761906,0.004761904761904762,0.12678571428571428,0.0011904761904761906,0.0,1,100,8,2900,8,2900,8,2400,8,2900,1,100,8,3000,1,100,8,3000,1,100
88,26.5,10.032142857142857,-9.0,5.900199970668583,19.25,0.23566666666666666,0.33,0.21509433962264154,0.11216216216216217,0.16999999999999998,0.43,0.3733333333333333,0.25276666666666664,0.03100000000000003,0.0016666666666667052,0.045283018867924574,0.05810810810810811,0.0016666666666666496,0.07166666666666666,0.033333333333333326,0.025150000000000006,,False,False,4,1680,0.5021487678169333,47,0.6714285714285714,2.2857142857142856,0.9285714285714286,0.0,0.4392857142857143,0.017261904761904763,0.0,0.01369047619047619,0.02619047619047619,0.0005952380952380953,0.010714285714285714,0.38035714285714284,0.0,0.1005952380952381,0.01130952380952381,0.0,1,100,1,100,1,100,8,2400,8,2900,1,100,1,100,1,100,8,3000,1,100
89,21.75,9.989285714285714,-12.75,6.676464844746001,18.25,0.32400000000000007,0.3916666666666667,0.2754716981132076,0.2837837837837838,0.5116666666666668,0.3808333333333334,0.3716666666666667,0.4025166666666668,0.11833333333333339,0.027500000000000024,0.1433962264150944,0.22972972972972977,0.14000000000000012,0.09250000000000008,0.0016666666666667052,0.10583333333333342,0.014320000000000027,False,True,5,1680,0.48315922800949096,53,0.7571428571428571,2.3142857142857145,0.9142857142857143,0.0,0.518452380952381,0.0,0.014285714285714285,0.002380952380952381,0.03571428571428571,0.0125,0.008928571428571428,0.3113095238095238,0.0017857142857142857,0.09285714285714286,0.0005952380952380953,0.0011904761904761906,1,100,1,100,1,100,8,2400,1,100,1,100,1,100,1,100,10,5000,1,100
90,21.5,10.160714285714286,-9.5,6.107329083766075,21.5,0.25516666666666665,0.31375,0.21226415094339623,0.2216216216216216,0.32583333333333336,0.33861111111111114,0.49500000000000005,0.3242194444444445,-0.028000000000000025,-0.05833333333333335,0.0028301886792452546,-0.022972972972973016,0.10500000000000007,0.014722222222222192,-0.0016666666666667052,0.02677222222222222,,False,False,5,1680,0.5211097403452647,41,0.5857142857142857,2.442857142857143,0.9428571428571428,0.0,0.44166666666666665,0.014285714285714285,0.002380952380952381,0.02023809523809524,0.03630952380952381,0.0,0.0017857142857142857,0.34523809523809523,0.0,0.1255952380952381,0.0035714285714285713,0.008928571428571428,1,100,1,100,8,2900,8,2400,8,2900,1,100,8,3000,1,100,8,3000,1,100
91,22.0,10.389285714285714,-10.5,5.982012081015465,18.25,0.30200000000000005,0.4100000000000001,0.21509433962264154,0.25135135135135134,0.225,0.5216666666666668,0.36166666666666664,0.3059666666666667,0.055,-0.006666666666666654,0.06320754716981133,0.14324324324324322,0.021666666666666695,0.14166666666666677,-0.03166666666666673,0.03900000000000001,,False,False,5,1680,0.47281447435521157,46,0.6571428571428571,2.4571428571428573,0.9428571428571428,0.0,0.5589285714285714,0.0005952380952380953,0.0,0.0017857142857142857,0.018452380952380953,0.0,0.02857142857142857,0.24761904761904763,0.0005952380952380953,0.1244047619047619,0.013095238095238096,0.005952380952380952,1,100,1,100,1,100,8,2400,8,2900,1,100,8,3000,1,100,8,3000,1,100
92,24.75,10.157142857142857,-10.0,6.47924866518535,18.5,0.26566666666666666,0.3241666666666667,0.2688679245283019,0.16621621621621624,0.3616666666666667,0.24333333333333332,0.4083333333333333,0.31843333333333335,0.029666666666666675,-0.049166666666666636,0.080188679245283,0.08513513513513515,0.14333333333333337,0.07250000000000001,0.03500000000000003,0.07453333333333337,0.023381666666666676,False,False,5,1680,0.526435792429871,39,0.5571428571428572,2.1857142857142855,0.8714285714285714,0.0,0.493452380952381,0.0125,0.014285714285714285,0.01488095238095238,0.014285714285714285,0.0,0.007738095238095238,0.28273809523809523,0.006547619047619048,0.1392857142857143,0.0,0.014285714285714285,1,100,8,2900,1,100,8,2400,1,100,1,100,8,3000,1,100,8,3000,1,100
93,19.5,10.367857142857144,-9.0,5.78758408449911,17.75,0.2883333333333334,0.45000000000000007,0.1349056603773585,0.24594594594594593,0.39111111111111113,0.2977777777777778,0.35500000000000004,0.33525000000000005,-0.0018888888888888733,-0.025555555555555498,0.0028301886792452824,0.029729729729729704,0.03500000000000003,0.03500000000000003,-0.033333333333333326,0.009994444444444466,,False,False,5,1680,0.46585855571237034,38,0.5428571428571428,2.0714285714285716,0.8428571428571429,0.0,0.5202380952380953,0.009523809523809525,0.014285714285714285,0.0,0.0,0.0,0.0,0.32321428571428573,0.008333333333333333,0.09642857142857143,0.01369047619047619,0.014285714285714285,1,100,8,2900,8,2900,8,2400,8,2900,1,100,8,3000,1,100,8,3000,1,100
94,18.5,10.173809523809524,-12.0,6.78390577403758,17.5,0.29200000000000004,0.42250000000000004,0.19245283018867926,0.22297297297297297,0.41000000000000003,0.325,0.3716666666666667,0.34855,0.056333333333333326,0.0683333333333333,0.0207547169811321,0.08783783783783783,0.016666666666666663,0.0016666666666666496,0.0,0.02853333333333333,,False,False,5,1680,0.40740815221032,33,0.4714285714285714,1.8142857142857143,0.7571428571428571,0.0,0.6125,0.0,0.004761904761904762,0.0,0.03154761904761905,0.0017857142857142857,0.023809523809523808,0.2916666666666667,0.014285714285714285,0.01488095238095238,0.0005952380952380953,0.004166666666666667,1,100,1,100,1,100,8,2400,1,100,1,100,8,3000,1,100,8,3000,1,100
95,23.75,10.553571428571429,-9.5,6.481965759091976,19.75,0.29633333333333334,0.4500000000000001,0.1349056603773585,0.27837837837837837,0.4808333333333334,0.38166666666666677,0.3766666666666667,0.3814916666666667,-0.0026666666666666484,0.0033333333333334103,-0.07358490566037737,0.08918918918918917,0.14083333333333342,-0.04472222222222216,-0.03166666666666662,0.039002777777777824,,False,False,5,1680,0.4227627960112494,30,0.42857142857142855,1.7857142857142858,0.7714285714285715,0.0,0.5916666666666667,0.02619047619047619,0.0,0.002380952380952381,0.014285714285714285,0.0,0.014285714285714285,0.3053571428571429,0.0,0.02857142857142857,0.01369047619047619,0.0035714285714285713,1,100,1,100,1,100,10,4000,10,4900,1,100,1,100,1,100,10,5000,10,5000
96,23.25,9.913095238095238,-15.5,7.600352901610882,18.0,0.35483333333333333,0.4770833333333334,0.310377358490566,0.22027027027027027,0.3891666666666667,0.36166666666666664,0.44416666666666677,0.38093333333333335,0.07866666666666668,0.0533333333333334,0.15943396226415094,0.00405405405405404,0.050000000000000044,0.0050000000000000044,0.018333333333333368,0.05221666666666669,0.026325833333333326,True,False,5,1680,0.47916838763880565,37,0.5285714285714286,1.9285714285714286,0.8714285714285714,0.0,0.5220238095238096,0.0,0.0,0.004166666666666667,0.0005952380952380953,0.0017857142857142857,0.01488095238095238,0.2970238095238095,0.01607142857142857,0.10535714285714286,0.0380952380952381,0.0,1,100,8,2900,8,2900,8,2400,8,2900,1,100,8,3000,1,100,8,3000,1,100
97,20.0,10.629285714285714,-10.75,5.5634175260500625,20.0,0.2775,0.3687500000000001,0.19433962264150945,0.24864864864864863,0.38,0.3266666666666667,0.23666666666666666,0.31216666666666665,0.02400000000000002,-0.03166666666666662,0.04339622641509436,0.08648648648648646,0.07500000000000007,0.055000000000000104,0.0016666666666666774,0.04160000000000005,0.08052499999999997,True,False,5,1680,0.5209070813281821,44,0.6285714285714286,1.9285714285714286,0.8857142857142857,0.0,0.5333333333333333,0.0005952380952380953,0.01369047619047619,0.024404761904761905,0.014285714285714285,0.002976190476190476,0.014285714285714285,0.20535714285714285,0.0,0.1744047619047619,0.005357142857142857,0.01130952380952381,1,100,8,2900,8,2900,8,2400,8,2900,1,100,8,3000,1,100,8,3000,1,100
98,21.5,10.202380952380954,-10.5,6.873857357116629,20.0,0.2626666666666667,0.31416666666666676,0.19528301886792457,0.27567567567567564,0.2733333333333333,0.29333333333333333,0.23333333333333334,0.2650666666666667,0.030666666666666682,0.01916666666666672,0.04339622641509436,0.031081081081081013,0.10166666666666666,0.021666666666666723,0.016666666666666663,0.05251666666666668,,False,False,5,1680,0.49269780719958106,39,0.5571428571428572,1.9,0.8142857142857143,0.0,0.5083333333333333,0.007142857142857143,0.0011904761904761906,0.0,0.0,0.002380952380952381,0.0,0.2244047619047619,0.014285714285714285,0.20773809523809525,0.02023809523809524,0.014285714285714285,1,100,8,2900,8,2900,8,2400,8,2900,1,100,8,3000,1,100,8,3000,1,100
99,21.5,10.227380952380953,-10.5,6.500624533924857,19.75,0.26133333333333336,0.31083333333333335,0.23396226415094343,0.22027027027027027,0.3766666666666667,0.3458333333333333,0.23666666666666666,0.30645,0.04233333333333334,-0.03583333333333333,0.10094339622641513,0.08513513513513513,-0.04999999999999999,0.10583333333333336,0.01833333333333334,0.012766666666666681,,False,False,5,1680,0.5071473625707124,37,0.5285714285714286,1.7714285714285714,0.7285714285714285,0.0,0.5779761904761904,0.006547619047619048,0.014285714285714285,0.014285714285714285,0.014285714285714285,0.002380952380952381,0.019642857142857142,0.1863095238095238,0.014285714285714285,0.14583333333333334,0.004166666666666667,0.0,1,100,1,100,1,100,1,100,1,100,1,100,1,100,1,100,1,100,1,100
100,24.25,9.642857142857142,-12.5,6.233456563225863,18.5,0.26433333333333336,0.39083333333333337,0.19245283018867923,0.16216216216216217,0.2233333333333333,0.38,0.2716666666666666,0.26265,0.008999999999999975,0.0033333333333332993,0.021698113207547137,0.0,0.10499999999999997,-0.03333333333333338,-0.033333333333333326,0.03201666666666664,,False,False,5,1680,0.4549576281948237,36,0.5142857142857142,1.7428571428571429,0.6714285714285714,0.0,0.6160714285714286,0.014285714285714285,0.014285714285714285,0.02261904761904762,0.0,0.0,0.0,0.07380952380952381,0.0,0.22678571428571428,0.017857142857142856,0.014285714285714285,1,100,1,100,1,100,1,100,1,100,1,100,1,100,1,100,1,100,1,100
101,21.75,10.04642857142857,-14.5,6.630192420330819,19.0,0.27822222222222226,0.38972222222222225,0.21226415094339626,0.19189189189189187,0.16999999999999998,0.3816666666666667,0.37583333333333335,0.26533055555555557,0.011999999999999988,0.009166666666666656,0.0028301886792452824,0.029729729729729704,0.0016666666666666496,0.10666666666666669,0.0533333333333334,0.024050000000000002,,False,False,5,1680,0.3112960731442175,23,0.32857142857142857,1.4285714285714286,0.37142857142857144,0.0,0.8226190476190476,0.0,0.007142857142857143,0.0,0.01488095238095238,0.014285714285714285,0.0125,0.03154761904761905,0.02261904761904762,0.06011904761904762,0.014285714285714285,0.0,1,100,1,100,1,100,1,100,1,100,1,100,1,100,1,100,1,100,1,100
102,18.25,10.313095238095238,-8.0,5.681134117757261,17.75,0.3423333333333334,0.4741666666666668,0.23396226415094343,0.2837837837837838,0.31,0.21,0.235,0.30168333333333336,0.052111111111111136,-0.05138888888888887,0.1207547169811321,0.12162162162162166,0.10666666666666669,-0.014999999999999986,-0.034999999999999976,0.051427777777777794,,False,False,5,1680,0.2837340973077986,17,0.24285714285714285,1.3571428571428572,0.32857142857142857,0.0,0.830952380952381,0.010714285714285714,0.014285714285714285,0.01369047619047619,0.0005952380952380953,0.008333333333333333,0.0005952380952380953,0.0017857142857142857,0.0,0.08630952380952381,0.018452380952380953,0.014285714285714285,1,100,1,100,10,4900,10,4000,10,4900,1,100,10,5000,10,5000,10,5000,10,5000
103,20.5,10.071428571428571,-12.5,7.021922668271395,18.0,0.309,0.38250000000000006,0.269811320754717,0.24594594594594593,0.3861111111111111,0.46,0.405,0.3654888888888889,0.029666666666666643,-0.015000000000000013,0.09905660377358488,0.002702702702702675,0.1216666666666667,0.03500000000000003,0.0,0.05795,,False,False,5,1680,0.3076111696631743,23,0.32857142857142857,1.3142857142857143,0.3,0.0,0.7988095238095239,0.0,0.0,0.0,0.0,0.0,0.014285714285714285,0.04285714285714286,0.014285714285714285,0.10119047619047619,0.014285714285714285,0.014285714285714285,1,100,1,100,1,100,1,100,1,100,1,100,1,100,1,100,1,100,1,100
104,19.833333333333332,10.277380952380954,-9.5,5.758891011320852,19.333333333333336,0.2753333333333333,0.3483333333333334,0.2490566037735849,0.19459459459459458,0.20833333333333334,0.2791666666666667,0.29,0.2544666666666666,0.056333333333333326,0.07,0.03962264150943398,0.0581081081081081,0.12333333333333335,0.0016666666666667052,0.0016666666666666496,0.06611666666666668,,False,False,5,1680,0.2780992623268362,24,0.34285714285714286,1.3571428571428572,0.3,0.0,0.844047619047619,0.014285714285714285,0.014285714285714285,0.014285714285714285,0.014285714285714285,0.0,0.014285714285714285,0.036904761904761905,0.0,0.047619047619047616,0.0,0.0,1,100,1,100,1,100,1,100,1,100,1,100,1,100,10,5000,1,100,10,5000
105,21.5,10.683333333333332,-7.0,5.766893747249337,21.5,0.2753333333333334,0.3458333333333333,0.17452830188679244,0.30540540540540545,0.41333333333333333,0.38,0.2858333333333334,0.33567500000000006,0.08433333333333333,0.06916666666666665,0.06132075471698112,0.14189189189189194,0.14,0.10833333333333339,-0.03333333333333327,0.08856666666666668,0.026047500000000005,True,False,5,1680,0.30525997703924784,24,0.34285714285714286,1.4857142857142858,0.42857142857142855,0.0,0.7928571428571428,0.014285714285714285,0.014285714285714285,0.0,0.0,0.0,0.0,0.005952380952380952,0.014285714285714285,0.12976190476190477,0.014285714285714285,0.014285714285714285,1,100,1,100,1,100,1,100,1,100,1,100,1,100,10,5000,1,100,10,5000
106,24.0,9.769047619047617,-13.75,7.08043598206672,18.0,0.28016666666666673,0.3762500000000001,0.19339622641509435,0.24864864864864863,0.3416666666666667,0.30277777777777776,0.41000000000000003,0.3234277777777778,0.038000000000000006,0.03750000000000003,0.004716981132075471,0.08648648648648646,0.10666666666666669,0.13999999999999999,0.0566666666666667,0.07503333333333334,0.02727000000000003,False,False,5,1680,0.38630419350280687,29,0.4142857142857143,1.7142857142857142,0.7,0.0,0.669047619047619,0.0011904761904761906,0.0,0.01369047619047619,0.013095238095238096,0.014285714285714285,0.007738095238095238,0.014285714285714285,0.026785714285714284,0.2398809523809524,0.0,0.0,1,100,1,100,1,100,1,100,1,100,1,100,1,100,10,5000,1,100,10,5000
107,20.5,9.851190476190476,-11.5,5.93389331321416,18.5,0.28200000000000003,0.35916666666666675,0.23301886792452833,0.22702702702702704,0.2766666666666666,0.18444444444444444,0.31333333333333335,0.27507777777777775,0.03333333333333335,0.0050000000000000044,0.024528301886792475,0.0918918918918919,0.03999999999999995,-0.02833333333333332,-0.09833333333333333,0.00974999999999999,,False,False,5,1680,0.407633393966244,30,0.42857142857142855,1.8,0.7714285714285715,0.0,0.5845238095238096,0.017261904761904763,0.0125,0.013095238095238096,0.0125,0.0,0.0,0.0,0.0011904761904761906,0.33035714285714285,0.014285714285714285,0.014285714285714285,1,100,10,4900,10,4900,10,4000,10,4900,1,100,10,5000,10,5000,10,5000,10,5000
108,22.666666666666668,9.697619047619048,-11.0,6.795206810753226,19.5,0.32716666666666666,0.5270833333333335,0.19339622641509435,0.19459459459459458,0.2733333333333333,0.4650000000000001,0.2733333333333333,0.3140333333333333,0.04400000000000001,0.0533333333333334,0.09905660377358491,-0.050000000000000044,-0.030000000000000082,0.0566666666666667,-0.09916666666666668,-0.0021083333333333544,,False,False,5,1680,0.4345090349251546,35,0.5,1.9285714285714286,0.9142857142857143,0.0,0.4666666666666667,0.01130952380952381,0.0,0.0011904761904761906,0.0,0.014285714285714285,0.01369047619047619,0.022023809523809525,0.014285714285714285,0.4386904761904762,0.017261904761904763,0.0005952380952380953,1,100,10,4900,10,4900,10,4000,10,4900,1,100,1,100,10,5000,10,5000,10,5000
109,23.25,9.348809523809525,-6.5,5.73428308954314,18.5,0.25472222222222224,0.36097222222222225,0.21509433962264154,0.13918918918918918,0.39166666666666666,0.43,0.4933333333333334,0.35597222222222225,0.028333333333333363,0.028333333333333377,0.045283018867924574,0.00405405405405404,-0.013333333333333308,0.07166666666666666,0.2550000000000001,0.05208333333333337,0.0027749999999999797,False,False,5,1680,0.4107408441456977,28,0.4,1.8857142857142857,0.8857142857142857,0.0,0.4392857142857143,0.0005952380952380953,0.0011904761904761906,0.030952380952380953,0.01369047619047619,0.014285714285714285,0.02738095238095238,0.0,0.0,0.4726190476190476,0.0,0.0,1,100,10,4900,10,4900,10,4000,10,4900,1,100,10,5000,10,5000,10,5000,10,5000
110,28.0,10.245238095238095,-10.333333333333332,7.2659770002875375,23.0,0.2661666666666667,0.3954166666666667,0.23018867924528305,0.10810810810810811,0.2533333333333333,0.27666666666666667,0.5741666666666667,0.308925,0.02200000000000003,0.0016666666666667052,0.06037735849056608,0.0,0.034999999999999976,0.0016666666666666496,0.06833333333333336,0.03146666666666667,0.029445000000000016,True,False,5,1680,0.42194794639524896,28,0.4,1.8571428571428572,0.8428571428571429,0.0,0.4523809523809524,0.014285714285714285,0.0,0.011904761904761904,0.0,0.002380952380952381,0.0005952380952380953,0.014285714285714285,0.014285714285714285,0.4636904761904762,0.014285714285714285,0.011904761904761904,1,100,1,100,1,100,1,100,1,100,1,100,1,100,1,100,1,100,1,100
111,20.5,9.735714285714286,-9.5,5.837362068466145,18.0,0.30033333333333334,0.37500000000000006,0.21320754716981133,0.30405405405405406,0.2758333333333333,0.3433333333333334,0.4575000000000001,0.3196333333333333,0.05533333333333334,0.06333333333333335,0.023584905660377353,0.08783783783783783,0.10499999999999998,-0.014999999999999958,-0.048333333333333395,0.05013333333333333,0.01192083333333332,False,False,5,1680,0.4499062912303583,25,0.35714285714285715,1.8857142857142857,0.8714285714285714,0.0,0.46964285714285714,0.014285714285714285,0.018452380952380953,0.014285714285714285,0.014285714285714285,0.01369047619047619,0.0035714285714285713,0.01130952380952381,0.01130952380952381,0.42916666666666664,0.0,0.0,1,100,10,4900,10,4900,10,4000,10,4900,1,100,10,5000,10,5000,10,5000,10,5000
112,18.5,9.570238095238095,-11.75,6.1750688530684466,17.5,0.24438888888888893,0.31513888888888897,0.23584905660377362,0.14189189189189189,0.27166666666666667,0.4183333333333334,0.27166666666666667,0.27542222222222223,0.021333333333333346,-0.057499999999999996,0.06415094339622646,0.08783783783783783,-0.030000000000000027,0.11388888888888898,-0.03416666666666662,0.004297222222222236,,False,False,5,1680,0.4292568140682044,38,0.5428571428571428,1.9,0.7857142857142857,0.0,0.5601190476190476,0.0011904761904761906,0.014285714285714285,0.014285714285714285,0.0,0.0,0.01369047619047619,0.027976190476190477,0.0,0.3398809523809524,0.014285714285714285,0.014285714285714285,1,100,10,4900,10,4900,10,4000,10,4900,1,100,10,5000,10,5000,10,5000,10,5000
113,21.5,8.833928571428572,-11.5,7.544867424102222,21.5,0.24633333333333335,0.34750000000000003,0.20943396226415098,0.13513513513513514,0.345,0.26,0.3116666666666667,0.29203333333333337,0.014500000000000004,0.03541666666666665,-0.01792452830188676,0.02702702702702703,0.0016666666666666496,0.07,0.0016666666666667052,0.013633333333333336,,False,False,5,1680,0.5670589946853478,42,0.6,1.8285714285714285,0.7285714285714285,0.0,0.5476190476190477,0.018452380952380953,0.01011904761904762,0.03333333333333333,0.014285714285714285,0.027976190476190477,0.0017857142857142857,0.06547619047619048,0.011904761904761904,0.23035714285714284,0.026785714285714284,0.011904761904761904,1,100,1,100,1,100,1,100,1,100,1,100,1,100,1,100,1,100,1,100
114,19.75,9.878571428571428,-8.0,5.665803255550994,18.5,0.2923888888888889,0.335138888888889,0.2905660377358491,0.22567567567567567,0.4316666666666667,0.15666666666666668,0.3425000000000001,0.3350805555555556,0.08250000000000005,0.011250000000000093,0.1386792452830189,0.11756756756756756,0.10833333333333339,-0.11499999999999994,-0.04111111111111099,0.05325000000000006,0.015845000000000005,False,False,5,1680,0.42079562364926365,26,0.37142857142857144,1.7571428571428571,0.6714285714285714,0.0,0.5982142857142857,0.01904761904761905,0.020833333333333332,0.01488095238095238,0.0,0.004166666666666667,0.002976190476190476,0.02142857142857143,0.002976190476190476,0.3053571428571429,0.008333333333333333,0.0017857142857142857,1,100,10,4900,10,4900,10,4000,10,4900,1,100,10,5000,10,5000,10,5000,10,5000
115,20.0,9.401190476190475,-13.5,7.257198025818301,19.5,0.21466666666666667,0.24166666666666672,0.13773584905660377,0.28108108108108115,0.49250000000000005,0.4183333333333334,0.30833333333333335,0.34632500000000005,0.05000000000000004,0.04666666666666672,0.024528301886792447,0.09189189189189195,0.0033333333333332993,0.18166666666666673,0.08833333333333335,0.05258333333333336,0.03615500000000001,False,False,5,1680,0.45118566631744944,32,0.45714285714285713,1.8857142857142857,0.8,0.0,0.4398809523809524,0.011904761904761904,0.0005952380952380953,0.01130952380952381,0.007142857142857143,0.0,0.02142857142857143,0.014285714285714285,0.01130952380952381,0.4589285714285714,0.01607142857142857,0.007142857142857143,1,100,10,4900,10,4900,10,4000,10,4900,1,100,10,5000,10,5000,10,5000,10,5000
116,19.25,9.028571428571428,-11.0,6.981976310277693,17.5,0.26838888888888895,0.34347222222222223,0.21509433962264154,0.22297297297297297,0.2783333333333333,0.13833333333333334,0.22166666666666665,0.25185555555555555,0.037000000000000054,-0.03249999999999992,0.08207547169811324,0.08513513513513515,0.10833333333333334,0.0016666666666666774,0.03666666666666665,0.058383333333333357,0.037726666666666665,True,False,5,1680,0.4328278780413001,32,0.45714285714285713,1.7428571428571429,0.7,0.0,0.5767857142857142,0.011904761904761904,0.01488095238095238,0.0,0.0,0.03571428571428571,0.023214285714285715,0.007142857142857143,0.0017857142857142857,0.3142857142857143,0.014285714285714285,0.0,1,100,10,4900,10,4900,10,4000,10,4900,1,100,1,100,1,100,10,5000,10,5000
117,17.333333333333332,9.691666666666666,-13.0,6.34838984085166,16.0,0.31683333333333347,0.37708333333333344,0.2735849056603774,0.28108108108108115,0.36166666666666664,0.45250000000000007,0.42916666666666664,0.3629416666666667,0.14816666666666675,0.05541666666666678,0.19811320754716988,0.2270270270270271,-0.0508333333333334,0.21000000000000008,-0.07916666666666666,0.05060000000000002,0.011345833333333347,False,False,5,1680,0.3704626150465217,25,0.35714285714285715,1.5714285714285714,0.5571428571428572,0.0,0.6529761904761905,0.014285714285714285,0.014285714285714285,0.0,0.0005952380952380953,0.0,0.0017857142857142857,0.0,0.014285714285714285,0.27380952380952384,0.014285714285714285,0.01369047619047619,1,100,10,4900,10,4900,10,4000,10,4900,1,100,10,5000,10,5000,10,5000,10,5000
118,23.0,9.820238095238096,-8.75,7.0875846585784785,23.0,0.24300000000000002,0.31583333333333335,0.2160377358490566,0.1635135135135135,0.2783333333333333,0.3833333333333334,0.25833333333333336,0.2717,-0.001333333333333364,-0.060833333333333406,0.08301886792452831,-0.02567567567567569,0.16555555555555557,0.07000000000000006,0.025000000000000022,0.06816111111111112,0.010667500000000012,False,False,5,1680,0.42776182405089713,34,0.4857142857142857,1.9285714285714286,0.8285714285714286,0.0,0.47559523809523807,0.0005952380952380953,0.005357142857142857,0.015476190476190477,0.014285714285714285,0.0,0.015476190476190477,0.008928571428571428,0.01904761904761905,0.4363095238095238,0.0,0.008928571428571428,1,100,10,4900,10,4900,10,4000,10,4900,1,100,10,5000,10,5000,10,5000,10,5000
119,21.5,9.860714285714286,-12.5,6.187203919941445,18.0,0.24283333333333337,0.43708333333333343,0.09622641509433962,0.13783783783783782,0.4066666666666666,0.31166666666666665,0.37833333333333335,0.32738333333333336,-0.023999999999999983,0.0033333333333334103,0.0018867924528301744,-0.10540540540540544,0.034999999999999976,0.006666666666666654,0.07,0.013816666666666663,,False,False,5,1680,0.4172959589953322,32,0.45714285714285713,1.9714285714285715,0.8714285714285714,0.0,0.5363095238095238,0.007738095238095238,0.01904761904761905,0.0,0.01130952380952381,0.0011904761904761906,0.008333333333333333,0.0,0.0,0.3755952380952381,0.025,0.015476190476190477,1,100,10,4900,10,4900,10,4000,10,4900,1,100,10,5000,10,5000,10,5000,10,5000
120,20.75,9.335714285714285,-9.5,6.579127219167174,18.5,0.2813333333333334,0.3550000000000001,0.21698113207547173,0.25405405405405407,0.2233333333333333,0.20833333333333334,0.4391666666666667,0.2774083333333333,0.0456666666666667,0.0016666666666667052,0.045283018867924574,0.11756756756756759,0.10666666666666663,-0.01416666666666666,-0.10166666666666668,0.038933333333333334,-0.025086666666666653,False,False,5,1680,0.4158022588163809,32,0.45714285714285713,1.7714285714285714,0.7571428571428571,0.0,0.5291666666666667,0.0,0.0011904761904761906,0.0,0.0,0.016666666666666666,0.0035714285714285713,0.014285714285714285,0.014285714285714285,0.38452380952380955,0.01369047619047619,0.02261904761904762,1,100,10,4900,10,4900,10,4000,10,4900,1,100,10,5000,10,5000,10,5000,10,5000
121,19.5,9.70595238095238,-11.0,5.513560509307567,19.5,0.266,0.35750000000000004,0.19339622641509435,0.2216216216216216,0.49416666666666675,0.245,0.37500000000000006,0.3601083333333334,-0.030666666666666658,-0.03249999999999997,-0.03490566037735848,-0.02162162162162165,0.07000000000000006,0.005833333333333357,-0.03249999999999997,0.007941666666666698,,False,False,5,1680,0.42115338710989747,28,0.4,1.6857142857142857,0.6571428571428571,0.0,0.5285714285714286,0.019642857142857142,0.01369047619047619,0.014285714285714285,0.01130952380952381,0.007738095238095238,0.01011904761904762,0.009523809523809525,0.0,0.38511904761904764,0.0,0.0,1,100,10,4900,10,4900,10,4000,10,4900,1,100,10,5000,1,100,10,5000,10,5000
122,21.5,9.866666666666667,-13.0,7.060571270560666,18.0,0.25655555555555554,0.40222222222222226,0.1330188679245283,0.19729729729729728,0.2916666666666667,0.28,0.4108333333333334,0.2943305555555556,-0.01166666666666668,-0.017500000000000016,-0.11320754716981132,0.14324324324324322,0.03666666666666668,0.07250000000000004,-0.03166666666666662,0.010666666666666677,,False,False,5,1680,0.41787029261846637,32,0.45714285714285713,1.7857142857142858,0.7428571428571429,0.0,0.5,0.0035714285714285713,0.01130952380952381,0.0,0.0,0.0,0.02857142857142857,0.01130952380952381,0.016666666666666666,0.41309523809523807,0.014285714285714285,0.0011904761904761906,1,100,10,4900,10,4900,10,4000,10,4900,1,100,10,5000,1,100,10,5000,10,5000
123,21.5,9.675714285714287,-8.5,6.587790345226012,18.55,0.24683333333333338,0.32458333333333333,0.23301886792452833,0.14054054054054055,0.37833333333333335,0.3108333333333333,0.29,0.30573333333333336,0.01733333333333332,-0.014166666666666716,0.06226415094339624,0.004054054054054068,0.17500000000000004,0.03749999999999998,0.03833333333333333,0.07768333333333335,0.014770000000000012,False,False,5,1680,0.4463933311557129,28,0.4,1.6857142857142857,0.6857142857142857,0.0,0.4452380952380952,0.01130952380952381,0.014285714285714285,0.013095238095238096,0.014285714285714285,0.002976190476190476,0.014285714285714285,0.01904761904761905,0.009523809523809525,0.45595238095238094,0.0,0.0,1,100,10,4900,10,4900,10,4000,10,4900,1,100,10,5000,1,100,10,5000,10,5000
124,21.25,10.022619047619049,-8.333333333333332,5.931184760602141,20.5,0.341888888888889,0.5055555555555558,0.15849056603773587,0.3391891891891893,0.37666666666666676,0.31166666666666665,0.30833333333333335,0.3460055555555557,0.0723333333333334,0.15083333333333343,-0.10849056603773582,0.20405405405405413,-0.028333333333333266,0.023333333333333317,-0.09833333333333327,0.006600000000000061,,False,False,5,1680,0.3637321313449062,35,0.5,1.7571428571428571,0.7428571428571429,0.0,0.4785714285714286,0.011904761904761904,0.002380952380952381,0.0125,0.0,0.007142857142857143,0.014285714285714285,0.0,0.0,0.4720238095238095,0.0011904761904761906,0.0,1,100,10,4900,10,4900,10,4000,10,4900,1,100,10,5000,10,5000,10,5000,10,5000
125,23.0,9.246428571428572,-10.0,7.339208086717262,19.5,0.3106666666666667,0.42250000000000004,0.24716981132075472,0.22027027027027024,0.235,0.20583333333333334,0.41000000000000003,0.2886,-0.006666666666666687,-0.01666666666666672,0.0,0.0,0.0,-0.06833333333333338,-0.06833333333333336,-0.019750000000000018,,False,False,5,1680,0.4174671554207724,31,0.44285714285714284,1.8571428571428572,0.8428571428571429,0.0,0.3767857142857143,0.0,0.0,0.0,0.0125,0.0125,0.01607142857142857,0.014285714285714285,0.014285714285714285,0.5375,0.014285714285714285,0.0017857142857142857,1,100,1,100,1,100,1,100,1,100,1,100,1,100,1,100,1,100,1,100
126,22.5,9.688095238095238,-5.0,5.767686493126442,18.5,0.2571666666666667,0.31541666666666673,0.19528301886792457,0.2513513513513514,0.31,0.175,0.3916666666666667,0.28761666666666674,0.03933333333333338,-0.011666666666666603,0.08113207547169815,0.06216216216216219,0.10583333333333333,-0.21583333333333338,0.01666666666666672,0.03369166666666669,,False,False,5,1680,0.39487647663942077,38,0.5428571428571428,1.8,0.8,0.0,0.40654761904761905,0.014285714285714285,0.03154761904761905,0.005357142857142857,0.0,0.014285714285714285,0.0011904761904761906,0.0,0.008333333333333333,0.518452380952381,0.0,0.0,1,100,10,4900,10,4900,10,4000,10,4900,1,100,10,5000,10,5000,10,5000,10,5000
127,20.5,9.3,-9.5,6.257842698414145,17.5,0.3172222222222223,0.4547222222222223,0.22830188679245284,0.2216216216216216,0.5275000000000001,0.24333333333333332,0.28833333333333333,0.37909722222222225,0.0215,0.0004166666666666763,0.0,0.08648648648648646,0.07166666666666671,0.02166666666666664,0.0,0.03585000000000001,,False,False,5,1680,0.36711718853817205,41,0.5857142857142857,1.9285714285714286,0.9142857142857143,0.0,0.30238095238095236,0.0,0.0005952380952380953,0.0,0.0,0.0,0.014285714285714285,0.01607142857142857,0.01607142857142857,0.6303571428571428,0.005952380952380952,0.014285714285714285,1,100,1,100,1,100,10,4000,1,100,1,100,1,100,1,100,1,100,1,100
128,21.5,9.223809523809523,-5.0,6.127150462418534,18.0,0.30416666666666664,0.32791666666666675,0.27264150943396226,0.31081081081081086,0.28,0.1961111111111111,0.3833333333333334,0.2967777777777778,0.034166666666666685,-0.09624999999999995,0.12075471698113205,0.12162162162162166,0.04166666666666671,-0.035,-0.06166666666666665,0.015500000000000031,,False,False,5,1680,0.4135561680951294,40,0.5714285714285714,1.8571428571428572,0.8571428571428571,0.0,0.42083333333333334,0.015476190476190477,0.0,0.014285714285714285,0.0,0.014285714285714285,0.014285714285714285,0.026785714285714284,0.0,0.493452380952381,0.0005952380952380953,0.0,1,100,10,4900,10,4900,10,4000,10,4900,1,100,1,100,1,100,10,5000,1,100
129,20.0,9.94404761904762,-12.0,6.745438220855871,18.75,0.26933333333333337,0.3841666666666667,0.13584905660377358,0.2743243243243243,0.4066666666666666,0.3833333333333334,0.35750000000000004,0.342025,0.005333333333333291,-0.058333333333333404,0.021698113207547165,0.0851351351351351,-5.551115123125783e-17,0.040000000000000036,0.03500000000000003,0.011383333333333304,,False,False,5,1680,0.42021165771020436,38,0.5428571428571428,1.8571428571428572,0.8142857142857143,0.0,0.49702380952380953,0.014285714285714285,0.015476190476190477,0.015476190476190477,0.0,0.0,0.0017857142857142857,0.0,0.007738095238095238,0.41785714285714287,0.014285714285714285,0.01607142857142857,1,100,1,100,1,100,10,4000,1,100,1,100,1,100,1,100,1,100,1,100
130,20.5,9.960714285714285,-11.0,5.925173653415506,19.0,0.30433333333333334,0.3341666666666667,0.2707547169811321,0.30405405405405406,0.38,0.33,0.35833333333333334,0.34148333333333336,0.03272222222222226,-0.07736111111111105,0.06226415094339627,0.16891891891891891,-0.012500000000000011,0.0050000000000000044,0.07166666666666666,0.0199638888888889,,False,False,5,1680,0.4214772586374087,36,0.5142857142857142,1.7714285714285714,0.7142857142857143,0.0,0.5952380952380952,0.014285714285714285,0.0035714285714285713,0.017261904761904763,0.0,0.014285714285714285,0.020833333333333332,0.014285714285714285,0.013095238095238096,0.30714285714285716,0.0,0.0,1,100,10,4900,10,4900,10,4000,10,4900,1,100,1,100,10,5000,10,5000,10,5000
131,25.416666666666668,10.141666666666667,-11.5,6.220092730131004,18.5,0.21300000000000002,0.2366666666666667,0.23584905660377362,0.14189189189189189,0.4141666666666667,0.24166666666666667,0.24083333333333332,0.29045000000000004,0.03133333333333332,-0.03333333333333338,0.14056603773584908,-0.020270270270270285,0.14166666666666666,0.0,-0.17916666666666672,0.03524166666666664,,False,False,5,1680,0.403153127796418,24,0.34285714285714286,1.6571428571428573,0.6285714285714286,0.0,0.5982142857142857,0.014285714285714285,0.01488095238095238,0.002380952380952381,0.01369047619047619,0.0017857142857142857,0.0,0.01130952380952381,0.0,0.3136904761904762,0.02976190476190476,0.0,1,100,10,4900,10,4900,10,4000,10,4900,1,100,10,5000,10,5000,10,5000,10,5000
132,21.0,9.992857142857142,-11.0,6.661497145363575,19.0,0.24600000000000002,0.37666666666666676,0.13584905660377358,0.19189189189189187,0.225,0.45944444444444454,0.4083333333333333,0.2843444444444445,0.04933333333333335,0.05250000000000005,0.04056603773584906,0.05675675675675673,-0.014999999999999958,0.03500000000000003,-0.06500000000000006,0.00823333333333335,,False,False,5,1680,0.3679442089535455,36,0.5142857142857142,1.6714285714285715,0.6,0.0,0.6714285714285714,0.004166666666666667,0.007738095238095238,0.0,0.0011904761904761906,0.014285714285714285,0.02023809523809524,0.002380952380952381,0.020833333333333332,0.25297619047619047,0.0,0.004761904761904762,1,100,1,100,1,100,10,4000,1,100,1,100,1,100,1,100,1,100,1,100
133,20.5,9.735714285714288,-10.0,5.635945636710369,17.0,0.2386666666666667,0.3616666666666667,0.19056603773584907,0.10810810810810811,0.2575,0.30666666666666664,0.31833333333333336,0.26400833333333334,-0.0033333333333333435,-0.00833333333333336,0.0,0.0,0.0,0.0,0.0,-0.0013333333333333374,,False,False,5,1680,0.3189289878921259,25,0.35714285714285715,1.3714285714285714,0.35714285714285715,0.0,0.7964285714285714,0.014285714285714285,0.014285714285714285,0.002380952380952381,0.0125,0.014285714285714285,0.04107142857142857,0.0,0.0017857142857142857,0.10119047619047619,0.0,0.0017857142857142857,1,100,1,100,1,100,1,100,1,100,1,100,1,100,1,100,1,100,1,100
134,18.5,9.545238095238094,-11.333333333333332,6.343095322998385,17.0,0.28700000000000003,0.3583333333333334,0.2726415094339623,0.19189189189189187,0.4266666666666667,0.20666666666666664,0.3591666666666667,0.338675,0.028000000000000032,-0.05583333333333329,0.12169811320754723,0.029729729729729704,0.0033333333333332993,-0.033333333333333326,0.03666666666666668,0.014533333333333337,,False,False,5,1680,0.3491805474354607,24,0.34285714285714286,1.4857142857142858,0.45714285714285713,0.0,0.7446428571428572,0.01607142857142857,0.0,0.0,0.01011904761904762,0.0,0.002380952380952381,0.01488095238095238,0.011904761904761904,0.16726190476190475,0.018452380952380953,0.014285714285714285,1,100,10,4900,10,4900,10,4000,10,4900,1,100,10,5000,1,100,10,5000,1,100
135,19.5,9.745238095238095,-8.25,6.039057494303323,18.0,0.29133333333333333,0.4025000000000001,0.21320754716981133,0.22297297297297297,0.20666666666666664,0.3233333333333333,0.27666666666666667,0.2627,0.030333333333333337,-0.016666666666666663,0.06226415094339624,0.0608108108108108,-0.031666666666666676,0.0,0.10499999999999998,0.016799999999999995,,False,False,5,1680,0.3708971497247027,28,0.4,1.542857142857143,0.5142857142857142,0.0,0.7321428571428571,0.0,0.014285714285714285,0.013095238095238096,0.026785714285714284,0.026785714285714284,0.01130952380952381,0.008333333333333333,0.0011904761904761906,0.1630952380952381,0.0,0.002976190476190476,1,100,1,100,10,4900,10,4000,10,4900,1,100,1,100,1,100,10,5000,1,100
136,20.5,9.898809523809524,-10.5,5.611847813719982,18.75,0.25666666666666665,0.3241666666666667,0.20754716981132076,0.2175675675675676,0.15333333333333332,0.22666666666666666,0.37583333333333335,0.235375,0.027666666666666694,0.0533333333333334,0.01792452830188679,0.0,0.053333333333333316,0.0016666666666666496,-0.033333333333333326,0.024900000000000002,,False,False,5,1680,0.3230808649518804,24,0.34285714285714286,1.3428571428571427,0.32857142857142857,0.0,0.7821428571428571,0.01607142857142857,0.0,0.014285714285714285,0.0,0.014285714285714285,0.0017857142857142857,0.0,0.010714285714285714,0.13214285714285715,0.014285714285714285,0.014285714285714285,1,100,1,100,1,100,1,100,1,100,1,100,1,100,1,100,1,100,1,100
137,18.0,9.116666666666665,-10.75,7.307929483330647,18.0,0.2805,0.39958333333333335,0.20849056603773586,0.19054054054054054,0.4100000000000001,0.33833333333333326,0.5036111111111111,0.36507500000000004,0.013999999999999995,0.016666666666666663,0.019811320754716977,0.0013513513513513375,0.0,0.03499999999999992,0.0,0.00909999999999999,,False,False,5,1680,0.5128042001321539,27,0.38571428571428573,1.4285714285714286,0.38571428571428573,0.0,0.6142857142857143,0.11547619047619048,0.01130952380952381,0.0,0.004166666666666667,0.017261904761904763,0.02023809523809524,0.029166666666666667,0.008928571428571428,0.15357142857142858,0.01488095238095238,0.010714285714285714,1,100,1,100,1,100,1,100,1,100,1,100,1,100,1,100,1,100,1,100
138,22.333333333333332,9.564285714285715,-6.25,5.381353229907326,16.5,0.2135,0.34875,0.15283018867924528,0.08108108108108109,0.41000000000000003,0.39583333333333337,0.3791666666666667,0.32535833333333336,-0.01900000000000001,-0.03250000000000003,-0.016981132075471694,0.0,0.07000000000000006,-0.034999999999999976,0.03500000000000003,0.018650000000000028,,False,False,5,1680,0.26708287048849666,15,0.21428571428571427,1.1285714285714286,0.12857142857142856,0.0,0.8601190476190477,0.014285714285714285,0.014285714285714285,0.014285714285714285,0.01904761904761905,0.014285714285714285,0.0125,0.0,0.0,0.036904761904761905,0.0,0.014285714285714285,1,100,1,100,1,100,1,100,1,100,1,100,1,100,1,100,1,100,1,100
139,18.0,9.785714285714286,-14.0,6.782630878402057,17.25,0.22283333333333333,0.33958333333333335,0.1707547169811321,0.10810810810810811,0.28111111111111114,0.25916666666666666,0.2533333333333333,0.2514388888888889,0.010333333333333328,0.02583333333333332,0.0,0.0,0.0,0.0,0.0,0.004133333333333332,,False,False,5,1680,0.19019507602241859,10,0.14285714285714285,1.0714285714285714,0.07142857142857142,0.0,0.9041666666666667,0.0005952380952380953,0.0,0.0,0.0,0.0,0.023214285714285715,0.01369047619047619,0.0125,0.017261904761904763,0.014285714285714285,0.014285714285714285,1,100,1,100,1,100,1,100,1,100,1,100,1,100,1,100,1,100,1,100
140,19.25,10.017857142857142,-8.5,6.037398210669478,19.25,0.26683333333333337,0.34875000000000006,0.20849056603773586,0.2175675675675676,0.25666666666666665,0.26999999999999996,0.2733333333333333,0.2645666666666666,0.014000000000000025,0.01666666666666672,0.019811320754716977,0.0013513513513513653,0.0,0.034999999999999976,0.035,0.014350000000000009,,False,False,5,1680,0.1978726959988755,8,0.11428571428571428,1.1142857142857143,0.08571428571428572,0.0,0.8982142857142857,0.0,0.020833333333333332,0.010714285714285714,0.03214285714285714,0.0,0.01904761904761905,0.004166666666666667,0.0011904761904761906,0.0,0.002380952380952381,0.01130952380952381,1,100,1,100,1,100,1,100,1,100,1,100,1,100,1,100,1,100,1,100
141,22.25,9.792857142857143,-10.5,6.206751042486026,18.0,0.19333333333333333,0.3483333333333334,0.07547169811320754,0.1108108108108108,0.3733333333333333,0.3725,0.39083333333333337,0.303875,-0.001222222222222212,-0.004722222222222183,-0.018867924528301896,0.029729729729729718,0.03500000000000003,0.0,0.0,0.011761111111111127,,False,False,5,1680,0.18974505534198757,12,0.17142857142857143,1.1428571428571428,0.12857142857142856,0.0,0.905952380952381,0.01488095238095238,0.014285714285714285,0.0011904761904761906,0.008928571428571428,0.0,0.004166666666666667,0.0,0.0017857142857142857,0.030357142857142857,0.004166666666666667,0.014285714285714285,1,100,1,100,1,100,1,100,1,100,1,100,1,100,1,100,1,100,1,100
142,20.5,9.942857142857143,-7.5,6.251262457530093,18.25,0.23866666666666664,0.3625,0.1707547169811321,0.13513513513513514,0.3716666666666667,0.32416666666666666,0.5066666666666666,0.33396666666666663,0.0,0.0,0.0,0.0,0.0,0.0,0.0,0.0,,False,False,5,1680,0.23901885075200813,12,0.17142857142857143,1.1428571428571428,0.12857142857142856,0.0,0.8767857142857143,0.0005952380952380953,0.013095238095238096,0.011904761904761904,0.0,0.02976190476190476,0.005357142857142857,0.006547619047619048,0.029166666666666667,0.015476190476190477,0.0,0.01130952380952381,1,100,1,100,1,100,1,100,1,100,1,100,1,100,1,100,1,100,1,100
143,21.583333333333336,10.076190476190476,-10.833333333333332,5.599527737618034,16.416666666666668,0.2526666666666667,0.31250000000000006,0.2481132075471698,0.16216216216216217,0.22083333333333333,0.22166666666666668,0.47166666666666673,0.27127500000000004,0.007000000000000006,0.0008333333333333526,0.018867924528301883,0.0,0.01833333333333334,0.0,0.0,0.009216666666666672,,False,False,5,1680,0.17219159325608377,7,0.1,1.0142857142857142,0.014285714285714285,0.0,0.9142857142857143,0.006547619047619048,0.014285714285714285,0.014285714285714285,0.014285714285714285,0.0,0.0,0.0,0.014285714285714285,0.0,0.022023809523809525,0.0,1,100,1,100,1,100,1,100,1,100,1,100,1,100,1,100,1,100,1,100
144,18.0,9.742857142857142,-15.5,6.903411608526229,16.0,0.229,0.35500000000000004,0.16981132075471697,0.10945945945945945,0.2511111111111111,0.2875,0.33111111111111113,0.2579055555555556,0.007000000000000006,0.017500000000000016,0.0,0.0,0.01833333333333334,-0.03500000000000003,-0.034999999999999976,0.0004666666666666725,,False,False,5,1680,0.1912607009310469,8,0.11428571428571428,1.1714285714285715,0.05714285714285714,0.0,0.9047619047619048,0.0011904761904761906,0.010714285714285714,0.004166666666666667,0.0,0.026785714285714284,0.007142857142857143,0.015476190476190477,0.002380952380952381,0.002380952380952381,0.0005952380952380953,0.024404761904761905,1,100,1,100,1,100,1,100,1,100,1,100,1,100,1,100,1,100,1,100
145,19.5,10.036904761904763,-9.75,5.444901425242908,16.75,0.2403888888888889,0.28263888888888894,0.2660377358490566,0.13513513513513514,0.4066666666666667,0.31333333333333335,0.34,0.32082222222222223,0.0033333333333333435,0.00833333333333336,0.0,0.0,0.0,0.0,0.03500000000000003,0.006583333333333342,,False,False,5,1680,0.17991837227579566,7,0.1,1.0285714285714285,0.014285714285714285,0.0,0.9142857142857143,0.014285714285714285,0.014285714285714285,0.014285714285714285,0.004761904761904762,0.014285714285714285,0.014285714285714285,0.005952380952380952,0.0,0.0035714285714285713,0.0,0.0,1,100,1,100,1,100,1,100,1,100,1,100,1,100,1,100,1,100,1,100
146,19.75,9.342857142857143,-12.5,7.593968769886042,17.0,0.23199999999999998,0.2791666666666667,0.20849056603773586,0.1891891891891892,0.39583333333333337,0.3766666666666667,0.37000000000000005,0.32450833333333334,0.006999999999999984,0.0008333333333332971,0.018867924528301883,0.0,0.04555555555555557,-0.06500000000000006,0.0,0.012244444444444436,,False,False,5,1680,0.4117346648617044,12,0.17142857142857143,1.0857142857142856,0.07142857142857142,0.0,0.7273809523809524,0.12916666666666668,0.0,0.005357142857142857,0.015476190476190477,0.0,0.007738095238095238,0.02857142857142857,0.02857142857142857,0.014285714285714285,0.019642857142857142,0.023809523809523808,1,100,1,100,1,100,1,100,1,100,1,100,1,100,1,100,1,100,1,100
147,19.0,9.939285714285715,-8.5,5.979394535703882,19.0,0.23700000000000002,0.32250000000000006,0.19056603773584907,0.16486486486486485,0.37333333333333335,0.2891666666666666,0.27416666666666667,0.2955083333333333,0.0,0.0,0.0,0.0,0.0,0.0,0.0,0.0,,False,False,5,1680,0.21066563239392708,10,0.14285714285714285,1.1142857142857143,0.08571428571428572,0.0,0.9005952380952381,0.0,0.014285714285714285,0.011904761904761904,0.014285714285714285,0.01011904761904762,0.0017857142857142857,0.0125,0.01607142857142857,0.004166666666666667,0.005357142857142857,0.008928571428571428,1,100,1,100,1,100,1,100,1,100,1,100,1,100,1,100,1,100,1,100
148,18.25,10.026190476190475,-9.0,6.168621679438307,18.25,0.2225,0.38875000000000004,0.1330188679245283,0.08108108108108109,0.23666666666666666,0.42916666666666675,0.37833333333333335,0.2715,0.0,0.0,0.0,0.0,0.0,0.0,0.0,0.0,,False,False,5,1680,0.20718036097824746,8,0.11428571428571428,1.0571428571428572,0.04285714285714286,0.0,0.9005952380952381,0.0005952380952380953,0.0017857142857142857,0.011904761904761904,0.014285714285714285,0.01369047619047619,0.014285714285714285,0.002380952380952381,0.0,0.011904761904761904,0.014285714285714285,0.014285714285714285,1,100,1,100,1,100,1,100,1,100,1,100,1,100,1,100,1,100,1,100
149,16.25,9.860714285714286,-11.5,5.193454393504863,15.75,0.266,0.4475,0.16981132075471697,0.10945945945945945,0.30666666666666664,0.20166666666666666,0.5433333333333333,0.3154,0.000333333333333341,0.0008333333333333526,0.0,0.0,0.0008333333333332971,0.0,0.0016666666666665941,0.0006749999999999794,,False,False,5,1680,0.19212694350920345,10,0.14285714285714285,1.1428571428571428,0.14285714285714285,0.0,0.905952380952381,0.02261904761904762,0.008333333333333333,0.0,0.004166666666666667,0.014285714285714285,0.0,0.008333333333333333,0.004761904761904762,0.02142857142857143,0.0,0.01011904761904762,1,100,1,100,1,100,1,100,1,100,1,100,1,100,1,100,1,100,1,100
150,20.25,10.03452380952381,-10.0,5.166119265493793,20.25,0.2701666666666667,0.35708333333333336,0.22830188679245286,0.1891891891891892,0.30666666666666664,0.255,0.4377777777777778,0.3065666666666667,0.0,0.0,0.0,0.0,0.0,0.0,0.0,0.0,,False,False,5,1680,0.1978280015903572,11,0.15714285714285714,1.1571428571428573,0.12857142857142856,0.0,0.905952380952381,0.017261904761904763,0.002976190476190476,0.01488095238095238,0.002380952380952381,0.008928571428571428,0.015476190476190477,0.0011904761904761906,0.0,0.004761904761904762,0.011904761904761904,0.014285714285714285,1,100,1,100,1,100,1,100,1,100,1,100,1,100,1,100,1,100,1,100
151,19.0,10.028571428571428,-10.0,5.972936412498889,16.333333333333336,0.18466666666666667,0.32833333333333337,0.09433962264150944,0.08108108108108109,0.25,0.16999999999999998,0.35583333333333333,0.23174166666666665,0.000333333333333341,0.0008333333333333526,0.0,0.0,0.0,0.0,0.0,0.0001333333333333364,,False,False,5,1680,0.1963986624017277,10,0.14285714285714285,1.2142857142857142,0.17142857142857143,0.0,0.905952380952381,0.0011904761904761906,0.0,0.008333333333333333,0.002380952380952381,0.007738095238095238,0.0017857142857142857,0.007142857142857143,0.018452380952380953,0.020833333333333332,0.011904761904761904,0.014285714285714285,1,100,1,100,1,100,1,100,1,100,1,100,1,100,1,100,1,100,1,100
152,18.0,10.007142857142858,-8.5,5.85946092340628,18.0,0.22233333333333336,0.27166666666666667,0.18962264150943398,0.1891891891891892,0.34,0.2511111111111111,0.5075000000000001,0.3091694444444445,0.0,0.0,0.0,0.0,0.0,0.0,0.0,0.0,,False,False,5,1680,0.2106982651391013,11,0.15714285714285714,1.1428571428571428,0.12857142857142856,0.0,0.8952380952380953,0.025,0.0,0.004761904761904762,0.017261904761904763,0.014285714285714285,0.0,0.01488095238095238,0.0005952380952380953,0.002380952380952381,0.011904761904761904,0.01369047619047619,1,100,1,100,1,100,1,100,1,100,1,100,1,100,1,100,1,100,1,100
153,19.5,10.123809523809523,-8.0,5.0212987406729646,18.5,0.20566666666666666,0.29750000000000004,0.16981132075471697,0.10810810810810811,0.38333333333333336,0.30416666666666664,0.37916666666666665,0.30372499999999997,-0.0063333333333333245,-0.01583333333333331,0.0,0.0,0.0,0.0,0.03500000000000003,0.0027166666666666745,,False,False,5,1680,0.1945390569180445,12,0.17142857142857143,1.1857142857142857,0.18571428571428572,0.0,0.9029761904761905,0.014285714285714285,0.014285714285714285,0.010714285714285714,0.0,0.0005952380952380953,0.0,0.005357142857142857,0.0,0.02857142857142857,0.008928571428571428,0.014285714285714285,1,100,1,100,1,100,1,100,1,100,1,100,1,100,1,100,1,100,1,100
154,24.5,9.539285714285715,-9.75,7.097488956651917,18.0,0.24622222222222226,0.3630555555555556,0.1716981132075472,0.1635135135135135,0.4416666666666667,0.34611111111111115,0.2866666666666667,0.33068333333333333,0.0,0.0,0.0,0.0,0.0,0.0,0.0,0.0,,False,False,5,1680,0.24618470767811895,15,0.21428571428571427,1.2571428571428571,0.22857142857142856,0.0,0.8726190476190476,0.002380952380952381,0.004166666666666667,0.020833333333333332,0.01011904761904762,0.024404761904761905,0.02142857142857143,0.0011904761904761906,0.02738095238095238,0.014285714285714285,0.0011904761904761906,0.0,1,100,1,100,1,100,1,100,1,100,1,100,1,100,1,100,1,100,1,100
155,18.25,10.089285714285714,-11.5,5.482499600615425,18.25,0.2951666666666667,0.43625000000000014,0.24716981132075475,0.13513513513513514,0.30333333333333334,0.16999999999999998,0.37333333333333335,0.29723333333333335,0.014666666666666694,0.036666666666666736,0.0,0.0,0.0,0.033333333333333326,0.0,0.00920000000000001,,False,False,5,1680,0.21621338459921471,12,0.17142857142857143,1.1571428571428573,0.15714285714285714,0.0,0.8892857142857142,0.02619047619047619,0.014285714285714285,0.018452380952380953,0.007142857142857143,0.0,0.0,0.0,0.0,0.008928571428571428,0.02142857142857143,0.014285714285714285,1,100,1,100,1,100,1,100,1,100,1,100,1,100,1,100,1,100,1,100
156,19.75,9.735714285714286,-10.0,6.654601752907226,16.75,0.228,0.37,0.09433962264150944,0.1891891891891892,0.4469444444444445,0.2916666666666667,0.5433333333333333,0.3582972222222222,-0.007000000000000029,-0.01750000000000007,0.0,0.0,0.034999999999999976,0.0,0.03499999999999992,0.014699999999999967,,False,False,5,1680,0.20444539142563636,12,0.17142857142857143,1.2,0.17142857142857143,0.0,0.8994047619047619,0.0005952380952380953,0.0,0.005357142857142857,0.0,0.014285714285714285,0.018452380952380953,0.014285714285714285,0.017857142857142856,0.017857142857142856,0.0017857142857142857,0.01011904761904762,1,100,1,100,1,100,1,100,1,100,1,100,1,100,1,100,1,100,1,100
157,18.5,10.045238095238094,-8.5,5.031935427811039,16.5,0.19133333333333336,0.3608333333333334,0.09528301886792452,0.05405405405405406,0.2533333333333333,0.26361111111111113,0.5383333333333333,0.2723111111111111,0.0,0.0,0.0,0.0,0.0,0.0,0.0,0.0,,False,False,5,1680,0.270704368521059,18,0.2571428571428571,1.542857142857143,0.4714285714285714,0.0,0.8541666666666666,0.03333333333333333,0.007738095238095238,0.03511904761904762,0.0017857142857142857,0.008928571428571428,0.01130952380952381,0.0,0.0,0.030952380952380953,0.006547619047619048,0.01011904761904762,1,100,1,100,1,100,1,100,1,100,1,100,1,100,1,100,1,100,1,100
158,23.0,9.867857142857142,-11.5,6.585751407291309,23.0,0.2826666666666667,0.4566666666666667,0.18867924528301888,0.13513513513513514,0.29,0.21694444444444444,0.25666666666666665,0.2747611111111111,0.0,0.0,0.0,0.0,0.0,0.0,0.0,0.0,,False,False,5,1680,0.20595464942607813,12,0.17142857142857143,1.1285714285714286,0.12857142857142856,0.0,0.9011904761904762,0.014285714285714285,0.0125,0.004166666666666667,0.0,0.0,0.008928571428571428,0.014285714285714285,0.0017857142857142857,0.014285714285714285,0.014285714285714285,0.014285714285714285,1,100,1,100,1,100,1,100,1,100,1,100,1,100,1,100,1,100,1,100
159,19.0,9.73452380952381,-8.0,5.668247203549278,19.0,0.22166666666666668,0.30333333333333334,0.11415094339622642,0.24324324324324326,0.2025,0.3516666666666667,0.4486111111111112,0.262,0.0,0.0,0.0,0.0,0.0,0.0,0.0,0.0,,False,False,5,1680,0.21239502678589223,10,0.14285714285714285,1.1,0.08571428571428572,0.0,0.8982142857142857,0.0,0.0125,0.0017857142857142857,0.008333333333333333,0.025,0.014285714285714285,0.014285714285714285,0.008333333333333333,0.004761904761904762,0.005952380952380952,0.006547619047619048,1,100,1,100,1,100,1,100,1,100,1,100,1,100,1,100,1,100,1,100
160,22.833333333333332,9.810714285714285,-10.0,5.894423673454163,16.0,0.2846666666666667,0.4100000000000001,0.1707547169811321,0.24459459459459462,0.3891666666666667,0.41944444444444445,0.5583333333333333,0.3757694444444445,0.0,0.0,0.0,0.0,0.0,0.03500000000000003,0.0,0.003500000000000003,,False,False,5,1680,0.20409706437749814,13,0.18571428571428572,1.2714285714285714,0.21428571428571427,0.0,0.8946428571428572,0.0,0.02261904761904762,0.029166666666666667,0.0,0.0,0.007738095238095238,0.002380952380952381,0.0,0.01488095238095238,0.017857142857142856,0.010714285714285714,1,100,1,100,1,100,1,100,1,100,1,100,1,100,1,100,1,100,1,100
161,22.75,9.757142857142858,-10.25,6.399400747880444,16.833333333333336,0.20733333333333337,0.3841666666666667,0.09433962264150944,0.08243243243243242,0.205,0.32583333333333336,0.4866666666666667,0.2602666666666667,0.00666666666666667,0.0,0.018867924528301896,0.0,0.03666666666666665,-0.033333333333333326,0.0,0.012166666666666664,,False,False,5,1680,0.24397356828230998,16,0.22857142857142856,1.1857142857142857,0.17142857142857143,0.0,0.8761904761904762,0.0,0.0,0.005357142857142857,0.014285714285714285,0.014285714285714285,0.03273809523809524,0.014285714285714285,0.01011904761904762,0.01607142857142857,0.014285714285714285,0.002380952380952381,1,100,1,100,1,100,1,100,1,100,1,100,1,100,1,100,1,100,1,100
162,20.25,10.025,-12.5,6.18166371374578,19.25,0.23333333333333328,0.3466666666666666,0.15377358490566037,0.1635135135135135,0.2725,0.45166666666666677,0.5075000000000001,0.31,0.0,0.0,0.0,0.0,0.03500000000000006,-0.034999999999999976,0.0,0.008750000000000022,,False,False,5,1680,0.2510664750863009,13,0.18571428571428572,1.1571428571428573,0.12857142857142856,0.0,0.8726190476190476,0.016666666666666666,0.014285714285714285,0.014285714285714285,0.014285714285714285,0.002380952380952381,0.030952380952380953,0.0,0.0011904761904761906,0.019642857142857142,0.004761904761904762,0.008928571428571428,1,100,1,100,1,100,1,100,1,100,1,100,1,100,1,100,1,100,1,100
163,18.333333333333332,9.597619047619046,-12.5,6.456923370339069,17.0,0.21783333333333335,0.3245833333333334,0.17169811320754716,0.1108108108108108,0.2633333333333333,0.345,0.35416666666666674,0.26692499999999997,0.024333333333333353,0.026666666666666727,0.03867924528301886,0.0,0.033333333333333326,-0.016666666666666663,-0.033333333333333326,0.014733333333333341,,False,False,5,1680,0.21506767809606966,13,0.18571428571428572,1.2,0.17142857142857143,0.0,0.8809523809523809,0.0017857142857142857,0.004761904761904762,0.0,0.0,0.0035714285714285713,0.03869047619047619,0.009523809523809525,0.0,0.0005952380952380953,0.022023809523809525,0.0380952380952381,1,100,1,100,1,100,1,100,1,100,1,100,1,100,1,100,1,100,1,100
164,19.5,9.867857142857142,-14.0,6.247102389532776,19.5,0.252,0.3283333333333333,0.22735849056603774,0.1635135135135135,0.2883333333333333,0.36125,0.2,0.26784166666666664,0.013999999999999992,0.034999999999999976,0.0,0.0,-0.033333333333333326,0.10666666666666669,0.033333333333333354,0.009600000000000006,,False,False,5,1680,0.23003642020568663,13,0.18571428571428572,1.1,0.1,0.0,0.8809523809523809,0.014285714285714285,0.014285714285714285,0.015476190476190477,0.013095238095238096,0.015476190476190477,0.03214285714285714,0.014285714285714285,0.0,0.0,0.0,0.0,1,100,1,100,1,100,1,100,1,100,1,100,1,100,1,100,1,100,1,100
165,20.5,9.977380952380951,-12.5,6.117077341678919,18.833333333333336,0.2992222222222222,0.46388888888888885,0.22735849056603774,0.13513513513513514,0.27166666666666667,0.35527777777777775,0.3058333333333333,0.29617499999999997,0.0003333333333332966,0.0008333333333332416,0.0,0.0,0.0,0.0,0.0,0.00013333333333331865,,False,False,5,1680,0.2177278221653846,10,0.14285714285714285,1.1,0.1,0.0,0.888095238095238,0.02261904761904762,0.006547619047619048,0.0,0.0,0.011904761904761904,0.01369047619047619,0.0,0.0,0.02857142857142857,0.01369047619047619,0.01488095238095238,1,100,1,100,1,100,1,100,1,100,1,100,1,100,1,100,1,100,1,100
166,19.75,9.85,-9.75,6.150164535158699,18.25,0.2485,0.3870833333333333,0.1518867924528302,0.16216216216216217,0.3549999999999999,0.3808333333333334,0.3741666666666667,0.3178583333333333,0.0,0.0,0.0,0.0,0.0,0.0,0.0,0.0,,False,False,5,1680,0.21316344863942047,9,0.12857142857142856,1.0714285714285714,0.05714285714285714,0.0,0.893452380952381,0.014285714285714285,0.0,0.008333333333333333,0.014285714285714285,0.0,0.01011904761904762,0.02857142857142857,0.014285714285714285,0.01369047619047619,0.0,0.002976190476190476,1,100,1,100,1,100,1,100,1,100,1,100,1,100,1,100,1,100,1,100
167,19.25,9.538095238095238,-12.25,6.566897592541679,18.0,0.24883333333333335,0.42125,0.1707547169811321,0.08108108108108109,0.3733333333333333,0.4608333333333334,0.47250000000000003,0.34715833333333335,0.0,0.0,0.0,0.0,0.03500000000000003,0.0,0.033333333333333326,0.01725000000000001,,False,False,5,1680,0.2296238217187372,12,0.17142857142857143,1.1714285714285715,0.14285714285714285,0.0,0.8845238095238095,0.002380952380952381,0.0,0.014285714285714285,0.01011904761904762,0.0017857142857142857,0.016666666666666666,0.0,0.02619047619047619,0.009523809523809525,0.014285714285714285,0.02023809523809524,1,100,1,100,1,100,1,100,1,100,1,100,1,100,1,100,1,100,1,100
168,20.0,9.73452380952381,-13.25,6.520987071930924,19.75,0.22350000000000003,0.34041666666666676,0.1150943396226415,0.1891891891891892,0.20666666666666664,0.3108333333333333,0.44166666666666665,0.25906666666666667,0.014000000000000004,0.017500000000000016,0.019811320754716977,0.0,0.034999999999999976,0.0,0.0,0.01784999999999999,,False,False,5,1680,0.18486931986976657,9,0.12857142857142856,1.0714285714285714,0.05714285714285714,0.0,0.9083333333333333,0.0,0.0011904761904761906,0.0,0.0,0.014285714285714285,0.01607142857142857,0.0,0.0125,0.01488095238095238,0.018452380952380953,0.014285714285714285,1,100,1,100,1,100,1,100,1,100,1,100,1,100,1,100,1,100,1,100
169,18.25,9.989285714285716,-11.5,5.413898952764845,15.5,0.20866666666666667,0.2875,0.18962264150943398,0.10810810810810811,0.1375,0.5327777777777779,0.35500000000000004,0.23811944444444447,-0.006333333333333346,-0.015833333333333366,0.0,0.0,0.035,0.10500000000000004,0.0,0.020216666666666668,,False,False,5,1680,0.17842659840564698,7,0.1,1.0714285714285714,0.02857142857142857,0.0,0.9142857142857143,0.014285714285714285,0.0011904761904761906,0.01011904761904762,0.01488095238095238,0.0,0.017857142857142856,0.006547619047619048,0.0,0.005952380952380952,0.0,0.01488095238095238,1,100,1,100,1,100,1,100,1,100,1,100,1,100,1,100,1,100,1,100
170,20.5,10.066666666666666,-8.5,5.684104821257928,16.25,0.20533333333333334,0.38,0.07547169811320754,0.10810810810810811,0.255,0.27666666666666667,0.4066666666666668,0.26005,0.003666666666666636,0.025833333333333264,-0.018867924528301896,0.0,0.033333333333333354,-0.015000000000000013,-0.033333333333333326,0.006633333333333328,,False,False,5,1680,0.20045162470446615,10,0.14285714285714285,1.0857142857142856,0.08571428571428572,0.0,0.8982142857142857,0.015476190476190477,0.01369047619047619,0.0,0.0005952380952380953,0.0,0.015476190476190477,0.027976190476190477,0.0011904761904761906,0.0,0.013095238095238096,0.014285714285714285,1,100,1,100,1,100,1,100,1,100,1,100,1,100,1,100,1,100,1,100
171,19.0,9.913809523809523,-11.75,6.2083731040135985,19.0,0.2568333333333333,0.35625,0.20943396226415092,0.1635135135135135,0.34500000000000003,0.2766666666666666,0.42666666666666675,0.31515,0.0,0.0,0.0,0.0,0.018333333333333313,0.0050000000000000044,0.0,0.0069166666666666595,,False,False,5,1680,0.21622953143808413,10,0.14285714285714285,1.1428571428571428,0.11428571428571428,0.0,0.8922619047619048,0.01369047619047619,0.025,0.004761904761904762,0.023214285714285715,0.014285714285714285,0.007738095238095238,0.0125,0.0011904761904761906,0.005357142857142857,0.0,0.0,1,100,1,100,1,100,1,100,1,100,1,100,1,100,1,100,1,100,1,100
172,20.083333333333336,9.567857142857143,-17.0,6.620424338668655,17.083333333333332,0.2903333333333334,0.39083333333333337,0.22830188679245284,0.21621621621621623,0.3516666666666667,0.20833333333333334,0.34166666666666673,0.3113,0.007333333333333338,-0.01583333333333331,0.03867924528301886,0.0,0.033333333333333326,-0.014999999999999986,-0.033333333333333326,0.008100000000000003,,False,False,5,1680,0.22593530643617424,13,0.18571428571428572,1.1428571428571428,0.12857142857142856,0.0,0.8845238095238095,0.014285714285714285,0.019642857142857142,0.014285714285714285,0.0,0.0011904761904761906,0.029166666666666667,0.0,0.0,0.008333333333333333,0.014285714285714285,0.014285714285714285,1,100,1,100,1,100,1,100,1,100,1,100,1,100,1,100,1,100,1,100
173,20.083333333333336,9.864285714285714,-10.75,6.3899128628298065,20.083333333333336,0.23266666666666672,0.3141666666666667,0.07547169811320754,0.3256756756756757,0.26999999999999996,0.34500000000000003,0.23666666666666666,0.25756666666666667,0.00033333333333332546,0.016666666666666663,-0.018867924528301896,0.0013513513513513375,0.0,0.03500000000000003,0.0,0.0036333333333333335,,False,False,5,1680,0.19625727112217772,9,0.12857142857142856,1.0714285714285714,0.05714285714285714,0.0,0.9041666666666667,0.0,0.0005952380952380953,0.004166666666666667,0.018452380952380953,0.0017857142857142857,0.014285714285714285,0.014285714285714285,0.014285714285714285,0.009523809523809525,0.018452380952380953,0.0,1,100,1,100,1,100,1,100,1,100,1,100,1,100,1,100,1,100,1,100
174,20.0,9.892857142857142,-10.5,5.397293980591123,20.0,0.25166666666666665,0.3441666666666666,0.22735849056603774,0.13648648648648648,0.3891666666666666,0.2425,0.3619444444444444,0.3154166666666666,0.003999999999999987,-0.025000000000000022,0.019811320754716977,0.028378378378378366,0.0,0.035,-0.033333333333333326,9.999999999999679e-05,,False,False,5,1680,0.16729953138401166,8,0.11428571428571428,1.0857142857142856,0.07142857142857142,0.0,0.9184523809523809,0.014285714285714285,0.024404761904761905,0.0,0.004166666666666667,0.01011904761904762,0.0,0.0,0.006547619047619048,0.0,0.006547619047619048,0.015476190476190477,1,100,1,100,1,100,1,100,1,100,1,100,1,100,1,100,1,100,1,100
175,19.75,9.935714285714285,-10.0,6.816270384170024,18.75,0.21316666666666667,0.33125,0.11415094339622642,0.1635135135135135,0.3416666666666667,0.4083333333333334,0.3775,0.30230833333333335,-0.030333333333333354,-0.09333333333333338,0.0,0.028378378378378366,0.13833333333333336,0.0,0.03666666666666668,0.04178333333333334,-0.004825833333333308,False,False,5,1680,0.17648215774833942,10,0.14285714285714285,1.1285714285714286,0.1,0.0,0.9101190476190476,0.005952380952380952,0.002380952380952381,0.0,0.0,0.0005952380952380953,0.04047619047619048,0.002380952380952381,0.0035714285714285713,0.008333333333333333,0.014285714285714285,0.011904761904761904,1,100,1,100,1,100,1,100,1,100,1,100,1,100,1,100,1,100,1,100
176,19.833333333333332,9.920238095238094,-9.5,5.7592650633822,19.5,0.27433333333333343,0.43333333333333346,0.18962264150943398,0.13783783783783782,0.23916666666666667,0.20249999999999999,0.305,0.2594416666666667,0.007666666666666668,0.0008333333333333526,0.0,0.029729729729729704,0.10333333333333333,0.0,0.06833333333333333,0.04948333333333334,0.007677499999999985,False,False,5,1680,0.21014338214047146,9,0.12857142857142856,1.0714285714285714,0.05714285714285714,0.0,0.8988095238095238,0.002976190476190476,0.014285714285714285,0.014285714285714285,0.008333333333333333,0.0125,0.016666666666666666,0.014285714285714285,0.0035714285714285713,0.0,0.014285714285714285,0.0,1,100,1,100,1,100,1,100,1,100,1,100,1,100,1,100,1,100,1,100
177,18.0,10.120238095238095,-8.5,5.23068320286246,17.5,0.228,0.31583333333333335,0.19056603773584904,0.13918918918918918,0.37833333333333335,0.22944444444444442,0.41000000000000003,0.3080611111111111,0.0049999999999999645,-0.00500000000000006,0.01981132075471695,0.0,0.003333333333333355,0.0016666666666666496,0.03833333333333333,0.009083333333333325,,False,False,5,1680,0.1712281434164602,8,0.11428571428571428,1.0571428571428572,0.02857142857142857,0.0,0.9130952380952381,0.014285714285714285,0.014285714285714285,0.0,0.0,0.0,0.0,0.0,0.023214285714285715,0.014285714285714285,0.0017857142857142857,0.01904761904761905,1,100,1,100,1,100,1,100,1,100,1,100,1,100,1,100,1,100,1,100
178,19.5,9.785714285714286,-11.5,6.039890074235088,16.083333333333336,0.2375,0.3745833333333334,0.19150943396226416,0.08108108108108109,0.17166666666666666,0.41166666666666674,0.4450000000000001,0.263,0.019166666666666686,0.03708333333333336,0.031132075471698134,-0.02702702702702703,0.020833333333333315,0.0016666666666666496,0.1566666666666668,0.038625000000000013,0.026676666666666644,True,False,5,1680,0.1914396774319099,8,0.11428571428571428,1.0571428571428572,0.04285714285714286,0.0,0.9,0.0,0.0,0.01488095238095238,0.013095238095238096,0.02023809523809524,0.014285714285714285,0.033928571428571426,0.002380952380952381,0.0011904761904761906,0.0,0.0,1,100,1,100,1,100,1,100,1,100,1,100,1,100,1,100,1,100,1,100
179,21.083333333333332,9.45,-11.0,6.045058981948654,16.75,0.3126666666666667,0.4800000000000001,0.1716981132075472,0.24324324324324326,0.23916666666666664,0.10333333333333332,0.275,0.26035833333333336,0.0,0.0,0.0,0.0,0.07,0.0008333333333333248,-0.014999999999999958,0.022333333333333337,,False,False,5,1680,0.17871007438451056,7,0.1,1.0571428571428572,0.04285714285714286,0.0,0.9142857142857143,0.015476190476190477,0.014285714285714285,0.014285714285714285,0.009523809523809525,0.013095238095238096,0.002380952380952381,0.0,0.0,0.0,0.014285714285714285,0.002380952380952381,1,100,1,100,1,100,1,100,1,100,1,100,1,100,1,100,1,100,1,100
180,19.25,9.792857142857143,-10.5,5.776126682802439,16.0,0.20833333333333334,0.32083333333333336,0.1320754716981132,0.13513513513513514,0.4758333333333334,0.27249999999999996,0.3416666666666667,0.32837500000000003,0.003666666666666685,0.025833333333333375,-0.018867924528301883,0.0,0.03500000000000003,0.035,0.0533333333333334,0.025216666666666693,,False,False,5,1680,0.1488347064372713,8,0.11428571428571428,1.0857142857142856,0.07142857142857142,0.0,0.9261904761904762,0.0035714285714285713,0.0,0.0,0.0,0.0005952380952380953,0.017261904761904763,0.0017857142857142857,0.023214285714285715,0.013095238095238096,0.0,0.014285714285714285,1,100,1,100,1,100,1,100,1,100,1,100,1,100,1,100,1,100,1,100
181,21.0,10.103571428571428,-6.5,5.007879420724605,21.0,0.2311666666666667,0.2895833333333334,0.1349056603773585,0.27432432432432435,0.3416666666666667,0.3433333333333334,0.4241666666666667,0.31000833333333333,0.04650000000000002,0.04458333333333339,0.021698113207547165,0.08513513513513515,0.07,0.03500000000000003,-0.1183333333333334,0.028850000000000008,-0.014558333333333326,False,False,5,1680,0.16815617059931634,7,0.1,1.0857142857142856,0.07142857142857142,0.0,0.9142857142857143,0.011904761904761904,0.0125,0.002380952380952381,0.016666666666666666,0.0,0.009523809523809525,0.03214285714285714,0.0,0.0005952380952380953,0.0,0.0,1,100,1,100,1,100,1,100,1,100,1,100,1,100,1,100,1,100,1,100
182,22.166666666666668,10.364285714285714,-9.916666666666666,6.233886711949052,19.25,0.29105555555555557,0.4034722222222223,0.2339622641509434,0.19054054054054054,0.2733333333333333,0.5808333333333333,0.31,0.3166722222222222,0.05000000000000003,-0.03166666666666662,0.1386792452830189,0.055405405405405395,-0.031666666666666676,0.06999999999999995,-0.015000000000000013,0.013666666666666672,,False,False,5,1680,0.18480936903706455,10,0.14285714285714285,1.0571428571428572,0.05714285714285714,0.0,0.9107142857142857,0.014285714285714285,0.0,0.0,0.0017857142857142857,0.014285714285714285,0.0,0.014285714285714285,0.014285714285714285,0.002976190476190476,0.013095238095238096,0.014285714285714285,1,100,1,100,1,100,1,100,1,100,1,100,1,100,1,100,1,100,1,100
183,21.25,10.00595238095238,-11.5,6.571498123337936,18.0,0.246,0.32500000000000007,0.2518867924528302,0.10945945945945945,0.25166666666666665,0.3641666666666667,0.30833333333333335,0.26915,0.023000000000000017,-0.0658333333333333,0.1009433962264151,0.055405405405405395,0.06833333333333333,0.02555555555555561,-0.16666666666666663,0.010672222222222236,,False,False,5,1680,0.1866253998975679,7,0.1,1.0285714285714285,0.014285714285714285,0.0,0.9053571428571429,0.0005952380952380953,0.0,0.0,0.014285714285714285,0.014285714285714285,0.02857142857142857,0.014285714285714285,0.014285714285714285,0.008333333333333333,0.0,0.0,1,100,1,100,1,100,1,100,1,100,1,100,1,100,1,100,1,100,1,100
184,21.0,10.367857142857142,-10.75,5.712411523005259,20.5,0.2465,0.3270833333333334,0.23113207547169812,0.13783783783783782,0.41000000000000003,0.35000000000000003,0.33999999999999997,0.32809999999999995,0.04083333333333332,-0.003750000000000031,0.1179245283018868,0.002702702702702675,0.07333333333333336,0.03916666666666668,0.038333333333333275,0.05166666666666666,0.03715166666666664,True,False,5,1680,0.2009924234879752,10,0.14285714285714285,1.1285714285714286,0.1,0.0,0.9047619047619048,0.014285714285714285,0.01607142857142857,0.007738095238095238,0.0,0.0005952380952380953,0.006547619047619048,0.0035714285714285713,0.005952380952380952,0.008333333333333333,0.01369047619047619,0.018452380952380953,1,100,1,100,1,100,1,100,1,100,1,100,1,100,1,100,1,100,1,100
185,21.0,9.084523809523809,-13.0,6.912426882663083,21.0,0.2361666666666667,0.33291666666666675,0.2160377358490566,0.10810810810810811,0.3425,0.4483333333333334,0.275,0.300425,0.033666666666666685,-0.0058333333333333015,0.1018867924528302,0.0,0.12888888888888891,0.03666666666666668,0.08833333333333337,0.07549444444444446,-0.014392500000000023,False,False,5,1680,0.1963717319342604,9,0.12857142857142856,1.0285714285714285,0.02857142857142857,0.0,0.8994047619047619,0.0,0.0,0.0,0.0,0.014285714285714285,0.014285714285714285,0.016666666666666666,0.02619047619047619,0.014285714285714285,0.01488095238095238,0.0,1,100,1,100,1,100,1,100,1,100,1,100,1,100,1,100,1,100,1,100
186,22.5,9.775,-7.5,5.001276622737724,17.0,0.29900000000000004,0.4258333333333334,0.25094339622641515,0.16216216216216217,0.275,0.18999999999999997,0.4616666666666667,0.30410000000000004,0.049666666666666706,0.08666666666666673,0.061320754716981174,-0.02702702702702703,0.07000000000000003,-0.033333333333333326,-0.04999999999999999,0.03353333333333336,,False,False,5,1680,0.1856410853039801,9,0.12857142857142856,1.0571428571428572,0.05714285714285714,0.0,0.9077380952380952,0.014285714285714285,0.002976190476190476,0.014285714285714285,0.02142857142857143,0.02023809523809524,0.0,0.01130952380952381,0.0,0.0,0.0,0.007738095238095238,1,100,1,100,1,100,1,100,1,100,1,100,1,100,1,100,1,100,1,100
187,20.5,9.563095238095238,-9.5,6.5863078830716875,17.5,0.30150000000000005,0.29875000000000007,0.3056603773584906,0.3,0.44333333333333336,0.29,0.37416666666666665,0.3608916666666667,-0.017333333333333308,-0.06416666666666665,0.003773584905660432,0.028378378378378366,0.03666666666666668,-0.03333333333333338,0.12083333333333335,0.020691666666666678,,False,False,5,1680,0.18990502562154443,12,0.17142857142857143,1.1285714285714286,0.12857142857142856,0.0,0.906547619047619,0.0,0.004761904761904762,0.0,0.0,0.0,0.01369047619047619,0.014285714285714285,0.014285714285714285,0.011904761904761904,0.01488095238095238,0.019642857142857142,1,100,1,100,1,100,1,100,1,100,1,100,1,100,1,100,1,100,1,100
188,18.75,9.982142857142858,-6.5,6.143519828596124,18.25,0.22,0.29750000000000004,0.1518867924528302,0.19189189189189187,0.3416666666666667,0.55,0.3225,0.31095833333333334,0.041666666666666664,0.051666666666666666,0.019811320754717004,0.05675675675675673,0.036666666666666736,0.10666666666666669,-0.06833333333333336,0.02991666666666669,,False,False,5,1680,0.19136067474455495,7,0.1,1.0142857142857142,0.014285714285714285,0.0,0.9,0.0,0.0035714285714285713,0.014285714285714285,0.02857142857142857,0.014285714285714285,0.014285714285714285,0.025,0.0,0.0,0.0,0.0,1,100,1,100,1,100,1,100,1,100,1,100,1,100,1,100,1,100,1,100
189,19.5,9.904761904761905,-12.0,5.8187451211219505,16.5,0.23666666666666666,0.32166666666666666,0.19245283018867923,0.16216216216216217,0.31,0.2966666666666667,0.34500000000000003,0.28458333333333335,-0.011333333333333362,-0.03166666666666673,0.02264150943396226,-0.02702702702702703,0.003333333333333355,0.07000000000000003,0.0050000000000000044,0.004383333333333334,,False,False,5,1680,0.1976663575905873,8,0.11428571428571428,1.0142857142857142,0.014285714285714285,0.0,0.9029761904761905,0.014285714285714285,0.014285714285714285,0.0,0.01130952380952381,0.0,0.0,0.0,0.014285714285714285,0.014285714285714285,0.014285714285714285,0.014285714285714285,1,100,1,100,1,100,1,100,1,100,1,100,1,100,1,100,1,100,1,100
190,19.5,10.132142857142858,-10.0,6.31025703286813,18.0,0.253,0.3983333333333334,0.18962264150943398,0.10810810810810811,0.2766666666666666,0.3991666666666668,0.475,0.30920000000000003,-7.771561172376097e-18,-0.0008333333333333526,0.0009433962264150941,0.0,0.07166666666666663,0.07166666666666677,-0.016666666666666663,0.02974999999999999,,False,False,5,1680,0.2038843144259731,8,0.11428571428571428,1.0571428571428572,0.04285714285714286,0.0,0.9,0.0,0.01369047619047619,0.014285714285714285,0.014285714285714285,0.011904761904761904,0.0,0.02023809523809524,0.009523809523809525,0.014285714285714285,0.0017857142857142857,0.0,1,100,1,100,1,100,1,100,1,100,1,100,1,100,1,100,1,100,1,100
191,21.25,10.057142857142857,-13.5,6.821731481681411,21.0,0.30066666666666675,0.43083333333333346,0.25,0.16216216216216217,0.37833333333333335,0.3816666666666667,0.45833333333333337,0.35960000000000003,0.026000000000000013,0.028333333333333377,0.04150943396226414,0.0,0.003333333333333355,0.09166666666666673,0.07,0.031233333333333353,,False,False,5,1680,0.1773207878897429,8,0.11428571428571428,1.042857142857143,0.02857142857142857,0.0,0.9107142857142857,0.0005952380952380953,0.014285714285714285,0.014285714285714285,0.0,0.027976190476190477,0.0011904761904761906,0.0,0.0,0.002380952380952381,0.014285714285714285,0.014285714285714285,1,100,1,100,1,100,1,100,1,100,1,100,1,100,1,100,1,100,1,100
192,22.25,9.960714285714285,-10.5,6.563649316267497,18.25,0.22600000000000003,0.2783333333333334,0.15377358490566037,0.24459459459459462,0.32,0.2494444444444444,0.5558333333333334,0.31071944444444444,-0.0063333333333333314,-0.016666666666666663,0.0009433962264150941,0.0,0.03666666666666668,0.0,0.0,0.010300000000000004,,False,False,5,1680,0.20440757216997793,9,0.12857142857142856,1.0857142857142856,0.07142857142857142,0.0,0.8994047619047619,0.011904761904761904,0.02619047619047619,0.002380952380952381,0.0125,0.014285714285714285,0.0011904761904761906,0.0,0.014285714285714285,0.013095238095238096,0.004761904761904762,0.0,1,100,1,100,1,100,1,100,1,100,1,100,1,100,1,100,1,100,1,100
193,19.5,10.188095238095238,-8.25,5.4716927699485725,18.5,0.16922222222222222,0.2530555555555556,0.07735849056603773,0.16486486486486485,0.3266666666666666,0.18916666666666668,0.3775,0.25756388888888887,0.008333333333333331,0.017500000000000016,-0.03584905660377359,0.05675675675675673,0.09555555555555548,-0.03166666666666665,0.10500000000000004,0.04936111111111109,0.0011508333333333366,False,False,5,1680,0.20790057286560534,11,0.15714285714285714,1.0857142857142856,0.08571428571428572,0.0,0.8970238095238096,0.014285714285714285,0.014285714285714285,0.014285714285714285,0.014285714285714285,0.019642857142857142,0.01130952380952381,0.0005952380952380953,0.014285714285714285,0.0,0.0,0.0,1,100,1,100,1,100,1,100,1,100,1,100,1,100,1,100,1,100,1,100
194,20.5,10.242857142857142,-10.75,6.347942781013421,17.5,0.2838333333333333,0.4195833333333334,0.13584905660377358,0.27567567567567564,0.275,0.3441666666666667,0.5508333333333334,0.326825,0.04066666666666667,0.04750000000000004,0.020754716981132085,0.05810810810810804,0.10500000000000004,0.01916666666666661,-0.05861111111111106,0.04614166666666669,0.027690833333333338,False,False,5,1680,0.16098720596533064,8,0.11428571428571428,1.0857142857142856,0.05714285714285714,0.0,0.9220238095238096,0.015476190476190477,0.0,0.0,0.0,0.0011904761904761906,0.002976190476190476,0.014285714285714285,0.008333333333333333,0.0011904761904761906,0.014285714285714285,0.02023809523809524,1,100,1,100,1,100,1,100,1,100,1,100,1,100,1,100,1,100,1,100
195,20.75,10.123809523809523,-9.083333333333334,6.529507851983611,19.5,0.2703333333333334,0.31750000000000006,0.25377358490566043,0.2175675675675676,0.34666666666666673,0.3833333333333334,0.31,0.3143,0.031000000000000028,-0.030833333333333324,0.10283018867924534,0.028378378378378394,0.10750000000000007,0.040000000000000036,-0.04500000000000004,0.047275000000000025,0.0383858333333333,True,False,5,1680,0.19014018891222806,9,0.12857142857142856,1.1142857142857143,0.07142857142857142,0.0,0.905952380952381,0.0035714285714285713,0.007738095238095238,0.0,0.014285714285714285,0.0011904761904761906,0.011904761904761904,0.025595238095238095,0.015476190476190477,0.014285714285714285,0.0,0.0,1,100,1,100,1,100,1,100,1,100,1,100,1,100,1,100,1,100,1,100
196,19.5,10.253571428571428,-9.5,5.450342855719992,17.5,0.2918333333333334,0.39125000000000004,0.23113207547169812,0.2175675675675676,0.29083333333333333,0.4175000000000001,0.38,0.31727500000000003,0.06666666666666667,0.09583333333333333,0.060377358490566024,0.028378378378378394,0.03833333333333333,0.0672222222222223,0.03749999999999998,0.052430555555555564,0.028250000000000004,True,False,5,1680,0.17714407867247212,8,0.11428571428571428,1.1,0.07142857142857142,0.0,0.9136904761904762,0.009523809523809525,0.002380952380952381,0.002380952380952381,0.0125,0.0,0.0011904761904761906,0.01488095238095238,0.0,0.02619047619047619,0.002976190476190476,0.014285714285714285,1,100,1,100,1,100,1,100,1,100,1,100,1,100,1,100,1,100,1,100
197,21.0,9.764285714285714,-10.75,6.779330330341718,21.0,0.2676666666666667,0.35000000000000003,0.22924528301886793,0.1891891891891892,0.2716666666666666,0.4625,0.4425,0.314775,-0.025666666666666674,-0.04833333333333334,-0.017924528301886816,0.0,0.0716666666666666,0.03750000000000003,-0.033333333333333326,0.013566666666666644,,False,False,5,1680,0.2032318125778995,9,0.12857142857142856,1.042857142857143,0.04285714285714286,0.0,0.8994047619047619,0.0,0.0,0.0,0.014285714285714285,0.01607142857142857,0.01488095238095238,0.014285714285714285,0.01130952380952381,0.0125,0.017261904761904763,0.0,1,100,1,100,1,100,1,100,1,100,1,100,1,100,1,100,1,100,1,100
198,20.75,10.164285714285715,-12.75,5.931737536681949,18.25,0.24900000000000005,0.36750000000000005,0.19433962264150945,0.13513513513513514,0.2716666666666666,0.2233333333333333,0.28,0.2590166666666667,0.06333333333333334,0.07,0.1,0.0,0.0016666666666666496,0.034999999999999976,0.004166666666666707,0.030041666666666668,-0.01425333333333332,False,False,5,1680,0.1899029864279045,8,0.11428571428571428,1.1,0.07142857142857142,0.0,0.9101190476190476,0.014285714285714285,0.008333333333333333,0.0035714285714285713,0.020833333333333332,0.007142857142857143,0.0,0.0,0.010714285714285714,0.0035714285714285713,0.007142857142857143,0.014285714285714285,1,100,1,100,1,100,1,100,1,100,1,100,1,100,1,100,1,100,1,100
199,19.0,9.778571428571428,-10.0,6.037266636100657,18.0,0.22616666666666668,0.3245833333333334,0.15471698113207547,0.1689189189189189,0.22666666666666666,0.20833333333333331,0.37833333333333335,0.24738333333333334,0.037666666666666675,0.004166666666666707,0.02264150943396226,0.11351351351351349,0.10499999999999998,0.0058333333333333015,0.03666666666666668,0.0579,-0.01897583333333334,False,False,5,1680,0.19579045663049804,9,0.12857142857142856,1.1285714285714286,0.08571428571428572,0.0,0.9017857142857143,0.004761904761904762,0.013095238095238096,0.01488095238095238,0.0,0.0,0.01488095238095238,0.0,0.018452380952380953,0.005357142857142857,0.0005952380952380953,0.02619047619047619,1,100,1,100,1,100,1,100,1,100,1,100,1,100,1,100,1,100,1,100
