generation,training_best,training_mean,training_worst,training_std,selected_candidate_fitness,benchmark_score,normal_score,mid_score,late_score,full_tournament_score,minimum_control_score,randomized_human_score,raw_selection_score,advantage_score,normal_advantage,mid_advantage,late_advantage,full_tournament_advantage,minimum_control_advantage,randomized_human_advantage,robust_score,verified_score,verified_top_two_rate,verified_first_place_rate,verified_average_position,verified_bankruptcy_rate,checkpoint_saved,checkpoint_batches_won,checkpoint_batch_count,checkpoint_improvement,league_promoted,league_size,benchmark_safe_parent_count,benchmark_balanced_parent_count,benchmark_aggressive_parent_count,self_play_fallback_parent_count,total_probe_decisions,action_entropy,unique_policy_count,unique_policy_rate,mean_distinct_actions,contextual_policy_rate,action_legacy_fraction,action_minimum,action_bet_02_percent,action_bet_03_percent,action_bet_05_percent,action_bet_10_percent,action_bet_15_percent,action_bet_20_percent,action_bet_30_percent,action_bet_40_percent,action_bet_50_percent,action_bet_75_percent,action_bet_100_percent,probe_early_tied_action_index,probe_early_tied_legal_bet,probe_early_behind_second_action_index,probe_early_behind_second_legal_bet,probe_mid_one_bet_behind_action_index,probe_mid_one_bet_behind_legal_bet,probe_mid_far_behind_action_index,probe_mid_far_behind_legal_bet,probe_late_behind_second_action_index,probe_late_behind_second_legal_bet,probe_late_safe_lead_action_index,probe_late_safe_lead_legal_bet,probe_early_gap_cautious_action_index,probe_early_gap_cautious_legal_bet,probe_early_gap_volatile_action_index,probe_early_gap_volatile_legal_bet,probe_late_gap_cautious_action_index,probe_late_gap_cautious_legal_bet,probe_late_gap_volatile_action_index,probe_late_gap_volatile_legal_bet
0,42.008782000776264,5.391784222468534,-13.532499999999999,13.946708614367642,34.871221466577055,0.27,0.375,0.16981132075471697,0.24324324324324326,0.16666666666666666,0.3,0.5333333333333333,0.2763333333333333,0.0,0.0,0.0,0.0,0.0,0.0,0.0,0.0,0.2870174522562518,0.2870174522562518,0.10091706571037067,3.208757803851953,0.0,True,3,3,,False,0,6,1,0,0,2240,0.956738601191643,41,0.5857142857142857,1.6,0.42857142857142855,0.0,0.07544642857142857,0.11383928571428571,0.10714285714285714,0.07366071428571429,0.05669642857142857,0.10491071428571429,0.08705357142857142,0.06160714285714286,0.08705357142857142,0.10401785714285715,0.048214285714285716,0.08035714285714286,1,100,1,100,1,100,1,100,1,100,1,100,1,100,1,100,1,100,1,100
1,28.011916274225563,7.966869029606077,-13.709849417506298,11.657861592044927,26.67241386979378,0.26,0.39166666666666666,0.22641509433962265,0.0945945945945946,0.31666666666666665,0.23333333333333334,0.4777777777777778,0.3098333333333333,0.0,0.0,0.0,0.0,0.0,0.0,0.0,0.0,0.3126483797647494,0.3126483797647494,0.09087631600617678,3.1706648768909793,0.0,False,0,3,0.0,False,0,6,1,0,0,2240,0.759443326354325,31,0.44285714285714284,1.3428571428571427,0.2857142857142857,0.0,0.37901785714285713,0.16785714285714284,0.15223214285714284,0.029464285714285714,0.014732142857142857,0.04732142857142857,0.02857142857142857,0.033928571428571426,0.014732142857142857,0.028125,0.04017857142857143,0.06383928571428571,1,100,1,100,1,100,1,100,1,100,1,100,1,100,1,100,1,100,1,100
2,22.633325325732898,8.861700721186287,-16.362976415094337,10.347648307978707,22.633325325732898,0.27666666666666667,0.39166666666666666,0.1509433962264151,0.2702702702702703,0.26666666666666666,0.2833333333333333,0.4,0.29233333333333333,0.0,0.0,0.0,0.0,0.0,0.0,0.0,0.0,0.2965125730041681,0.2965125730041681,0.10174229853545919,3.2474467640112255,0.0,False,0,3,0.0,True,1,6,1,0,0,2240,0.44669004693080244,25,0.35714285714285715,1.3285714285714285,0.24285714285714285,0.0,0.7160714285714286,0.04017857142857143,0.04017857142857143,0.0,0.004910714285714286,0.03482142857142857,0.01875,0.0008928571428571428,0.019196428571428573,0.0004464285714285714,0.06875,0.05580357142857143,1,100,1,100,1,100,1,100,1,100,1,100,1,100,1,100,1,100,1,100
3,23.198185116078896,8.606468315451067,-14.744188118811882,10.019217314483557,23.198185116078896,0.26,0.4166666666666667,0.1320754716981132,0.1891891891891892,0.23333333333333334,0.36666666666666664,0.36666666666666664,0.2773333333333333,0.0,0.0,0.0,0.0,0.0,0.0,0.0,0.0,0.25211143369826,0.25211143369826,0.08410853235721572,3.2285281208302634,0.0,False,0,3,0.0,False,1,6,1,0,0,2240,0.3714734371777552,19,0.2714285714285714,1.1714285714285715,0.15714285714285714,0.0,0.8026785714285715,0.0125,0.016964285714285713,0.04107142857142857,0.01830357142857143,0.017410714285714286,0.014285714285714285,0.014285714285714285,0.014285714285714285,0.015178571428571428,0.024107142857142858,0.008928571428571428,1,100,1,100,1,100,1,100,1,100,1,100,1,100,1,100,1,100,1,100
4,24.437389391549818,9.977047077664608,-16.334908536585367,8.30794959932039,24.437389391549818,0.22333333333333333,0.25833333333333336,0.20754716981132076,0.1891891891891892,0.19444444444444445,0.22777777777777777,0.48333333333333334,0.25266666666666665,0.0,0.0,0.0,0.0,0.0,0.0,0.0,0.0,0.302111506571863,0.302111506571863,0.09921409462928833,3.1235234532759963,0.0,False,0,3,0.0,False,1,7,0,0,0,2240,0.3376653610299449,20,0.2857142857142857,1.2428571428571429,0.15714285714285714,0.0,0.8183035714285715,0.029910714285714287,0.016517857142857143,0.026785714285714284,0.029464285714285714,0.005357142857142857,0.0017857142857142857,0.0004464285714285714,0.014285714285714285,0.01607142857142857,0.01607142857142857,0.025,1,100,1,100,1,100,1,100,1,100,1,100,1,100,1,100,1,100,1,100
5,21.612401523826712,9.983347580136062,-9.620808840596638,8.578470049211399,21.612401523826712,0.2733333333333333,0.4,0.1509433962264151,0.24324324324324326,0.3055555555555555,0.26666666666666666,0.36666666666666664,0.2979444444444444,0.0,0.0,0.0,0.0,0.0,0.0,0.0,0.0,0.27424393029688465,0.27424393029688465,0.08082889229451527,3.2285281754854656,0.0,False,0,3,0.0,False,1,6,0,1,0,2240,0.2803449365917814,13,0.18571428571428572,1.1142857142857143,0.1,0.0,0.8513392857142857,0.008035714285714285,0.0,0.0,0.014285714285714285,0.014285714285714285,0.020535714285714286,0.029910714285714287,0.016517857142857143,0.02857142857142857,0.016517857142857143,0.0,1,100,1,100,1,100,1,100,1,100,1,100,1,100,1,100,1,100,1,100
6,20.545654296237323,10.133789235841654,-10.197000000000001,7.479027075550341,15.834069708152473,0.23333333333333334,0.3,0.22641509433962265,0.13513513513513514,0.2833333333333333,0.3,0.3,0.26749999999999996,0.006666666666666665,0.0,0.018867924528301883,0.0,0.0,0.0,0.0,0.002666666666666666,0.25787022765956463,0.25787022765956463,0.08007305335780913,3.2755497766788437,0.009768888655693359,False,1,3,-0.0007984031936127955,False,1,6,1,0,0,2240,0.2913971974202342,17,0.24285714285714285,1.2142857142857142,0.18571428571428572,0.0,0.8325892857142857,0.0035714285714285713,0.039285714285714285,0.0017857142857142857,0.01830357142857143,0.02857142857142857,0.003125,0.0,0.0008928571428571428,0.05133928571428571,0.0013392857142857143,0.019196428571428573,1,100,1,100,1,100,1,100,1,100,1,100,1,100,1,100,1,100,1,100
7,21.061049515051423,10.031739965342137,-11.111456736967636,7.180675955191369,16.119835109749722,0.33,0.45,0.20754716981132076,0.3108108108108108,0.3,0.48333333333333334,0.3333333333333333,0.3353333333333333,0.006666666666666665,0.016666666666666663,0.0,0.0,0.0,0.0,0.0,0.002666666666666666,0.26037856136333876,0.26037856136333876,0.08045837860605914,3.33277758101905,0.006950283441878566,False,1,3,0.00079840319361274,False,1,5,1,1,0,2240,0.2474081614081805,12,0.17142857142857143,1.0714285714285714,0.05714285714285714,0.0,0.8785714285714286,0.0,0.019642857142857142,0.003125,0.0017857142857142857,0.011160714285714286,0.014285714285714285,0.014285714285714285,0.014285714285714285,0.014285714285714285,0.014285714285714285,0.014285714285714285,1,100,1,100,1,100,1,100,1,100,1,100,1,100,1,100,1,100,1,100
8,20.645540292360813,10.144825648323032,-11.030764374295378,6.702144461981454,20.645540292360813,0.23444444444444443,0.3361111111111111,0.11320754716981132,0.24324324324324326,0.3,0.2,0.34444444444444444,0.2704444444444445,0.0,0.0,0.0,0.0,0.0,0.0,0.0,0.0,0.3013974788648333,0.3013974788648333,0.09168402880256282,3.1517729054486865,0.0,False,0,3,0.0,False,1,7,0,0,0,2240,0.2986611433964684,17,0.24285714285714285,1.1571428571428573,0.14285714285714285,0.0,0.8415178571428571,0.0013392857142857143,0.026785714285714284,0.03214285714285714,0.014285714285714285,0.014285714285714285,0.014285714285714285,0.027232142857142858,0.0013392857142857143,0.014285714285714285,0.0125,0.0,1,100,1,100,1,100,1,100,1,100,1,100,1,100,1,100,1,100,1,100
9,18.850347504202766,10.506885933583717,-15.2420625,5.627300886134312,17.72941291446174,0.36,0.5666666666666667,0.20754716981132076,0.24324324324324326,0.38333333333333336,0.36666666666666664,0.4166666666666667,0.37733333333333335,0.0,0.0,0.0,0.0,0.0,0.0,0.0,0.0,0.2752294971940019,0.2752294971940019,0.0770604646858164,3.252333303455156,0.0,False,0,3,0.0,False,1,7,0,0,0,2240,0.17553458495040578,7,0.1,1.0285714285714285,0.02857142857142857,0.0,0.9107142857142857,0.014285714285714285,0.02857142857142857,0.0,0.0,0.0,0.0,0.0,0.014285714285714285,0.014285714285714285,0.013839285714285714,0.0040178571428571425,1,100,1,100,1,100,1,100,1,100,1,100,1,100,1,100,1,100,1,100
10,18.930858147436556,10.011458679477139,-14.099701086956523,7.37244454608755,18.930858147436556,0.2733333333333333,0.4,0.20754716981132076,0.16216216216216217,0.3333333333333333,0.3,0.2,0.28600000000000003,0.0,0.0,0.0,0.0,0.0,0.0,0.0,0.0,0.28087799695728416,0.28087799695728416,0.08908680144882437,3.2007172219999576,0.0,False,0,3,0.0,False,1,7,0,0,0,2240,0.23297469570560989,12,0.17142857142857143,1.1571428571428573,0.1,0.0,0.8785714285714286,0.013392857142857142,0.0004464285714285714,0.0,0.04196428571428571,0.015178571428571428,0.0013392857142857143,0.014285714285714285,0.011160714285714286,0.014285714285714285,0.0004464285714285714,0.008928571428571428,1,100,1,100,1,100,1,100,1,100,1,100,1,100,1,100,1,100,1,100
11,19.89253767536402,10.385989180006964,-14.651876033057851,6.64212398368612,19.89253767536402,0.32555555555555554,0.5138888888888888,0.2641509433962264,0.10810810810810811,0.31666666666666665,0.2833333333333333,0.2833333333333333,0.3118888888888888,0.0,0.0,0.0,0.0,0.0,0.0,0.0,0.0,0.27002553855414396,0.27002553855414396,0.08838664401755088,3.2061621189894765,0.0,False,0,3,0.0,False,1,7,0,0,0,2240,0.20559786238840586,9,0.12857142857142856,1.1142857142857143,0.07142857142857142,0.0,0.8964285714285715,0.014285714285714285,0.012053571428571429,0.010267857142857143,0.020982142857142855,0.0,0.0040178571428571425,0.0,0.0,0.003125,0.008928571428571428,0.029910714285714287,1,100,1,100,1,100,1,100,1,100,1,100,1,100,1,100,1,100,1,100
12,20.455210641878026,9.946424143539955,-11.450507163323781,7.293480342975837,20.455210641878026,0.25333333333333335,0.38333333333333336,0.16981132075471697,0.16216216216216217,0.20555555555555557,0.3,0.45,0.2707777777777778,0.0,0.0,0.0,0.0,0.0,0.0,0.0,0.0,0.26020450883556,0.26020450883556,0.07954647477589545,3.236163689415619,0.0,False,0,3,0.0,False,1,7,0,0,0,2240,0.22456270264864273,14,0.2,1.1428571428571428,0.11428571428571428,0.0,0.8866071428571428,0.0,0.005803571428571429,0.004910714285714286,0.0,0.014285714285714285,0.01875,0.0,0.028125,0.014285714285714285,0.014732142857142857,0.0125,1,100,1,100,1,100,1,100,1,100,1,100,1,100,1,100,1,100,1,100
13,19.9836153347604,10.478073140364497,-7.611122202426115,5.490302266780788,19.9836153347604,0.24333333333333335,0.325,0.22641509433962265,0.13513513513513514,0.38333333333333336,0.18888888888888886,0.3,0.29538888888888887,0.0,0.0,0.0,0.0,0.0,0.0,0.0,0.0,0.2989856358841281,0.2989856358841281,0.06920988860783968,3.120788652705542,0.0,False,0,3,0.0,False,1,7,0,0,0,2240,0.17937047985078164,9,0.12857142857142856,1.0857142857142856,0.07142857142857142,0.0,0.9102678571428572,0.0013392857142857143,0.014732142857142857,0.016964285714285713,0.016964285714285713,0.023214285714285715,0.0,0.004910714285714286,0.0,0.0,0.011607142857142858,0.0,1,100,1,100,1,100,1,100,1,100,1,100,1,100,1,100,1,100,1,100
14,19.03710128362161,10.33544955616776,-11.019956934628974,5.936736968851761,19.03710128362161,0.3,0.38333333333333336,0.2641509433962264,0.21621621621621623,0.3333333333333333,0.38333333333333336,0.3,0.31999999999999995,0.0,0.0,0.0,0.0,0.0,0.0,0.0,0.0,0.3015851830475595,0.3015851830475595,0.08714135559961979,3.180627445364838,0.0,False,0,3,0.0,False,1,7,0,0,0,2240,0.17525520494115546,7,0.1,1.0714285714285714,0.07142857142857142,0.0,0.9151785714285714,0.017410714285714286,0.002232142857142857,0.0,0.015178571428571428,0.0004464285714285714,0.0,0.014285714285714285,0.012053571428571429,0.0,0.010267857142857143,0.012946428571428572,1,100,1,100,1,100,1,100,1,100,1,100,1,100,1,100,1,100,1,100
15,18.5515460176323,10.32485487863571,-8.881435220364741,6.125135451718241,18.5515460176323,0.25,0.375,0.1509433962264151,0.1891891891891892,0.31666666666666665,0.36666666666666664,0.4,0.3075,0.0,0.0,0.0,0.0,0.0,0.0,0.0,0.0,0.2712798936628386,0.2712798936628386,0.07709806746492412,3.2403897936146695,0.0,False,0,3,0.0,False,1,7,0,0,0,2240,0.20795203339893462,9,0.12857142857142856,1.0571428571428572,0.04285714285714286,0.0,0.8986607142857143,0.013392857142857142,0.014285714285714285,0.014285714285714285,0.014285714285714285,0.0035714285714285713,0.011607142857142858,0.015625,0.014285714285714285,0.0,0.0,0.0,1,100,1,100,1,100,1,100,1,100,1,100,1,100,1,100,1,100,1,100
16,23.15206661198127,9.879184075875896,-14.537000000000003,7.13512147591865,23.15206661198127,0.23555555555555557,0.3722222222222223,0.16981132075471697,0.10810810810810811,0.3,0.21666666666666667,0.3777777777777778,0.2775555555555556,0.0,0.0,0.0,0.0,0.0,0.0,0.0,0.0,0.27289385571075203,0.27289385571075203,0.07207920170368767,3.295245234248553,0.0,False,0,3,0.0,False,1,7,0,0,0,2240,0.26059875707376895,10,0.14285714285714285,1.0714285714285714,0.05714285714285714,0.0,0.8549107142857143,0.0040178571428571425,0.01607142857142857,0.014285714285714285,0.0,0.027232142857142858,0.0,0.0,0.05357142857142857,0.014285714285714285,0.014285714285714285,0.0013392857142857143,1,100,1,100,1,100,1,100,1,100,1,100,1,100,1,100,1,100,1,100
17,25.279561704132615,9.630272295549128,-14.86198961908913,8.350735289027003,25.279561704132615,0.24666666666666667,0.35,0.11320754716981132,0.2702702702702703,0.23333333333333334,0.2,0.45,0.26783333333333337,0.0,0.0,0.0,0.0,0.0,0.0,0.0,0.0,0.29373250578069854,0.29373250578069854,0.10506827406401752,3.1447461775973427,0.0,False,0,3,0.0,False,1,7,0,0,0,2240,0.18754197885241228,12,0.17142857142857143,1.1142857142857143,0.08571428571428572,0.0,0.9049107142857142,0.0,0.0026785714285714286,0.0,0.014285714285714285,0.030357142857142857,0.0013392857142857143,0.0017857142857142857,0.014285714285714285,0.015625,0.014732142857142857,0.0,1,100,1,100,1,100,1,100,1,100,1,100,1,100,1,100,1,100,1,100
18,21.02643051338367,10.407916343726328,-5.686023645437262,5.685006478746635,21.02643051338367,0.27,0.39166666666666666,0.18867924528301888,0.1891891891891892,0.21666666666666667,0.23333333333333334,0.38333333333333336,0.26466666666666666,0.0,0.0,0.0,0.0,0.0,0.0,0.0,0.0,0.27415319658844656,0.27415319658844656,0.07661260174065888,3.2005019351585253,0.0,False,0,3,0.0,False,1,7,0,0,0,2240,0.1825788602912807,10,0.14285714285714285,1.1,0.07142857142857142,0.0,0.9089285714285714,0.0017857142857142857,0.014285714285714285,0.026339285714285714,0.014285714285714285,0.016517857142857143,0.0,0.0,0.012946428571428572,0.0,0.0035714285714285713,0.0013392857142857143,1,100,1,100,1,100,1,100,1,100,1,100,1,100,1,100,1,100,1,100
19,18.63042965307895,10.002759836942694,-12.839937500000001,7.155706962084139,18.63042965307895,0.2866666666666667,0.44166666666666665,0.27358490566037735,0.05405405405405406,0.16666666666666666,0.31666666666666665,0.38333333333333336,0.26216666666666666,0.0,0.0,0.0,0.0,0.0,0.0,0.0,0.0,0.2649074796737303,0.2649074796737303,0.09394076031944872,3.1958427795741122,0.0,False,0,3,0.0,False,1,7,0,0,0,2240,0.18072729437759083,8,0.11428571428571428,1.0857142857142856,0.07142857142857142,0.0,0.9080357142857143,0.0,0.008482142857142856,0.005803571428571429,0.0004464285714285714,0.0,0.0004464285714285714,0.024107142857142858,0.004464285714285714,0.0017857142857142857,0.02857142857142857,0.017857142857142856,1,100,1,100,1,100,1,100,1,100,1,100,1,100,1,100,1,100,1,100
20,18.48039955118819,9.987472859476602,-13.584042022792023,6.815103580085199,15.065875925211444,0.2955555555555555,0.40555555555555556,0.24528301886792453,0.1891891891891892,0.24444444444444444,0.39444444444444443,0.48333333333333334,0.31572222222222224,0.006666666666666665,0.016666666666666663,0.0,0.0,0.0,0.0,0.0,0.002666666666666666,0.2855876053661206,0.2855876053661206,0.08457834847525346,3.137529887286398,0.0,False,0,3,0.0,False,1,7,0,0,0,2240,0.2027347842617746,9,0.12857142857142856,1.1285714285714286,0.07142857142857142,0.0,0.9008928571428572,0.008928571428571428,0.008482142857142856,0.0,0.014732142857142857,0.0035714285714285713,0.012053571428571429,0.021875,0.0,0.014285714285714285,0.015178571428571428,0.0,1,100,1,100,1,100,1,100,1,100,1,100,1,100,1,100,1,100,1,100
21,19.179664139600984,9.915782269693452,-15.301059294871795,7.376378541911773,19.179664139600984,0.22,0.325,0.16037735849056603,0.13513513513513514,0.26666666666666666,0.36666666666666664,0.45,0.28550000000000003,0.0,0.0,0.0,0.0,0.0,0.0,0.0,0.0,0.2900842892528197,0.2900842892528197,0.07413805709743954,3.214208476074503,0.0,False,0,3,0.0,False,1,7,0,0,0,2240,0.23481322806324614,11,0.15714285714285714,1.1,0.07142857142857142,0.0,0.8758928571428571,0.0,0.024107142857142858,0.003125,0.0004464285714285714,0.0,0.0013392857142857143,0.014285714285714285,0.007142857142857143,0.015178571428571428,0.030357142857142857,0.028125,1,100,1,100,1,100,1,100,1,100,1,100,1,100,1,100,1,100,1,100
22,22.55174076018288,10.17669519656497,-11.406377133849304,6.4955863639147635,22.55174076018288,0.25333333333333335,0.45,0.09433962264150944,0.16216216216216217,0.26666666666666666,0.08888888888888888,0.36666666666666664,0.25855555555555554,0.0,0.0,0.0,0.0,0.0,0.0,0.0,0.0,0.2607901393270414,0.2607901393270414,0.09511898073149065,3.230400189034126,0.0,False,0,3,0.0,False,1,7,0,0,0,2240,0.18445238791771323,8,0.11428571428571428,1.0714285714285714,0.07142857142857142,0.0,0.9058035714285714,0.012053571428571429,0.0,0.0,0.012053571428571429,0.017410714285714286,0.002232142857142857,0.002232142857142857,0.027232142857142858,0.020982142857142855,0.0,0.0,1,100,1,100,1,100,1,100,1,100,1,100,1,100,1,100,1,100,1,100
23,18.734249142402113,10.347603664711396,-11.850625,5.656969745220006,15.59203267113199,0.24,0.38333333333333336,0.18867924528301888,0.08108108108108109,0.2,0.35,0.36666666666666664,0.25599999999999995,0.006666666666666687,0.01666666666666672,0.0,0.0,0.0,0.0,0.0,0.002666666666666675,0.2423714637173262,0.2423714637173262,0.06294517573104975,3.273738375749414,0.0,False,0,3,-0.0106925251359275,False,1,7,0,0,0,2240,0.1591866190498157,8,0.11428571428571428,1.0714285714285714,0.05714285714285714,0.0,0.9191964285714286,0.029464285714285714,0.01607142857142857,0.0040178571428571425,0.0,0.0004464285714285714,0.0,0.0,0.0,0.002232142857142857,0.014285714285714285,0.014285714285714285,1,100,1,100,1,100,1,100,1,100,1,100,1,100,1,100,1,100,1,100
24,20.321323077640475,10.155939486666018,-10.920438914027148,6.760535128274917,17.72470880585482,0.27666666666666667,0.4583333333333333,0.1320754716981132,0.1891891891891892,0.18333333333333332,0.26666666666666666,0.3333333333333333,0.2515,0.0,0.0,0.0,0.0,0.0,0.0,0.0,0.0,0.2731951880588343,0.2731951880588343,0.06111751791536799,3.2290970086114736,0.0,False,0,3,0.0,False,1,7,0,0,0,2240,0.22093068010785935,10,0.14285714285714285,1.0714285714285714,0.05714285714285714,0.0,0.8915178571428571,0.0,0.0,0.007142857142857143,0.0,0.014285714285714285,0.013392857142857142,0.016517857142857143,0.014285714285714285,0.014285714285714285,0.014285714285714285,0.014285714285714285,1,100,1,100,1,100,1,100,1,100,1,100,1,100,1,100,1,100,1,100
25,18.23445841216554,10.231335177512511,-10.170625,5.573030834670381,18.23445841216554,0.24333333333333335,0.425,0.16981132075471697,0.05405405405405406,0.2833333333333333,0.3611111111111111,0.38333333333333336,0.2901111111111111,0.0,0.0,0.0,0.0,0.0,0.0,0.0,0.0,0.2879363337338952,0.2879363337338952,0.08464002383452639,3.1816196194686204,0.0,False,0,3,0.0,False,1,7,0,0,0,2240,0.18685814417460384,9,0.12857142857142856,1.0857142857142856,0.05714285714285714,0.0,0.9058035714285714,0.014285714285714285,0.019196428571428573,0.003125,0.027232142857142858,0.003125,0.0125,0.0,0.0,0.0004464285714285714,0.014285714285714285,0.0,1,100,1,100,1,100,1,100,1,100,1,100,1,100,1,100,1,100,1,100
26,20.269091750982412,10.17103704128097,-11.210705550327189,5.980439063633644,19.659930788494343,0.25,0.39166666666666666,0.20754716981132076,0.08108108108108109,0.38333333333333336,0.21111111111111114,0.26666666666666666,0.2952777777777778,0.0,0.0,0.0,0.0,0.0,0.0,0.0,0.0,0.2838967252303231,0.2838967252303231,0.09027645694372483,3.1917039050777594,0.0,False,0,3,0.0,False,1,7,0,0,0,2240,0.19835057798756128,8,0.11428571428571428,1.0142857142857142,0.014285714285714285,0.0,0.9,0.025892857142857145,0.0,0.0,0.0026785714285714286,0.0,0.0,0.014285714285714285,0.014285714285714285,0.014285714285714285,0.014285714285714285,0.014285714285714285,1,100,1,100,1,100,1,100,1,100,1,100,1,100,1,100,1,100,1,100
27,21.803832929231,9.97273898012286,-12.619582181275273,6.522765352467914,21.803832929231,0.23333333333333334,0.38333333333333336,0.1320754716981132,0.13513513513513514,0.38333333333333336,0.31666666666666665,0.26666666666666666,0.29916666666666664,0.0,0.0,0.0,0.0,0.0,0.0,0.0,0.0,0.2789549901049793,0.2789549901049793,0.08548596490844525,3.179342210066905,0.0,False,0,3,0.0,False,1,7,0,0,0,2240,0.2084757954330953,9,0.12857142857142856,1.0714285714285714,0.05714285714285714,0.0,0.8959821428571428,0.0,0.014285714285714285,0.007589285714285714,0.015178571428571428,0.0040178571428571425,0.02857142857142857,0.014285714285714285,0.014285714285714285,0.005803571428571429,0.0,0.0,1,100,1,100,1,100,1,100,1,100,1,100,1,100,1,100,1,100,1,100
28,20.31569642081177,10.219581062962952,-13.001031282666323,5.760995840234635,18.99185745809062,0.2688888888888889,0.38888888888888895,0.18867924528301888,0.1891891891891892,0.11666666666666667,0.25,0.3444444444444444,0.22505555555555556,0.0,0.0,0.0,0.0,0.0,0.0,0.0,0.0,0.2726502271105835,0.2726502271105835,0.08406037505128479,3.2124328196473066,0.0,False,0,3,0.0,False,1,7,0,0,0,2240,0.20190435080112024,8,0.11428571428571428,1.042857142857143,0.04285714285714286,0.0,0.9,0.026785714285714284,0.014285714285714285,0.00625,0.0,0.009821428571428571,0.012053571428571429,0.0,0.0,0.014285714285714285,0.014285714285714285,0.002232142857142857,1,100,1,100,1,100,1,100,1,100,1,100,1,100,1,100,1,100,1,100
29,18.653831909314512,10.133868123034109,-8.612490438571996,5.999955853622117,18.653831909314512,0.2633333333333333,0.375,0.20754716981132076,0.16216216216216217,0.16666666666666666,0.36666666666666664,0.36666666666666664,0.2553333333333333,0.0,0.0,0.0,0.0,0.0,0.0,0.0,0.0,0.25143783262245134,0.25143783262245134,0.06701526665544413,3.2597103164973453,0.0,False,0,3,0.0,False,1,7,0,0,0,2240,0.18582614777551695,7,0.1,1.042857142857143,0.02857142857142857,0.0,0.9,0.0,0.0013392857142857143,0.0,0.04642857142857143,0.014285714285714285,0.0,0.014285714285714285,0.014285714285714285,0.0,0.0017857142857142857,0.007589285714285714,1,100,1,100,1,100,1,100,1,100,1,100,1,100,1,100,1,100,1,100
30,18.855827539113662,10.213160394514995,-11.15332461908869,5.398664136933374,18.855827539113662,0.18,0.2833333333333333,0.11320754716981132,0.10810810810810811,0.15,0.31666666666666665,0.5,0.2311666666666667,0.0,0.0,0.0,0.0,0.0,0.0,0.0,0.0,0.27165782831319224,0.27165782831319224,0.09376925229497195,3.1790610454884316,0.0,False,0,3,0.0,False,1,7,0,0,0,2240,0.13942893161985265,7,0.1,1.0857142857142856,0.07142857142857142,0.0,0.928125,0.005357142857142857,0.0,0.027678571428571427,0.0,0.023214285714285715,0.0,0.013392857142857142,0.0008928571428571428,0.0,0.0004464285714285714,0.0008928571428571428,1,100,1,100,1,100,1,100,1,100,1,100,1,100,1,100,1,100,1,100
31,21.93034359521777,9.909791124717541,-13.95406495749203,7.221336683653675,21.93034359521777,0.23333333333333334,0.35,0.11320754716981132,0.21621621621621623,0.24444444444444444,0.2111111111111111,0.3,0.24499999999999997,0.0,0.0,0.0,0.0,0.0,0.0,0.0,0.0,0.29172261780443004,0.29172261780443004,0.10734810044022942,3.1643440574127393,0.0,False,0,3,0.0,False,1,7,0,0,0,2240,0.21083366031484185,9,0.12857142857142856,1.1285714285714286,0.07142857142857142,0.0,0.8995535714285714,0.014285714285714285,0.0,0.016517857142857143,0.0017857142857142857,0.006696428571428571,0.014285714285714285,0.0040178571428571425,0.008035714285714285,0.0040178571428571425,0.014285714285714285,0.016517857142857143,1,100,1,100,1,100,1,100,1,100,1,100,1,100,1,100,1,100,1,100
32,17.980856303216306,10.236289526623466,-9.124657894736842,5.384380728418143,17.980856303216306,0.23333333333333334,0.36666666666666664,0.16981132075471697,0.10810810810810811,0.2833333333333333,0.25,0.5,0.29250000000000004,0.0,0.0,0.0,0.0,0.0,0.0,0.0,0.0,0.26947909584263385,0.26947909584263385,0.09672285585819963,3.203171860003979,0.0,False,0,3,0.0,False,1,7,0,0,0,2240,0.19530339390383086,8,0.11428571428571428,1.0142857142857142,0.014285714285714285,0.0,0.9,0.01607142857142857,0.014285714285714285,0.0,0.014285714285714285,0.014285714285714285,0.014285714285714285,0.026785714285714284,0.0,0.0,0.0,0.0,1,100,1,100,1,100,1,100,1,100,1,100,1,100,1,100,1,100,1,100
33,18.654193344529943,10.051531885351094,-18.063767326732673,6.1195028098774245,18.654193344529943,0.27,0.4583333333333333,0.16981132075471697,0.10810810810810811,0.2833333333333333,0.36666666666666664,0.36666666666666664,0.29883333333333334,0.0,0.0,0.0,0.0,0.0,0.0,0.0,0.0,0.3134568729159668,0.3134568729159668,0.10615049564981027,3.139199111816527,0.0,False,0,3,0.0,False,1,7,0,0,0,2240,0.17952276589260857,6,0.08571428571428572,1.0714285714285714,0.04285714285714286,0.0,0.9080357142857143,0.0,0.029464285714285714,0.0035714285714285713,0.008928571428571428,0.0,0.004910714285714286,0.009375,0.007142857142857143,0.0,0.02857142857142857,0.0,1,100,1,100,1,100,1,100,1,100,1,100,1,100,1,100,1,100,1,100
34,20.161945224719105,9.887714144476588,-13.163329062905664,6.819309153798789,20.161945224719105,0.2633333333333333,0.35833333333333334,0.20754716981132076,0.1891891891891892,0.4666666666666667,0.4,0.3333333333333333,0.3586666666666667,0.0,0.0,0.0,0.0,0.0,0.0,0.0,0.0,0.2660044520913145,0.2660044520913145,0.09508689812780428,3.233839057919211,0.0,False,0,3,0.0,False,1,7,0,0,0,2240,0.18218010627155862,9,0.12857142857142856,1.0714285714285714,0.05714285714285714,0.0,0.9111607142857143,0.0,0.004464285714285714,0.0,0.009375,0.017410714285714286,0.012946428571428572,0.0,0.014285714285714285,0.014285714285714285,0.0,0.01607142857142857,1,100,1,100,1,100,1,100,1,100,1,100,1,100,1,100,1,100,1,100
35,16.601541106630993,10.12454167187552,-11.1228125,5.347997703443066,16.601541106630993,0.23,0.325,0.20754716981132076,0.10810810810810811,0.21111111111111114,0.26666666666666666,0.35,0.24505555555555558,0.0,0.0,0.0,0.0,0.0,0.0,0.0,0.0,0.2661206733423745,0.2661206733423745,0.0829926128028718,3.2419109389836613,0.0,False,0,3,0.0,False,1,7,0,0,0,2240,0.1927757889624408,8,0.11428571428571428,1.1142857142857143,0.07142857142857142,0.0,0.9026785714285714,0.040625,0.0017857142857142857,0.0040178571428571425,0.014285714285714285,0.008482142857142856,0.005357142857142857,0.0035714285714285713,0.0,0.0,0.010267857142857143,0.008928571428571428,1,100,1,100,1,100,1,100,1,100,1,100,1,100,1,100,1,100,1,100
36,22.11986778743851,9.82085651084526,-12.085956398538512,7.398622662537194,22.11986778743851,0.2,0.35,0.11320754716981132,0.08108108108108109,0.21666666666666667,0.3,0.3333333333333333,0.23583333333333334,0.0,0.0,0.0,0.0,0.0,0.0,0.0,0.0,0.2576750842965402,0.2576750842965402,0.08824539675668742,3.293332302171852,0.0,False,0,3,0.0,False,1,7,0,0,0,2240,0.23839889685031654,11,0.15714285714285714,1.1,0.08571428571428572,0.0,0.8825892857142857,0.003125,0.0,0.013392857142857142,0.006696428571428571,0.02857142857142857,0.014285714285714285,0.008928571428571428,0.016964285714285713,0.006696428571428571,0.014285714285714285,0.004464285714285714,1,100,1,100,1,100,1,100,1,100,1,100,1,100,1,100,1,100,1,100
37,20.593704463531182,10.124091728118525,-12.542187499999999,5.625029367933962,20.593704463531182,0.26,0.38333333333333336,0.22641509433962265,0.10810810810810811,0.17777777777777776,0.33888888888888885,0.31666666666666665,0.2476111111111111,0.0,0.0,0.0,0.0,0.0,0.0,0.0,0.0,0.2808054755767764,0.2808054755767764,0.09191766157353055,3.2523355261000453,0.0,False,0,3,0.0,False,1,7,0,0,0,2240,0.18860764152948145,12,0.17142857142857143,1.1571428571428573,0.11428571428571428,0.0,0.9071428571428571,0.014285714285714285,0.009375,0.016517857142857143,0.019196428571428573,0.003125,0.022321428571428572,0.0,0.0040178571428571425,0.0040178571428571425,0.0,0.0,1,100,1,100,1,100,1,100,1,100,1,100,1,100,1,100,1,100,1,100
38,18.286685119284698,9.804802794237887,-12.058249999999997,6.652367310183021,18.286685119284698,0.24333333333333335,0.325,0.20754716981132076,0.16216216216216217,0.3,0.16666666666666666,0.2833333333333333,0.2615,0.0,0.0,0.0,0.0,0.0,0.0,0.0,0.0,0.30871907153199984,0.30871907153199984,0.10022873202117123,3.169817921659419,0.0,False,0,3,0.0,False,1,7,0,0,0,2240,0.1926148281326997,10,0.14285714285714285,1.0857142857142856,0.08571428571428572,0.0,0.8959821428571428,0.00625,0.0,0.0,0.0040178571428571425,0.0,0.0,0.023214285714285715,0.04196428571428571,0.013392857142857142,0.015178571428571428,0.0,1,100,1,100,1,100,1,100,1,100,1,100,1,100,1,100,1,100,1,100
39,19.772444579950214,9.71117907713552,-10.263375,6.600901249351944,17.02872010129063,0.24333333333333335,0.4583333333333333,0.09433962264150944,0.10810810810810811,0.2222222222222222,0.23333333333333334,0.31666666666666665,0.24594444444444444,0.0,0.0,0.0,0.0,0.0222222222222222,-0.033333333333333326,0.0,0.004444444444444437,0.2628692839464068,0.2628692839464068,0.09240106861851323,3.3161714176612094,0.0,False,0,3,-0.01517295820917497,False,1,7,0,0,0,2240,0.20173077477517845,9,0.12857142857142856,1.1,0.07142857142857142,0.0,0.89375,0.0,0.0,0.03169642857142857,0.0035714285714285713,0.015178571428571428,0.0008928571428571428,0.0125,0.017857142857142856,0.024553571428571428,0.0,0.0,1,100,1,100,1,100,1,100,1,100,1,100,1,100,1,100,1,100,1,100
40,17.5,9.857142857142858,-8.5,5.804147102095746,14.833333333333334,0.20666666666666667,0.2833333333333333,0.1509433962264151,0.16216216216216217,0.15555555555555553,0.3,0.48333333333333334,0.23961111111111108,0.0,0.0,0.0,0.0,0.016666666666666663,0.0,0.0,0.005833333333333332,0.29142831532990976,0.29142831532990976,0.10452949522641464,3.285663466786762,0.0,False,1,3,-0.002886031514918286,False,1,7,0,0,0,2240,0.22869254023847171,12,0.17142857142857143,1.1571428571428573,0.14285714285714285,0.0,0.88125,0.0035714285714285713,0.01875,0.0035714285714285713,0.038392857142857145,0.010714285714285714,0.0,0.0,0.016517857142857143,0.014732142857142857,0.0004464285714285714,0.012053571428571429,1,100,1,100,1,100,1,100,1,100,1,100,1,100,1,100,1,100,1,100
41,20.5,9.639285714285714,-12.5,6.807350739676231,20.5,0.2833333333333333,0.425,0.16981132075471697,0.21621621621621623,0.2833333333333333,0.27777777777777773,0.3333333333333333,0.2902777777777778,0.0,0.0,0.0,0.0,0.0,0.0,0.0,0.0,0.2877292451727918,0.2877292451727918,0.08849070752252342,3.249608541223504,0.0,False,0,3,0.0,False,1,7,0,0,0,2240,0.2023977210490291,9,0.12857142857142856,1.1142857142857143,0.07142857142857142,0.0,0.8964285714285715,0.0,0.0,0.0013392857142857143,0.005357142857142857,0.015625,0.013392857142857142,0.0,0.023214285714285715,0.027678571428571427,0.015178571428571428,0.0017857142857142857,1,100,1,100,1,100,1,100,1,100,1,100,1,100,1,100,1,100,1,100
42,19.833333333333336,9.867857142857142,-7.0,5.590018969093927,17.0,0.23555555555555557,0.3388888888888889,0.16981132075471697,0.16216216216216217,0.3,0.5,0.4166666666666667,0.31172222222222223,0.006666666666666665,0.016666666666666663,0.0,0.0,0.033333333333333326,0.0,0.0,0.01433333333333333,0.3055141512034954,0.3055141512034954,0.09611416087139339,3.1031051260021036,0.0,False,0,3,-0.008248927482748969,True,2,7,0,0,0,2240,0.20065624656680253,11,0.15714285714285714,1.1285714285714286,0.12857142857142856,0.0,0.8977678571428571,0.008482142857142856,0.005803571428571429,0.009375,0.0013392857142857143,0.0375,0.0,0.012946428571428572,0.014285714285714285,0.0,0.0125,0.0,1,100,1,100,1,100,1,100,1,100,1,100,1,100,1,100,1,100,1,100
43,17.083333333333336,9.646428571428572,-10.0,6.600661879304072,17.083333333333336,0.26666666666666666,0.38333333333333336,0.22641509433962265,0.13513513513513514,0.35,0.2,0.2833333333333333,0.2916666666666667,0.0,0.0,0.0,0.0,0.0,0.0,0.0,0.0,0.26521111968590505,0.26521111968590505,0.09432709972533938,3.232302317599194,0.0,False,0,3,-0.00040160642570280514,False,2,7,0,0,0,2240,0.15469579326170793,10,0.14285714285714285,1.1142857142857143,0.1,0.0,0.9254464285714286,0.0,0.0,0.0,0.0040178571428571425,0.0,0.009821428571428571,0.022767857142857142,0.0035714285714285713,0.014285714285714285,0.005803571428571429,0.014285714285714285,1,100,1,100,1,100,1,100,1,100,1,100,1,100,1,100,1,100,1,100
44,19.833333333333332,10.075,-10.75,5.986594647726743,19.833333333333332,0.23,0.3416666666666667,0.1509433962264151,0.16216216216216217,0.2833333333333333,0.38333333333333336,0.4166666666666667,0.292,0.0,0.0,0.0,0.0,0.0,0.0,0.0,0.0,0.26749120719252745,0.26749120719252745,0.09188955665400367,3.2597608725593723,0.0,False,0,3,0.0,False,2,7,0,0,0,2240,0.1951349469600071,8,0.11428571428571428,1.0714285714285714,0.07142857142857142,0.0,0.9058035714285714,0.013839285714285714,0.002232142857142857,0.014732142857142857,0.008482142857142856,0.013839285714285714,0.014285714285714285,0.013839285714285714,0.0,0.0,0.012946428571428572,0.0,1,100,1,100,1,100,1,100,1,100,1,100,1,100,1,100,1,100,1,100
45,21.0,10.132142857142858,-10.0,5.8646014502324055,21.0,0.22666666666666666,0.3333333333333333,0.18867924528301888,0.10810810810810811,0.4,0.18333333333333332,0.5333333333333333,0.32899999999999996,0.0,0.0,0.0,0.0,0.0,0.0,0.0,0.0,0.29349923130494515,0.29349923130494515,0.09044803176900429,3.1696036186116268,0.0,False,0,3,0.0,False,2,7,0,0,0,2240,0.1661757844853919,7,0.1,1.0285714285714285,0.02857142857142857,0.0,0.9142857142857143,0.014732142857142857,0.0,0.0,0.0,0.0,0.0,0.0,0.016517857142857143,0.014285714285714285,0.028125,0.012053571428571429,1,100,1,100,1,100,1,100,1,100,1,100,1,100,1,100,1,100,1,100
46,18.75,9.934523809523808,-10.5,6.419895490315708,18.75,0.24,0.35,0.20754716981132076,0.10810810810810811,0.25,0.2833333333333333,0.3,0.2568333333333333,0.0,0.0,0.0,0.0,0.0,0.0,0.0,0.0,0.28212887235143924,0.28212887235143924,0.08242878973706476,3.1916781260407263,0.0,False,0,3,0.0,False,2,7,0,0,0,2240,0.18799755025436551,8,0.11428571428571428,1.042857142857143,0.04285714285714286,0.0,0.9013392857142857,0.0,0.0,0.012946428571428572,0.026785714285714284,0.026785714285714284,0.014285714285714285,0.01607142857142857,0.0017857142857142857,0.0,0.0,0.0,1,100,1,100,1,100,1,100,1,100,1,100,1,100,1,100,1,100,1,100
47,20.5,10.410714285714286,-9.25,4.387444238974824,14.2,0.22666666666666666,0.4166666666666667,0.1509433962264151,0.02702702702702703,0.3333333333333333,0.29444444444444445,0.35,0.28927777777777774,0.006666666666666665,0.016666666666666663,0.0,0.0,0.0,0.06666666666666668,0.0,0.009333333333333334,0.2982715110122945,0.2982715110122945,0.09064917505866932,3.205849491232941,0.0,True,3,3,0.0077321989828302295,False,2,7,0,0,0,2240,0.13026305220450388,7,0.1,1.0571428571428572,0.02857142857142857,0.0,0.9370535714285714,0.014285714285714285,0.014285714285714285,0.016517857142857143,0.014285714285714285,0.0,0.0,0.0,0.0008928571428571428,0.0,0.0004464285714285714,0.002232142857142857,1,100,1,100,1,100,1,100,1,100,1,100,1,100,1,100,1,100,1,100
48,19.5,9.864285714285714,-10.0,6.616090466523601,19.5,0.2633333333333333,0.35833333333333334,0.20754716981132076,0.1891891891891892,0.18333333333333332,0.35,0.3333333333333333,0.25449999999999995,0.0,0.0,0.0,0.0,0.0,0.0,0.0,0.0,0.2501946879030062,0.2501946879030062,0.07305557438123632,3.2668773078159123,0.0,False,0,3,-0.0025204428674596713,False,2,7,0,0,0,2240,0.19055888039794794,8,0.11428571428571428,1.0714285714285714,0.05714285714285714,0.0,0.9022321428571428,0.003125,0.014285714285714285,0.0,0.0,0.005357142857142857,0.006696428571428571,0.02857142857142857,0.0,0.02544642857142857,0.014285714285714285,0.0,1,100,1,100,1,100,1,100,1,100,1,100,1,100,1,100,1,100,1,100
49,19.5,10.167857142857143,-11.75,5.509686507249143,19.5,0.26555555555555554,0.4472222222222222,0.11320754716981132,0.1891891891891892,0.3,0.2833333333333333,0.4,0.2995555555555555,0.0,0.0,0.0,0.0,0.0,0.0,0.0,0.0,0.2896653012582599,0.2896653012582599,0.08575598832759211,3.1694405092698865,0.0,False,2,3,0.0017963343120258046,False,2,7,0,0,0,2240,0.17816610790602128,9,0.12857142857142856,1.0285714285714285,0.02857142857142857,0.0,0.9116071428571428,0.0,0.014285714285714285,0.014285714285714285,0.014285714285714285,0.016964285714285713,0.014285714285714285,0.0,0.0,0.014285714285714285,0.0,0.0,1,100,1,100,1,100,1,100,1,100,1,100,1,100,1,100,1,100,1,100
50,19.5,10.035714285714286,-9.5,5.835434509817358,18.0,0.19666666666666666,0.25833333333333336,0.1509433962264151,0.16216216216216217,0.3333333333333333,0.3,0.35,0.27783333333333327,0.0033333333333333435,0.00833333333333336,0.0,0.0,0.0,0.0,0.0,0.0013333333333333374,0.24890404174005645,0.24890404174005645,0.07829590302175253,3.2846735699830716,0.0,False,0,3,-0.01266709006229963,False,2,7,0,0,0,2240,0.22746295039914993,12,0.17142857142857143,1.1857142857142857,0.15714285714285714,0.0,0.8834821428571429,0.015625,0.0,0.0013392857142857143,0.0,0.032589285714285716,0.0013392857142857143,0.012053571428571429,0.013839285714285714,0.005357142857142857,0.020089285714285716,0.014285714285714285,1,100,1,100,1,100,1,100,1,100,1,100,1,100,1,100,1,100,1,100
51,18.5,9.282142857142857,-14.0,7.998056470976257,16.25,0.2733333333333333,0.4166666666666667,0.20754716981132076,0.13513513513513514,0.25,0.14444444444444446,0.36666666666666664,0.2662777777777778,0.006666666666666665,0.016666666666666663,0.0,0.0,0.0,0.0,0.033333333333333326,0.0076666666666666645,0.27850211952874093,0.27850211952874093,0.0705372205570604,3.238100432942075,0.0,False,0,3,-0.0078835975365808,False,2,7,0,0,0,2240,0.2981035981759715,12,0.17142857142857143,1.1285714285714286,0.11428571428571428,0.0,0.834375,0.0,0.016517857142857143,0.02857142857142857,0.0,0.01607142857142857,0.040625,0.033035714285714286,0.0,0.014732142857142857,0.013839285714285714,0.002232142857142857,1,100,1,100,1,100,1,100,1,100,1,100,1,100,1,100,1,100,1,100
52,18.5,10.142857142857142,-9.0,5.707766618673422,18.5,0.23666666666666666,0.325,0.18867924528301888,0.16216216216216217,0.36666666666666664,0.18333333333333332,0.31666666666666665,0.28883333333333333,0.0,0.0,0.0,0.0,0.0,0.0,0.033333333333333326,0.004999999999999998,0.2926460514531361,0.2926460514531361,0.07911366022974131,3.1691721704455276,0.0,False,1,3,-0.0046080711887651615,False,2,7,0,0,0,2240,0.17765680979335813,9,0.12857142857142856,1.0714285714285714,0.07142857142857142,0.0,0.9129464285714286,0.023214285714285715,0.013839285714285714,0.014285714285714285,0.0,0.002232142857142857,0.0,0.0008928571428571428,0.0,0.014285714285714285,0.0125,0.005803571428571429,1,100,1,100,1,100,1,100,1,100,1,100,1,100,1,100,1,100,1,100
53,21.75,10.035714285714286,-11.75,5.779883893568213,15.5,0.24,0.4,0.11320754716981132,0.16216216216216217,0.2,0.21666666666666667,0.36666666666666664,0.24266666666666664,0.0,0.0,0.0,0.0,0.0,0.0,0.033333333333333326,0.004999999999999998,0.2767720552566523,0.2767720552566523,0.08085198715384129,3.2814003792342294,0.0,False,2,3,0.0011159499183451826,False,2,7,0,0,0,2240,0.20287985948258683,8,0.11428571428571428,1.042857142857143,0.04285714285714286,0.0,0.9008928571428572,0.0,0.0,0.0013392857142857143,0.013839285714285714,0.012946428571428572,0.014285714285714285,0.013392857142857142,0.014732142857142857,0.014285714285714285,0.014285714285714285,0.0,1,100,1,100,1,100,1,100,1,100,1,100,1,100,1,100,1,100,1,100
54,22.0,9.760714285714286,-7.0,5.636789610127695,22.0,0.32666666666666666,0.5166666666666667,0.2830188679245283,0.08108108108108109,0.4,0.5,0.3,0.36566666666666664,0.0,0.0,0.0,0.0,0.0,0.0,0.0,0.0,0.2902597688886557,0.2902597688886557,0.09540236795485335,3.174208446925062,0.0,False,1,3,-0.00227753693052013,False,2,7,0,0,0,2240,0.1964028777675687,13,0.18571428571428572,1.1428571428571428,0.14285714285714285,0.0,0.8941964285714286,0.0,0.014285714285714285,0.0017857142857142857,0.016517857142857143,0.048660714285714286,0.0,0.0,0.0,0.010267857142857143,0.004910714285714286,0.009375,1,100,1,100,1,100,1,100,1,100,1,100,1,100,1,100,1,100,1,100
55,21.0,9.939285714285715,-9.0,6.356066990288414,21.0,0.29,0.375,0.2641509433962264,0.1891891891891892,0.3,0.16666666666666666,0.35,0.29016666666666663,0.0,0.0,0.0,0.0,0.0,0.0,0.0,0.0,0.2848446589843314,0.2848446589843314,0.09478700503337976,3.165061006136686,0.0,True,3,3,0.005216219623549512,False,2,7,0,0,0,2240,0.23179835346321245,10,0.14285714285714285,1.1,0.08571428571428572,0.0,0.8839285714285714,0.0017857142857142857,0.0,0.007589285714285714,0.0,0.01607142857142857,0.004464285714285714,0.014285714285714285,0.015178571428571428,0.015625,0.013839285714285714,0.027232142857142858,1,100,1,100,1,100,1,100,1,100,1,100,1,100,1,100,1,100,1,100
56,17.5,10.017857142857142,-8.75,5.221234362227588,17.5,0.25,0.39166666666666666,0.18867924528301888,0.10810810810810811,0.3,0.36666666666666664,0.48333333333333334,0.3141666666666667,0.006666666666666665,0.016666666666666663,0.0,0.0,0.0,0.0,0.0,0.002666666666666666,0.23087696458124277,0.23087696458124277,0.06505754464054732,3.324872398321284,0.0,False,1,3,4.082743603700534e-05,False,2,7,0,0,0,2240,0.20146712900880379,10,0.14285714285714285,1.0714285714285714,0.07142857142857142,0.0,0.9022321428571428,0.014285714285714285,0.020982142857142855,0.014285714285714285,0.005357142857142857,0.008482142857142856,0.014285714285714285,0.011160714285714286,0.0,0.008928571428571428,0.0,0.0,1,100,1,100,1,100,1,100,1,100,1,100,1,100,1,100,1,100,1,100
57,18.5,10.060714285714285,-12.0,5.631947586473088,15.75,0.23666666666666666,0.39166666666666666,0.16981132075471697,0.08108108108108109,0.2,0.31111111111111106,0.38333333333333336,0.25327777777777777,0.006666666666666665,0.016666666666666663,0.0,0.0,0.0,0.033333333333333326,-0.016666666666666663,0.0034999999999999996,0.25044101282648285,0.25044101282648285,0.07413469883890489,3.3672947460318503,0.0,False,1,3,-0.008547089829104126,False,2,7,0,0,0,2240,0.17528136064073407,8,0.11428571428571428,1.0285714285714285,0.02857142857142857,0.0,0.9138392857142857,0.012053571428571429,0.014285714285714285,0.0,0.0,0.0,0.0,0.0004464285714285714,0.014285714285714285,0.014285714285714285,0.016517857142857143,0.014285714285714285,1,100,1,100,1,100,1,100,1,100,1,100,1,100,1,100,1,100,1,100
58,23.0,9.832142857142857,-8.75,6.068695580030679,13.5,0.24333333333333335,0.375,0.22641509433962265,0.05405405405405406,0.26666666666666666,0.3333333333333333,0.36666666666666664,0.27899999999999997,0.01333333333333333,0.016666666666666663,0.018867924528301883,0.0,0.0,0.033333333333333326,0.0,0.008666666666666665,0.24360982307017945,0.24360982307017945,0.07361425378523713,3.4143313409690297,0.0,False,1,3,-0.004744636320640927,False,2,7,0,0,0,2240,0.18474636699717517,9,0.12857142857142856,1.042857142857143,0.04285714285714286,0.0,0.9111607142857143,0.0,0.0,0.014285714285714285,0.014285714285714285,0.011160714285714286,0.014285714285714285,0.014285714285714285,0.0017857142857142857,0.014285714285714285,0.0,0.004464285714285714,1,100,1,100,1,100,1,100,1,100,1,100,1,100,1,100,1,100,1,100
59,18.5,10.178571428571429,-9.5,5.248833689691532,18.5,0.24333333333333335,0.375,0.1509433962264151,0.16216216216216217,0.35,0.3333333333333333,0.4666666666666667,0.32316666666666666,0.0,0.0,0.0,0.0,0.0,0.0,0.0,0.0,0.283676974880712,0.283676974880712,0.0934063296068202,3.194657490422587,0.0,False,0,3,0.0,False,2,7,0,0,0,2240,0.17917720773631018,8,0.11428571428571428,1.0857142857142856,0.04285714285714286,0.0,0.9138392857142857,0.014285714285714285,0.009821428571428571,0.015625,0.014285714285714285,0.0035714285714285713,0.0004464285714285714,0.0,0.014285714285714285,0.0004464285714285714,0.013392857142857142,0.0,1,100,1,100,1,100,1,100,1,100,1,100,1,100,1,100,1,100,1,100
60,20.0,9.982142857142858,-10.0,6.221712060495794,20.0,0.26222222222222225,0.3722222222222223,0.18867924528301888,0.1891891891891892,0.4,0.35,0.23333333333333334,0.31488888888888883,0.0,0.0,0.0,0.0,0.0,0.0,0.0,0.0,0.27734499359562487,0.27734499359562487,0.08107883660693703,3.1927105628101224,0.0,False,0,3,-0.0007984031936127955,False,2,7,0,0,0,2240,0.18217568063496004,8,0.11428571428571428,1.0714285714285714,0.07142857142857142,0.0,0.9058035714285714,0.0,0.026785714285714284,0.0013392857142857143,0.0,0.0004464285714285714,0.014732142857142857,0.014285714285714285,0.022321428571428572,0.0,0.014285714285714285,0.0,1,100,1,100,1,100,1,100,1,100,1,100,1,100,1,100,1,100,1,100
61,16.75,10.35,-9.0,4.405097155839012,16.75,0.3,0.38333333333333336,0.2641509433962264,0.21621621621621623,0.23333333333333334,0.21666666666666667,0.4,0.2833333333333333,0.0,0.0,0.0,0.0,0.0,0.0,0.0,0.0,0.2529638848140399,0.2529638848140399,0.09636004855325249,3.2189714036694776,0.0,False,0,3,0.0,False,2,7,0,0,0,2240,0.17556239214117572,7,0.1,1.0714285714285714,0.04285714285714286,0.0,0.9142857142857143,0.025892857142857145,0.014285714285714285,0.014732142857142857,0.004464285714285714,0.008482142857142856,0.011160714285714286,0.0,0.0,0.005803571428571429,0.0,0.0008928571428571428,1,100,1,100,1,100,1,100,1,100,1,100,1,100,1,100,1,100,1,100
62,19.5,10.096428571428572,-11.5,6.2107279772022475,19.5,0.31666666666666665,0.425,0.2641509433962264,0.21621621621621623,0.5,0.31666666666666665,0.2,0.36333333333333334,0.0,0.0,0.0,0.0,0.0,0.0,0.0,0.0,0.26352017274930484,0.26352017274930484,0.07014511806373865,3.2476661135560203,0.0,False,0,3,-0.0007575757575757347,False,2,7,0,0,0,2240,0.17247125919850187,8,0.11428571428571428,1.042857142857143,0.04285714285714286,0.0,0.915625,0.0,0.0,0.0004464285714285714,0.014285714285714285,0.0,0.0,0.014732142857142857,0.013839285714285714,0.0125,0.014285714285714285,0.014285714285714285,1,100,1,100,1,100,1,100,1,100,1,100,1,100,1,100,1,100,1,100
63,19.583333333333332,9.935714285714285,-13.0,6.077135972861974,19.583333333333332,0.28444444444444444,0.4111111111111111,0.16981132075471697,0.24324324324324326,0.2111111111111111,0.46111111111111114,0.4,0.29377777777777775,0.0,0.0,0.0,0.0,0.0,0.0,0.0,0.0,0.2845665793883816,0.2845665793883816,0.10840864820195317,3.2228317370370614,0.0,False,2,3,0.0016016160450184613,False,2,7,0,0,0,2240,0.20474259986951623,8,0.11428571428571428,1.0857142857142856,0.04285714285714286,0.0,0.9,0.0040178571428571425,0.016517857142857143,0.014285714285714285,0.012946428571428572,0.013839285714285714,0.014285714285714285,0.019196428571428573,0.004464285714285714,0.0004464285714285714,0.0,0.0,1,100,1,100,1,100,1,100,1,100,1,100,1,100,1,100,1,100,1,100
64,19.25,10.101190476190476,-11.0,5.71417224589724,19.25,0.18888888888888888,0.3222222222222222,0.11320754716981132,0.08108108108108109,0.26666666666666666,0.2833333333333333,0.4,0.2572222222222222,0.0,0.0,0.0,0.0,0.0,0.0,0.0,0.0,0.2720214554461723,0.2720214554461723,0.08019254177540015,3.214665484656827,0.0,False,0,3,0.0,False,2,7,0,0,0,2240,0.1723353994775607,7,0.1,1.042857142857143,0.04285714285714286,0.0,0.9142857142857143,0.026785714285714284,0.012946428571428572,0.014285714285714285,0.014285714285714285,0.0,0.0,0.0,0.0,0.010714285714285714,0.0013392857142857143,0.005357142857142857,1,100,1,100,1,100,1,100,1,100,1,100,1,100,1,100,1,100,1,100
65,18.083333333333336,9.907142857142857,-12.0,6.090822898653879,18.083333333333336,0.23333333333333334,0.35,0.16981132075471697,0.13513513513513514,0.26666666666666666,0.31666666666666665,0.5666666666666667,0.3033333333333333,0.0,0.0,0.0,0.0,0.0,0.0,0.0,0.0,0.29980264613768687,0.29980264613768687,0.08637187108076655,3.1539014705164337,0.0,False,0,3,0.0,False,2,7,0,0,0,2240,0.2005392861043596,8,0.11428571428571428,1.042857142857143,0.04285714285714286,0.0,0.9,0.004464285714285714,0.0,0.0,0.014285714285714285,0.005803571428571429,0.014285714285714285,0.011160714285714286,0.022767857142857142,0.003125,0.024107142857142858,0.0,1,100,1,100,1,100,1,100,1,100,1,100,1,100,1,100,1,100,1,100
66,18.5,10.157142857142857,-8.5,5.395021640679615,18.5,0.30666666666666664,0.43333333333333335,0.24528301886792453,0.1891891891891892,0.2833333333333333,0.2833333333333333,0.4222222222222222,0.3135,0.0,0.0,0.0,0.0,0.0,0.0,0.0,0.0,0.2704379120546785,0.2704379120546785,0.09224737818995088,3.139735607281239,0.0,False,1,3,0.0015151515151514694,False,2,7,0,0,0,2240,0.17606425533104353,8,0.11428571428571428,1.0142857142857142,0.014285714285714285,0.0,0.9129464285714286,0.014285714285714285,0.014285714285714285,0.015625,0.014285714285714285,0.014285714285714285,0.0,0.0,0.0,0.0,0.0,0.014285714285714285,1,100,1,100,1,100,1,100,1,100,1,100,1,100,1,100,1,100,1,100
67,18.0,10.007142857142858,-11.0,5.68382805515299,18.0,0.22666666666666666,0.38333333333333336,0.11320754716981132,0.13513513513513514,0.26666666666666666,0.23333333333333334,0.4,0.2673333333333333,0.0,0.0,0.0,0.0,0.0,0.0,0.0,0.0,0.2989333065644298,0.2989333065644298,0.09102282838485132,3.150081873492883,0.0,False,1,3,0.00079840319361274,False,2,7,0,0,0,2240,0.17933432323910517,8,0.11428571428571428,1.0714285714285714,0.05714285714285714,0.0,0.9142857142857143,0.005357142857142857,0.0013392857142857143,0.008928571428571428,0.0,0.0,0.014285714285714285,0.014285714285714285,0.0,0.014285714285714285,0.012946428571428572,0.014285714285714285,1,100,1,100,1,100,1,100,1,100,1,100,1,100,1,100,1,100,1,100
68,17.25,10.110714285714288,-8.5,5.279578833997944,17.25,0.2833333333333333,0.44166666666666665,0.20754716981132076,0.13513513513513514,0.2833333333333333,0.18333333333333332,0.36666666666666664,0.2858333333333333,0.0,0.0,0.0,0.0,0.0,0.0,0.0,0.0,0.23002497499828142,0.23002497499828142,0.07471468162615987,3.3234758485948883,0.0,False,0,3,0.0,False,2,7,0,0,0,2240,0.19738937810687895,8,0.11428571428571428,1.1428571428571428,0.05714285714285714,0.0,0.9,0.0035714285714285713,0.02544642857142857,0.015625,0.0008928571428571428,0.0125,0.004910714285714286,0.0125,0.024553571428571428,0.0,0.0,0.0,1,100,1,100,1,100,1,100,1,100,1,100,1,100,1,100,1,100,1,100
69,17.5,10.007142857142858,-11.25,5.891323032632818,17.5,0.23333333333333334,0.26666666666666666,0.2641509433962264,0.13513513513513514,0.2833333333333333,0.25,0.4666666666666667,0.28750000000000003,0.0,0.0,0.0,0.0,0.0,0.0,0.0,0.0,0.26754344542022196,0.26754344542022196,0.0670574695807363,3.285360185069802,0.0,False,0,3,0.0,False,2,7,0,0,0,2240,0.18105082951839122,7,0.1,1.042857142857143,0.04285714285714286,0.0,0.9142857142857143,0.01607142857142857,0.014285714285714285,0.009821428571428571,0.005803571428571429,0.0,0.0,0.0,0.008482142857142856,0.014285714285714285,0.004464285714285714,0.0125,1,100,1,100,1,100,1,100,1,100,1,100,1,100,1,100,1,100,1,100
70,19.0,9.864285714285714,-12.75,6.5205744498826625,19.0,0.3,0.5,0.16981132075471697,0.16216216216216217,0.19444444444444448,0.21666666666666667,0.23333333333333334,0.24472222222222223,0.0,0.0,0.0,0.0,0.0,0.0,0.0,0.0,0.2821622970439795,0.2821622970439795,0.09338682984523833,3.217063190158566,0.0,False,0,3,0.0,False,2,7,0,0,0,2240,0.1986487532210473,8,0.11428571428571428,1.0714285714285714,0.04285714285714286,0.0,0.9,0.0,0.011607142857142858,0.019642857142857142,0.014285714285714285,0.0013392857142857143,0.0017857142857142857,0.019196428571428573,0.0,0.023660714285714285,0.0,0.008482142857142856,1,100,1,100,1,100,1,100,1,100,1,100,1,100,1,100,1,100,1,100
71,17.0,10.217857142857143,-12.5,5.017870699863062,17.0,0.18666666666666668,0.26666666666666666,0.09433962264150944,0.1891891891891892,0.23333333333333334,0.2222222222222222,0.23333333333333334,0.21355555555555555,0.0,0.0,0.0,0.0,0.0,0.0,0.0,0.0,0.2827537270596934,0.2827537270596934,0.09211203369092409,3.1663276586658733,0.0,False,1,3,0.0015151515151514694,False,2,7,0,0,0,2240,0.167001997134316,7,0.1,1.0285714285714285,0.02857142857142857,0.0,0.9142857142857143,0.014732142857142857,0.014285714285714285,0.014285714285714285,0.0,0.0,0.0,0.0,0.024553571428571428,0.0,0.017857142857142856,0.0,1,100,1,100,1,100,1,100,1,100,1,100,1,100,1,100,1,100,1,100
72,20.0,9.742857142857142,-13.0,7.053364373091173,20.0,0.25666666666666665,0.325,0.18867924528301888,0.24324324324324326,0.21111111111111114,0.27777777777777773,0.2833333333333333,0.24683333333333335,0.0,0.0,0.0,0.0,0.0,0.0,0.0,0.0,0.2829200489127623,0.2829200489127623,0.08256480831691855,3.25762769823624,0.0,False,1,3,0.0003992015968063978,False,2,7,0,0,0,2240,0.1956310221752487,8,0.11428571428571428,1.0714285714285714,0.04285714285714286,0.0,0.9,0.0,0.0,0.0,0.0,0.003125,0.02544642857142857,0.014285714285714285,0.0125,0.0040178571428571425,0.023214285714285715,0.017410714285714286,1,100,1,100,1,100,1,100,1,100,1,100,1,100,1,100,1,100,1,100
73,20.25,10.042857142857143,-8.5,5.736902662081257,20.25,0.31333333333333335,0.4666666666666667,0.1509433962264151,0.2972972972972973,0.35,0.45,0.5,0.36783333333333335,0.0,0.0,0.0,0.0,0.0,0.0,0.0,0.0,0.26459239243309657,0.26459239243309657,0.08311048585559805,3.2213000796508484,0.0,False,1,3,0.0007984031936127955,False,2,7,0,0,0,2240,0.20455550227567076,8,0.11428571428571428,1.1142857142857143,0.05714285714285714,0.0,0.9017857142857143,0.005357142857142857,0.014285714285714285,0.01875,0.0004464285714285714,0.014285714285714285,0.013392857142857142,0.0,0.011160714285714286,0.005357142857142857,0.013839285714285714,0.0013392857142857143,1,100,1,100,1,100,1,100,1,100,1,100,1,100,1,100,1,100,1,100
74,20.0,10.010714285714286,-13.0,5.898100000574765,20.0,0.23333333333333334,0.325,0.1792452830188679,0.16216216216216217,0.18333333333333332,0.2,0.2833333333333333,0.22000000000000003,0.0,0.0,0.0,0.0,0.0,0.0,0.0,0.0,0.28947614081803535,0.28947614081803535,0.10845382376296452,3.1435115165798373,0.0,False,0,3,0.0,False,2,7,0,0,0,2240,0.19393205173269357,13,0.18571428571428572,1.1142857142857143,0.11428571428571428,0.0,0.9049107142857142,0.01607142857142857,0.0,0.01830357142857143,0.0004464285714285714,0.0004464285714285714,0.0,0.004464285714285714,0.014285714285714285,0.016964285714285713,0.011607142857142858,0.0125,1,100,1,100,1,100,1,100,1,100,1,100,1,100,1,100,1,100,1,100
75,18.5,10.371428571428572,-7.0,4.849801291017837,18.5,0.24,0.4,0.11320754716981132,0.16216216216216217,0.36666666666666664,0.2,0.3333333333333333,0.29433333333333334,0.0,0.0,0.0,0.0,0.0,0.0,0.0,0.0,0.25490613637031645,0.25490613637031645,0.08057355533547728,3.2528034839412086,0.0,False,0,3,0.0,False,2,7,0,0,0,2240,0.21708720848090013,12,0.17142857142857143,1.1428571428571428,0.11428571428571428,0.0,0.8933035714285714,0.0125,0.02544642857142857,0.016964285714285713,0.009375,0.016517857142857143,0.0008928571428571428,0.0017857142857142857,0.007589285714285714,0.013392857142857142,0.0017857142857142857,0.0004464285714285714,1,100,1,100,1,100,1,100,1,100,1,100,1,100,1,100,1,100,1,100
76,18.75,9.641666666666666,-11.25,7.000274229322326,18.75,0.24666666666666667,0.2833333333333333,0.24528301886792453,0.1891891891891892,0.3,0.2833333333333333,0.5,0.307,0.0,0.0,0.0,0.0,0.0,0.0,0.0,0.0,0.31088217261473156,0.31088217261473156,0.10685747890855746,3.1022330111591345,0.0,False,2,3,0.0016016160450184058,False,2,7,0,0,0,2240,0.2559120288482642,16,0.22857142857142856,1.2571428571428571,0.18571428571428572,0.0,0.8700892857142857,0.008482142857142856,0.011160714285714286,0.017410714285714286,0.003125,0.01607142857142857,0.020535714285714286,0.03125,0.0008928571428571428,0.008928571428571428,0.012053571428571429,0.0,1,100,1,100,1,100,1,100,1,100,1,100,1,100,1,100,1,100,1,100
77,17.0,10.042857142857143,-8.75,5.495141123184992,14.0,0.2733333333333333,0.35,0.22641509433962265,0.21621621621621623,0.3333333333333333,0.3333333333333333,0.43333333333333335,0.3243333333333333,0.0,0.0,0.0,0.0,0.033333333333333326,0.0,-0.033333333333333326,0.006666666666666665,0.29623029710325,0.29623029710325,0.10269858238980235,3.179157420828296,0.0,False,1,3,-0.001515151515151525,False,2,7,0,0,0,2240,0.2203765943704125,9,0.12857142857142856,1.1,0.08571428571428572,0.0,0.89375,0.013839285714285714,0.008482142857142856,0.014285714285714285,0.005357142857142857,0.0,0.00625,0.01875,0.011607142857142858,0.013392857142857142,0.014285714285714285,0.0,1,100,1,100,1,100,1,100,1,100,1,100,1,100,1,100,1,100,1,100
78,19.083333333333332,10.288095238095238,-5.5,4.636053623210037,19.083333333333332,0.25666666666666665,0.375,0.22641509433962265,0.10810810810810811,0.3,0.2,0.31666666666666665,0.27516666666666667,0.0,0.0,0.0,0.0,0.0,0.0,0.0,0.0,0.28067008856814785,0.28067008856814785,0.09858016715747038,3.1546085995223865,0.0,False,0,3,0.0,False,2,7,0,0,0,2240,0.14701840718366097,7,0.1,1.0571428571428572,0.04285714285714286,0.0,0.9303571428571429,0.0,0.014285714285714285,0.012053571428571429,0.008928571428571428,0.014732142857142857,0.0,0.0040178571428571425,0.0013392857142857143,0.0,0.0,0.014285714285714285,1,100,1,100,1,100,1,100,1,100,1,100,1,100,1,100,1,100,1,100
79,19.333333333333336,9.896428571428572,-10.25,5.930156247344064,19.333333333333336,0.25333333333333335,0.4,0.20754716981132076,0.08108108108108109,0.31666666666666665,0.4666666666666667,0.38333333333333336,0.31633333333333336,0.0,0.0,0.0,0.0,0.0,0.0,0.0,0.0,0.30134047956174786,0.30134047956174786,0.11125110130232414,3.13854075346933,0.0,False,0,3,0.0,False,2,7,0,0,0,2240,0.19330472219184636,9,0.12857142857142856,1.1142857142857143,0.11428571428571428,0.0,0.9066964285714286,0.0,0.013839285714285714,0.008482142857142856,0.0,0.0017857142857142857,0.012053571428571429,0.0,0.014732142857142857,0.014285714285714285,0.014285714285714285,0.013839285714285714,1,100,1,100,1,100,1,100,1,100,1,100,1,100,1,100,1,100,1,100
80,20.25,10.042857142857143,-10.0,5.5698975307810965,20.25,0.23666666666666666,0.35833333333333334,0.16981132075471697,0.13513513513513514,0.5,0.25,0.36666666666666664,0.3496666666666667,0.0,0.0,0.0,0.0,0.0,0.0,0.0,0.0,0.2707339003385465,0.2707339003385465,0.08518148077703665,3.205913711095516,0.0,False,0,3,-0.0008032128514056103,False,2,7,0,0,0,2240,0.17842423526513101,10,0.14285714285714285,1.1,0.08571428571428572,0.0,0.9116071428571428,0.014285714285714285,0.0125,0.0017857142857142857,0.027232142857142858,0.014732142857142857,0.004910714285714286,0.0004464285714285714,0.0,0.012053571428571429,0.0,0.0004464285714285714,1,100,1,100,1,100,1,100,1,100,1,100,1,100,1,100,1,100,1,100
81,20.25,9.889285714285714,-10.0,5.556094205746448,14.0,0.24333333333333335,0.35833333333333334,0.20754716981132076,0.10810810810810811,0.2833333333333333,0.13888888888888887,0.43333333333333335,0.2753888888888889,-0.006666666666666665,-0.033333333333333326,0.018867924528301883,0.0,0.0,0.0,0.033333333333333326,0.0023333333333333322,0.25474776381276637,0.25474776381276637,0.08395727712155099,3.27989375393062,0.0,False,0,3,-0.00766222210562445,False,2,7,0,0,0,2240,0.18879269329968656,9,0.12857142857142856,1.1285714285714286,0.08571428571428572,0.0,0.9080357142857143,0.01607142857142857,0.005803571428571429,0.0,0.017410714285714286,0.0008928571428571428,0.0026785714285714286,0.0125,0.0004464285714285714,0.020089285714285716,0.0013392857142857143,0.014732142857142857,1,100,1,100,1,100,1,100,1,100,1,100,1,100,1,100,1,100,1,100
82,19.833333333333332,9.82857142857143,-11.0,6.282919427353199,19.833333333333332,0.32,0.4666666666666667,0.20754716981132076,0.24324324324324326,0.21666666666666667,0.35,0.4666666666666667,0.3088333333333333,0.0,0.0,0.0,0.0,0.0,0.0,0.0,0.0,0.257964410718541,0.257964410718541,0.08864734933200412,3.1896981138125358,0.0,False,1,3,0.0015151515151514694,False,2,7,0,0,0,2240,0.20762712083582038,11,0.15714285714285714,1.0857142857142856,0.07142857142857142,0.0,0.8973214285714286,0.0,0.0,0.014285714285714285,0.014285714285714285,0.014732142857142857,0.014732142857142857,0.016517857142857143,0.013392857142857142,0.014285714285714285,0.0,0.0004464285714285714,1,100,1,100,1,100,1,100,1,100,1,100,1,100,1,100,1,100,1,100
83,18.0,10.267857142857144,-7.0,4.892046769874493,18.0,0.24,0.3333333333333333,0.16981132075471697,0.1891891891891892,0.18333333333333332,0.38333333333333336,0.2,0.2285,0.0,0.0,0.0,0.0,0.0,0.0,0.0,0.0,0.24911547842613424,0.24911547842613424,0.07092920766717752,3.268686850468468,0.0,False,0,3,0.0,False,2,7,0,0,0,2240,0.17759507407747105,8,0.11428571428571428,1.0714285714285714,0.07142857142857142,0.0,0.9133928571428571,0.013839285714285714,0.014285714285714285,0.012946428571428572,0.002232142857142857,0.005357142857142857,0.0,0.0,0.012946428571428572,0.0017857142857142857,0.0,0.023214285714285715,1,100,1,100,1,100,1,100,1,100,1,100,1,100,1,100,1,100,1,100
84,20.5,9.833333333333332,-12.333333333333334,6.608961568648514,17.0,0.22666666666666666,0.4,0.1320754716981132,0.08108108108108109,0.3,0.23333333333333334,0.2833333333333333,0.26149999999999995,0.006666666666666665,0.016666666666666663,0.0,0.0,0.0,0.0,0.0,0.002666666666666666,0.2962574121563372,0.2962574121563372,0.103293121679241,3.1555014286869856,0.0,False,2,3,0.0016016160450184058,False,2,7,0,0,0,2240,0.20563089773267018,8,0.11428571428571428,1.0571428571428572,0.04285714285714286,0.0,0.9,0.0004464285714285714,0.002232142857142857,0.0,0.0,0.014285714285714285,0.013839285714285714,0.01607142857142857,0.013839285714285714,0.014285714285714285,0.010714285714285714,0.014285714285714285,1,100,1,100,1,100,1,100,1,100,1,100,1,100,1,100,1,100,1,100
85,20.0,9.957142857142857,-9.0,6.09336652814013,20.0,0.25666666666666665,0.39166666666666666,0.18867924528301888,0.13513513513513514,0.2,0.11666666666666667,0.25,0.22183333333333333,0.0,0.0,0.0,0.0,0.0,0.0,0.0,0.0,0.2687810396002446,0.2687810396002446,0.08387768092875948,3.168683953742752,0.0,False,0,3,0.0,False,2,7,0,0,0,2240,0.20103488394684732,8,0.11428571428571428,1.0285714285714285,0.02857142857142857,0.0,0.9,0.013839285714285714,0.014285714285714285,0.014285714285714285,0.014285714285714285,0.005357142857142857,0.014285714285714285,0.023214285714285715,0.0,0.0004464285714285714,0.0,0.0,1,100,1,100,1,100,1,100,1,100,1,100,1,100,1,100,1,100,1,100
86,20.083333333333332,9.902380952380952,-12.5,6.25995986454138,20.083333333333332,0.22666666666666666,0.2833333333333333,0.1509433962264151,0.24324324324324326,0.18333333333333332,0.3,0.36666666666666664,0.23983333333333332,0.0,0.0,0.0,0.0,0.0,0.0,0.0,0.0,0.24633518043625538,0.24633518043625538,0.07296360789434882,3.249695096845375,0.0,False,1,3,0.0015151515151514972,False,2,7,0,0,0,2240,0.17828165634759163,8,0.11428571428571428,1.0857142857142856,0.05714285714285714,0.0,0.9066964285714286,0.0013392857142857143,0.0,0.0,0.0,0.0,0.0,0.005803571428571429,0.025892857142857145,0.016964285714285713,0.021875,0.02142857142857143,1,100,1,100,1,100,1,100,1,100,1,100,1,100,1,100,1,100,1,100
87,22.583333333333332,10.042857142857143,-8.5,5.959248894977476,22.583333333333332,0.24666666666666667,0.38333333333333336,0.1509433962264151,0.16216216216216217,0.2833333333333333,0.21666666666666667,0.4666666666666667,0.2895,0.0,0.0,0.0,0.0,0.0,0.0,0.0,0.0,0.2574281035106372,0.2574281035106372,0.08433612876474143,3.23427598982393,0.0,False,1,3,0.001515151515151525,False,2,7,0,0,0,2240,0.19748910181866916,8,0.11428571428571428,1.0142857142857142,0.014285714285714285,0.0,0.9,0.0,0.014285714285714285,0.014285714285714285,0.026785714285714284,0.014285714285714285,0.014285714285714285,0.014285714285714285,0.0017857142857142857,0.0,0.0,0.0,1,100,1,100,1,100,1,100,1,100,1,100,1,100,1,100,1,100,1,100
88,17.0,9.989285714285714,-10.75,5.867449917759415,13.75,0.19,0.2916666666666667,0.11320754716981132,0.13513513513513514,0.35,0.09444444444444446,0.35,0.2604444444444444,0.006666666666666665,0.016666666666666663,0.0,0.0,0.0,0.0,0.0,0.002666666666666666,0.296240572281262,0.296240572281262,0.09393850123775814,3.167717030342382,0.0,False,0,3,-0.0008032128514056103,False,2,7,0,0,0,2240,0.20054498635996146,8,0.11428571428571428,1.042857142857143,0.02857142857142857,0.0,0.9022321428571428,0.013392857142857142,0.014285714285714285,0.014285714285714285,0.0,0.0013392857142857143,0.0,0.014285714285714285,0.0,0.015178571428571428,0.014285714285714285,0.010714285714285714,1,100,1,100,1,100,1,100,1,100,1,100,1,100,1,100,1,100,1,100
89,19.25,9.989285714285714,-12.0,6.419478688542634,19.25,0.2966666666666667,0.4083333333333333,0.22641509433962265,0.21621621621621623,0.15,0.21666666666666667,0.31666666666666665,0.24033333333333334,0.0,0.0,0.0,0.0,0.0,0.0,0.0,0.0,0.25891065016128145,0.25891065016128145,0.0854646372339901,3.2479697414225943,0.0,False,0,3,0.0,False,2,7,0,0,0,2240,0.2023059974540325,8,0.11428571428571428,1.042857142857143,0.04285714285714286,0.0,0.9,0.0,0.01607142857142857,0.0,0.014285714285714285,0.014285714285714285,0.013839285714285714,0.010714285714285714,0.016517857142857143,0.014285714285714285,0.0,0.0,1,100,1,100,1,100,1,100,1,100,1,100,1,100,1,100,1,100,1,100
90,19.833333333333336,10.178571428571429,-9.5,5.395035300690036,19.833333333333336,0.26666666666666666,0.36666666666666664,0.24528301886792453,0.13513513513513514,0.2388888888888889,0.26666666666666666,0.3333333333333333,0.26694444444444443,0.0,0.0,0.0,0.0,0.0,0.0,0.0,0.0,0.269604972846081,0.269604972846081,0.07351693108853487,3.235888208978173,0.0,False,1,3,0.0007575757575757347,False,2,7,0,0,0,2240,0.1730432884011425,7,0.1,1.0571428571428572,0.04285714285714286,0.0,0.9142857142857143,0.022767857142857142,0.014285714285714285,0.017410714285714286,0.0013392857142857143,0.005357142857142857,0.010267857142857143,0.0,0.0,0.0,0.0,0.014285714285714285,1,100,1,100,1,100,1,100,1,100,1,100,1,100,1,100,1,100,1,100
91,18.0,9.92142857142857,-15.0,6.267149261342479,18.0,0.29,0.525,0.16981132075471697,0.08108108108108109,0.2,0.3333333333333333,0.4166666666666667,0.2818333333333333,0.0,0.0,0.0,0.0,0.0,0.0,0.0,0.0,0.28063248578904015,0.28063248578904015,0.08423136081494065,3.2551947036922866,0.0,False,0,3,0.0,False,2,7,0,0,0,2240,0.17615695881676852,7,0.1,1.0714285714285714,0.05714285714285714,0.0,0.9151785714285714,0.0,0.002232142857142857,0.0,0.0008928571428571428,0.0,0.012946428571428572,0.012053571428571429,0.014732142857142857,0.013392857142857142,0.014285714285714285,0.014285714285714285,1,100,1,100,1,100,1,100,1,100,1,100,1,100,1,100,1,100,1,100
92,18.5,10.092857142857143,-8.5,5.905531823845248,18.5,0.20333333333333334,0.30833333333333335,0.1509433962264151,0.10810810810810811,0.39444444444444443,0.27777777777777773,0.36666666666666664,0.3021666666666667,0.0,0.0,0.0,0.0,0.0,0.0,0.0,0.0,0.2694813549243244,0.2694813549243244,0.07956620530388657,3.237427736713503,0.0,False,0,3,-0.0007984031936127955,False,2,7,0,0,0,2240,0.19300341445534572,8,0.11428571428571428,1.0571428571428572,0.04285714285714286,0.0,0.9089285714285714,0.014285714285714285,0.0004464285714285714,0.012053571428571429,0.014285714285714285,0.014285714285714285,0.005357142857142857,0.014285714285714285,0.010267857142857143,0.002232142857142857,0.0035714285714285713,0.0,1,100,1,100,1,100,1,100,1,100,1,100,1,100,1,100,1,100,1,100
93,19.5,9.980952380952381,-13.0,5.977656337014257,19.5,0.24666666666666667,0.3333333333333333,0.24528301886792453,0.10810810810810811,0.38333333333333336,0.3944444444444445,0.36666666666666664,0.3272777777777778,0.0,0.0,0.0,0.0,0.0,0.0,0.0,0.0,0.26763484713668684,0.26763484713668684,0.0851207952842034,3.2797859738718977,0.0,False,1,3,0.0003992015968063978,False,2,7,0,0,0,2240,0.17843378947189611,7,0.1,1.0571428571428572,0.02857142857142857,0.0,0.9142857142857143,0.009821428571428571,0.014285714285714285,0.0,0.0,0.0013392857142857143,0.013839285714285714,0.003125,0.0,0.014285714285714285,0.014732142857142857,0.014285714285714285,1,100,1,100,1,100,1,100,1,100,1,100,1,100,1,100,1,100,1,100
94,19.25,9.948809523809524,-11.333333333333334,6.255389626267674,19.25,0.27666666666666667,0.4583333333333333,0.1509433962264151,0.16216216216216217,0.3,0.22777777777777777,0.36666666666666664,0.29344444444444445,0.0,0.0,0.0,0.0,0.0,0.0,0.0,0.0,0.28152517527923343,0.28152517527923343,0.08716531886938063,3.1686702170686005,0.0,False,1,3,0.002008032128514081,False,2,7,0,0,0,2240,0.18115451796537774,6,0.08571428571428572,1.042857142857143,0.02857142857142857,0.0,0.9,0.0,0.0,0.012053571428571429,0.0,0.004464285714285714,0.02857142857142857,0.014285714285714285,0.0,0.040625,0.0,0.0,1,100,1,100,1,100,1,100,1,100,1,100,1,100,1,100,1,100,1,100
95,19.0,10.146428571428572,-9.0,5.221320678319839,19.0,0.24333333333333335,0.39166666666666666,0.16981132075471697,0.10810810810810811,0.16666666666666666,0.2833333333333333,0.26666666666666666,0.22400000000000003,0.0,0.0,0.0,0.0,0.0,0.0,0.0,0.0,0.2966573910715748,0.2966573910715748,0.11391120642978374,3.1978606678574217,0.0,False,0,3,0.0,False,2,7,0,0,0,2240,0.1610873165094676,7,0.1,1.0285714285714285,0.02857142857142857,0.0,0.9142857142857143,0.0,0.028125,0.014285714285714285,0.014285714285714285,0.0,0.0,0.0,0.0,0.0,0.0017857142857142857,0.027232142857142858,1,100,1,100,1,100,1,100,1,100,1,100,1,100,1,100,1,100,1,100
96,18.0,9.638095238095238,-12.833333333333334,7.231940914288163,18.0,0.31,0.35833333333333334,0.2830188679245283,0.2702702702702703,0.25,0.36666666666666664,0.4,0.30816666666666664,0.0,0.0,0.0,0.0,0.0,0.0,0.0,0.0,0.2512610412617627,0.2512610412617627,0.09028115121831304,3.28949570738042,0.0,False,2,3,0.002318364366557135,False,2,7,0,0,0,2240,0.24910834180745295,11,0.15714285714285714,1.1142857142857143,0.08571428571428572,0.0,0.8700892857142857,0.0017857142857142857,0.0,0.0008928571428571428,0.0,0.009375,0.014285714285714285,0.022321428571428572,0.026785714285714284,0.014285714285714285,0.011607142857142858,0.02857142857142857,1,100,1,100,1,100,1,100,1,100,1,100,1,100,1,100,1,100,1,100
97,20.0,10.232142857142858,-8.0,5.302550540406012,14.25,0.21333333333333335,0.35,0.09433962264150944,0.16216216216216217,0.32222222222222224,0.3777777777777777,0.45,0.30338888888888893,0.006666666666666665,0.016666666666666663,0.0,0.0,0.0,0.0,0.0,0.002666666666666666,0.2936106003886106,0.2936106003886106,0.09803569810603935,3.117758058180827,0.0,False,0,3,0.0,False,2,7,0,0,0,2240,0.1736481453547113,7,0.1,1.0142857142857142,0.014285714285714285,0.0,0.9142857142857143,0.014285714285714285,0.017410714285714286,0.014285714285714285,0.014285714285714285,0.014285714285714285,0.011160714285714286,0.0,0.0,0.0,0.0,0.0,1,100,1,100,1,100,1,100,1,100,1,100,1,100,1,100,1,100,1,100
98,20.0,9.525,-11.5,7.256282855086058,20.0,0.2733333333333333,0.35,0.20754716981132076,0.24324324324324326,0.48333333333333334,0.17777777777777776,0.4,0.35627777777777775,0.0,0.0,0.0,0.0,0.0,0.0,0.0,0.0,0.2922958269902935,0.2922958269902935,0.09063049512512034,3.2243828152384535,0.0,True,2,3,0.005050505050505083,False,2,7,0,0,0,2240,0.3334921060454724,12,0.17142857142857143,1.1142857142857143,0.1,0.0,0.825,0.016517857142857143,0.02857142857142857,0.02857142857142857,0.0035714285714285713,0.004464285714285714,0.025,0.015625,0.008482142857142856,0.009821428571428571,0.0125,0.021875,1,100,1,100,1,100,1,100,1,100,1,100,1,100,1,100,1,100,1,100
99,18.25,9.960714285714285,-7.75,5.362656025564765,15.833333333333334,0.25333333333333335,0.3333333333333333,0.20754716981132076,0.1891891891891892,0.2,0.3333333333333333,0.38333333333333336,0.26216666666666666,0.0,-0.016666666666666663,0.018867924528301883,0.0,0.033333333333333354,0.0,-0.033333333333333326,0.006666666666666674,0.24092676275779948,0.24092676275779948,0.061766493786189335,3.3470370868339994,0.0,False,0,3,-0.008855017238250773,False,2,7,0,0,0,2240,0.2029942262338663,9,0.12857142857142856,1.1142857142857143,0.05714285714285714,0.0,0.8946428571428572,0.0,0.03482142857142857,0.01607142857142857,0.019642857142857142,0.0008928571428571428,0.005357142857142857,0.01607142857142857,0.0017857142857142857,0.0,0.010714285714285714,0.0,1,100,1,100,1,100,1,100,1,100,1,100,1,100,1,100,1,100,1,100
100,17.0,9.664285714285715,-14.0,6.973290474758059,17.0,0.28,0.5166666666666667,0.11320754716981132,0.13513513513513514,0.35,0.3777777777777777,0.2,0.30227777777777776,0.0,0.0,0.0,0.0,0.0,0.0,0.0,0.0,0.28344979749640314,0.28344979749640314,0.09274920403807208,3.200275771931857,0.0,False,0,3,0.0,False,2,7,0,0,0,2240,0.24691881701107596,11,0.15714285714285714,1.0857142857142856,0.05714285714285714,0.0,0.8776785714285714,0.01830357142857143,0.014285714285714285,0.014285714285714285,0.014285714285714285,0.010267857142857143,0.00625,0.0,0.005357142857142857,0.0008928571428571428,0.024107142857142858,0.014285714285714285,1,100,1,100,1,100,1,100,1,100,1,100,1,100,1,100,1,100,1,100
101,20.75,9.710714285714285,-12.5,6.4670136969440986,20.75,0.26,0.4,0.20754716981132076,0.10810810810810811,0.19444444444444445,0.2916666666666667,0.36666666666666664,0.25622222222222224,0.0,0.0,0.0,0.0,0.0,0.0,0.0,0.0,0.29456387213403307,0.29456387213403307,0.08437563233032536,3.1489996458342895,0.0,False,0,3,0.0,False,2,7,0,0,0,2240,0.21390147319017927,9,0.12857142857142856,1.1,0.05714285714285714,0.0,0.8959821428571428,0.004464285714285714,0.02142857142857143,0.007589285714285714,0.0013392857142857143,0.0017857142857142857,0.014285714285714285,0.014285714285714285,0.01875,0.0,0.005803571428571429,0.014285714285714285,1,100,1,100,1,100,1,100,1,100,1,100,1,100,1,100,1,100,1,100
102,25.25,9.989285714285714,-9.75,6.179088541531156,25.25,0.24666666666666667,0.4,0.16981132075471697,0.10810810810810811,0.4166666666666667,0.2916666666666667,0.26666666666666666,0.3136666666666667,0.0,0.0,0.0,0.0,0.0,0.0,0.0,0.0,0.2714772596707522,0.2714772596707522,0.09286418036508216,3.255177924545214,0.0,False,0,3,0.0,False,2,7,0,0,0,2240,0.14819924800784118,7,0.1,1.1,0.05714285714285714,0.0,0.91875,0.004464285714285714,0.0,0.028125,0.04107142857142857,0.0008928571428571428,0.0013392857142857143,0.0,0.0017857142857142857,0.0,0.0,0.0035714285714285713,1,100,1,100,1,100,1,100,1,100,1,100,1,100,1,100,1,100,1,100
103,18.0,9.846428571428572,-13.25,6.1986883487474955,18.0,0.24333333333333335,0.35833333333333334,0.1509433962264151,0.1891891891891892,0.38333333333333336,0.4,0.23333333333333334,0.3065,0.0,0.0,0.0,0.0,0.0,0.0,0.0,0.0,0.2696049607004805,0.2696049607004805,0.07009982711952267,3.1927078664868147,0.0,False,0,3,-0.0031119579023770605,False,2,7,0,0,0,2240,0.171324494031005,7,0.1,1.0571428571428572,0.04285714285714286,0.0,0.9142857142857143,0.0,0.0,0.0,0.0,0.0004464285714285714,0.011160714285714286,0.02544642857142857,0.013839285714285714,0.01607142857142857,0.004464285714285714,0.014285714285714285,1,100,1,100,1,100,1,100,1,100,1,100,1,100,1,100,1,100,1,100
104,19.5,10.153571428571428,-8.25,5.439323234088774,19.5,0.20666666666666667,0.31666666666666665,0.11320754716981132,0.16216216216216217,0.4,0.2388888888888889,0.23333333333333334,0.28155555555555556,0.0,0.0,0.0,0.0,0.0,0.0,0.0,0.0,0.27436777291225023,0.27436777291225023,0.08967854725015102,3.1674987192464292,0.0,False,0,3,0.0,False,2,7,0,0,0,2240,0.19960679840682893,8,0.11428571428571428,1.042857142857143,0.02857142857142857,0.0,0.9,0.014285714285714285,0.021875,0.019196428571428573,0.014285714285714285,0.01607142857142857,0.009375,0.0,0.0,0.0,0.0,0.004910714285714286,1,100,1,100,1,100,1,100,1,100,1,100,1,100,1,100,1,100,1,100
105,17.75,9.970238095238095,-7.25,5.686660032414725,17.75,0.26666666666666666,0.43333333333333335,0.1320754716981132,0.1891891891891892,0.35,0.2833333333333333,0.3,0.3025,0.0,0.0,0.0,0.0,0.0,0.0,0.0,0.0,0.25932885962284996,0.25932885962284996,0.08546280932111681,3.2206568061394556,0.0,False,0,3,0.0,False,2,7,0,0,0,2240,0.2002905495107027,8,0.11428571428571428,1.1142857142857143,0.08571428571428572,0.0,0.9017857142857143,0.003125,0.019196428571428573,0.0125,0.0026785714285714286,0.019196428571428573,0.006696428571428571,0.0,0.014285714285714285,0.01875,0.0,0.0017857142857142857,1,100,1,100,1,100,1,100,1,100,1,100,1,100,1,100,1,100,1,100
106,18.75,9.957142857142857,-10.0,5.9377849615351606,18.75,0.21,0.30833333333333335,0.1509433962264151,0.13513513513513514,0.31666666666666665,0.26666666666666666,0.36666666666666664,0.27649999999999997,0.0,0.0,0.0,0.0,0.0,0.0,0.0,0.0,0.25832717551388645,0.25832717551388645,0.054654728513035995,3.2634287649600395,0.0,False,0,3,-0.0007984031936127955,False,2,7,0,0,0,2240,0.20584612741241787,8,0.11428571428571428,1.0571428571428572,0.02857142857142857,0.0,0.9,0.0004464285714285714,0.0,0.014285714285714285,0.014285714285714285,0.014285714285714285,0.015625,0.014285714285714285,0.014285714285714285,0.009821428571428571,0.0,0.0026785714285714286,1,100,1,100,1,100,1,100,1,100,1,100,1,100,1,100,1,100,1,100
107,18.0,10.041666666666666,-8.5,5.39302073230278,17.0,0.23333333333333334,0.36666666666666664,0.16981132075471697,0.10810810810810811,0.23333333333333334,0.35,0.3,0.25499999999999995,0.0,0.0,0.0,0.0,0.0,0.0,0.0,0.0,0.25258957562543166,0.25258957562543166,0.06485918269339379,3.2506733338725984,0.0,False,0,3,0.0,False,2,7,0,0,0,2240,0.20555274586496672,8,0.11428571428571428,1.1428571428571428,0.07142857142857142,0.0,0.903125,0.015178571428571428,0.014285714285714285,0.012946428571428572,0.008928571428571428,0.013839285714285714,0.005803571428571429,0.015178571428571428,0.002232142857142857,0.0035714285714285713,0.004910714285714286,0.0,1,100,1,100,1,100,1,100,1,100,1,100,1,100,1,100,1,100,1,100
108,19.0,9.807142857142857,-12.0,6.364670948382103,19.0,0.19666666666666666,0.35833333333333334,0.05660377358490566,0.13513513513513514,0.11666666666666667,0.31666666666666665,0.25,0.18866666666666668,0.0,0.0,0.0,0.0,0.0,0.0,0.0,0.0,0.2940964365536907,0.2940964365536907,0.08586178015151395,3.1273206234482473,0.0,False,0,3,0.0,False,2,7,0,0,0,2240,0.18700973427997683,8,0.11428571428571428,1.0857142857142856,0.04285714285714286,0.0,0.9080357142857143,0.023660714285714285,0.008928571428571428,0.0,0.0004464285714285714,0.014285714285714285,0.004464285714285714,0.0,0.014285714285714285,0.017857142857142856,0.007589285714285714,0.0004464285714285714,1,100,1,100,1,100,1,100,1,100,1,100,1,100,1,100,1,100,1,100
109,18.5,10.267857142857142,-6.5,5.126976832394437,18.5,0.22333333333333333,0.375,0.09433962264150944,0.16216216216216217,0.13333333333333333,0.1111111111111111,0.38333333333333336,0.2046111111111111,0.0,0.0,0.0,0.0,0.0,0.0,0.0,0.0,0.2863485964665533,0.2863485964665533,0.08129496756760302,3.2061961145252393,0.0,False,0,3,-0.0012000096193156007,False,2,7,0,0,0,2240,0.18635122003959897,8,0.11428571428571428,1.0285714285714285,0.014285714285714285,0.0,0.9089285714285714,0.014285714285714285,0.014285714285714285,0.015178571428571428,0.014285714285714285,0.014285714285714285,0.0,0.014285714285714285,0.0,0.0,0.004464285714285714,0.0,1,100,1,100,1,100,1,100,1,100,1,100,1,100,1,100,1,100,1,100
110,20.0,9.878571428571428,-11.75,6.406170848745034,20.0,0.2733333333333333,0.43333333333333335,0.20754716981132076,0.10810810810810811,0.4166666666666667,0.3,0.36666666666666664,0.3401666666666666,0.0,0.0,0.0,0.0,0.0,0.0,0.0,0.0,0.2502949316166256,0.2502949316166256,0.07301767403491666,3.25264540287807,0.0,False,0,3,0.0,False,2,7,0,0,0,2240,0.17147264309938295,7,0.1,1.0857142857142856,0.04285714285714286,0.0,0.9138392857142857,0.0017857142857142857,0.0,0.014285714285714285,0.0,0.003125,0.002232142857142857,0.0,0.01875,0.029017857142857144,0.014285714285714285,0.0026785714285714286,1,100,1,100,1,100,1,100,1,100,1,100,1,100,1,100,1,100,1,100
111,17.666666666666668,10.172619047619046,-9.5,5.270280583261564,17.666666666666668,0.25,0.39166666666666666,0.16981132075471697,0.13513513513513514,0.36666666666666664,0.35,0.36666666666666664,0.3183333333333333,0.0,0.0,0.0,0.0,0.0,0.0,0.0,0.0,0.2874395968923781,0.2874395968923781,0.1002940267693893,3.1899475419369367,0.0,False,0,3,0.0,False,2,7,0,0,0,2240,0.20704004420190464,8,0.11428571428571428,1.0285714285714285,0.02857142857142857,0.0,0.9,0.0035714285714285713,0.014285714285714285,0.010714285714285714,0.014285714285714285,0.014285714285714285,0.014285714285714285,0.014285714285714285,0.0008928571428571428,0.0,0.013392857142857142,0.0,1,100,1,100,1,100,1,100,1,100,1,100,1,100,1,100,1,100,1,100
112,19.5,10.092857142857143,-9.5,5.8671560749790235,19.5,0.25,0.325,0.16981132075471697,0.24324324324324326,0.2833333333333333,0.25555555555555554,0.35,0.2772222222222222,0.0,0.0,0.0,0.0,0.0,0.0,0.0,0.0,0.2423815020561287,0.2423815020561287,0.077675353928871,3.2917621493048954,0.0,False,0,3,0.0,False,2,7,0,0,0,2240,0.20052345940215827,8,0.11428571428571428,1.042857142857143,0.02857142857142857,0.0,0.9017857142857143,0.017410714285714286,0.014285714285714285,0.014285714285714285,0.0,0.0,0.009375,0.0,0.0008928571428571428,0.014285714285714285,0.013392857142857142,0.014285714285714285,1,100,1,100,1,100,1,100,1,100,1,100,1,100,1,100,1,100,1,100
113,19.0,9.782142857142857,-13.75,6.71435758573489,19.0,0.23555555555555557,0.35555555555555557,0.16981132075471697,0.13513513513513514,0.25,0.2,0.38333333333333336,0.25922222222222224,0.0,0.0,0.0,0.0,0.0,0.0,0.0,0.0,0.29454330963240855,0.29454330963240855,0.09772791644409855,3.142075870165474,0.0,False,0,3,0.0,False,2,7,0,0,0,2240,0.20217208569688952,8,0.11428571428571428,1.0571428571428572,0.04285714285714286,0.0,0.9,0.0,0.0,0.0,0.014285714285714285,0.023660714285714285,0.010267857142857143,0.014285714285714285,0.0017857142857142857,0.01875,0.008928571428571428,0.008035714285714285,1,100,1,100,1,100,1,100,1,100,1,100,1,100,1,100,1,100,1,100
114,19.0,10.20595238095238,-7.5,5.223681603026349,18.75,0.26777777777777784,0.3861111111111111,0.16981132075471697,0.21621621621621623,0.23333333333333334,0.14444444444444446,0.4166666666666667,0.26572222222222225,0.0,0.0,0.0,0.0,0.0,0.0,0.0,0.0,0.23356937093319752,0.23356937093319752,0.06328393474703264,3.3099533317446888,0.0,False,0,3,0.0,False,2,7,0,0,0,2240,0.15092923811646247,7,0.1,1.0571428571428572,0.02857142857142857,0.0,0.9263392857142857,0.0004464285714285714,0.01607142857142857,0.0013392857142857143,0.014285714285714285,0.016964285714285713,0.010267857142857143,0.0,0.0,0.0,0.0,0.014285714285714285,1,100,1,100,1,100,1,100,1,100,1,100,1,100,1,100,1,100,1,100
115,18.5,10.285714285714286,-7.5,4.9636690264442125,18.5,0.24666666666666667,0.3,0.2641509433962264,0.13513513513513514,0.2,0.3,0.35,0.25116666666666665,0.0,0.0,0.0,0.0,0.0,0.0,0.0,0.0,0.2628237865269825,0.2628237865269825,0.0637195852909005,3.2417954525414303,0.0,False,0,3,0.0,False,2,7,0,0,0,2240,0.14430588824650847,6,0.08571428571428572,1.0714285714285714,0.04285714285714286,0.0,0.9276785714285715,0.014285714285714285,0.0,0.0035714285714285713,0.0,0.009375,0.002232142857142857,0.0,0.02857142857142857,0.0,0.0,0.014285714285714285,1,100,1,100,1,100,1,100,1,100,1,100,1,100,1,100,1,100,1,100
116,20.5,10.13452380952381,-7.5,5.685181462830023,20.5,0.24333333333333335,0.325,0.1320754716981132,0.2702702702702703,0.3333333333333333,0.25,0.3722222222222223,0.29483333333333334,0.0,0.0,0.0,0.0,0.0,0.0,0.0,0.0,0.23978262897352431,0.23978262897352431,0.05549891454768447,3.3518355949656,0.0,False,0,3,0.0,False,2,7,0,0,0,2240,0.20565269906092068,8,0.11428571428571428,1.1428571428571428,0.1,0.0,0.9,0.0017857142857142857,0.011160714285714286,0.025892857142857145,0.012053571428571429,0.01830357142857143,0.0125,0.009375,0.0017857142857142857,0.0035714285714285713,0.0,0.0035714285714285713,1,100,1,100,1,100,1,100,1,100,1,100,1,100,1,100,1,100,1,100
117,21.583333333333332,9.942857142857143,-11.0,6.166369729934988,21.583333333333332,0.24,0.4,0.1320754716981132,0.13513513513513514,0.2,0.41111111111111115,0.2833333333333333,0.2496111111111111,0.0,0.0,0.0,0.0,0.0,0.0,0.0,0.0,0.2814104965194353,0.2814104965194353,0.08929787983968779,3.2163327415996776,0.0,False,0,3,0.0,False,2,7,0,0,0,2240,0.20230024045982525,8,0.11428571428571428,1.0714285714285714,0.05714285714285714,0.0,0.9013392857142857,0.002232142857142857,0.012946428571428572,0.0,0.014285714285714285,0.0,0.0,0.009375,0.012946428571428572,0.014285714285714285,0.014285714285714285,0.01830357142857143,1,100,1,100,1,100,1,100,1,100,1,100,1,100,1,100,1,100,1,100
118,22.0,9.917857142857143,-8.5,6.226997238999908,22.0,0.19666666666666666,0.25833333333333336,0.20754716981132076,0.08108108108108109,0.3,0.23333333333333334,0.2833333333333333,0.24949999999999997,0.0,0.0,0.0,0.0,0.0,0.0,0.0,0.0,0.2596918029585225,0.2596918029585225,0.08402896652842544,3.2428548889807094,0.0,False,0,3,0.0,False,2,7,0,0,0,2240,0.2113728673632092,8,0.11428571428571428,1.1428571428571428,0.08571428571428572,0.0,0.9004464285714285,0.0,0.0040178571428571425,0.014285714285714285,0.01607142857142857,0.010714285714285714,0.014285714285714285,0.011607142857142858,0.011607142857142858,0.004910714285714286,0.0026785714285714286,0.009375,1,100,1,100,1,100,1,100,1,100,1,100,1,100,1,100,1,100,1,100
119,21.5,10.160714285714286,-10.0,5.298890296909798,15.25,0.2633333333333333,0.39166666666666666,0.18867924528301888,0.16216216216216217,0.36666666666666664,0.16666666666666666,0.3333333333333333,0.30033333333333334,-0.0033333333333333435,-0.00833333333333336,0.0,0.0,0.0,0.0,0.033333333333333326,0.003666666666666661,0.27002153050598326,0.27002153050598326,0.101931514845446,3.2062012885510467,0.0,False,0,3,-0.002313554708764265,False,2,7,0,0,0,2240,0.1643846615836444,8,0.11428571428571428,1.0714285714285714,0.05714285714285714,0.0,0.9174107142857143,0.014285714285714285,0.023214285714285715,0.0,0.015178571428571428,0.0017857142857142857,0.0,0.0,0.0,0.0,0.01607142857142857,0.012053571428571429,1,100,1,100,1,100,1,100,1,100,1,100,1,100,1,100,1,100,1,100
120,20.25,9.95595238095238,-8.5,6.11914964246984,20.25,0.2733333333333333,0.3666666666666666,0.20754716981132076,0.21621621621621623,0.2833333333333333,0.26666666666666666,0.26666666666666666,0.27516666666666667,0.0,0.0,0.0,0.0,0.0,0.0,0.0,0.0,0.2889511593825857,0.2889511593825857,0.08667258400322393,3.2190325628407295,0.0,False,0,3,0.0,False,2,7,0,0,0,2240,0.19748910181866916,8,0.11428571428571428,1.0142857142857142,0.014285714285714285,0.0,0.9,0.0,0.0,0.0,0.0,0.0017857142857142857,0.014285714285714285,0.014285714285714285,0.014285714285714285,0.014285714285714285,0.014285714285714285,0.026785714285714284,1,100,1,100,1,100,1,100,1,100,1,100,1,100,1,100,1,100,1,100
121,19.5,10.071428571428571,-9.0,5.270694016873028,19.5,0.20666666666666667,0.35,0.09433962264150944,0.13513513513513514,0.13333333333333333,0.3333333333333333,0.43333333333333335,0.22766666666666666,0.0,0.0,0.0,0.0,0.0,0.0,0.033333333333333326,0.004999999999999998,0.2694002344586718,0.2694002344586718,0.06941157844952665,3.258581413296081,0.0,False,0,3,0.0,False,2,7,0,0,0,2240,0.17353416578259698,8,0.11428571428571428,1.0714285714285714,0.05714285714285714,0.0,0.9120535714285715,0.0017857142857142857,0.013839285714285714,0.0040178571428571425,0.014285714285714285,0.014285714285714285,0.033482142857142856,0.0,0.005803571428571429,0.0004464285714285714,0.0,0.0,1,100,1,100,1,100,1,100,1,100,1,100,1,100,1,100,1,100,1,100
122,21.916666666666668,10.039285714285716,-13.5,6.234945701647636,16.833333333333336,0.27,0.4083333333333333,0.16981132075471697,0.1891891891891892,0.23333333333333334,0.4,0.4,0.2896666666666667,0.0,0.0,0.0,0.0,0.0,0.0,0.03333333333333338,0.005000000000000007,0.26913831458416987,0.26913831458416987,0.08320190579046362,3.2294421015581105,0.0,False,0,3,-0.001515151515151525,False,2,7,0,0,0,2240,0.17148133119837577,7,0.1,1.042857142857143,0.02857142857142857,0.0,0.9142857142857143,0.004910714285714286,0.0,0.0,0.027232142857142858,0.007589285714285714,0.0,0.01607142857142857,0.0,0.014285714285714285,0.014285714285714285,0.0013392857142857143,1,100,1,100,1,100,1,100,1,100,1,100,1,100,1,100,1,100,1,100
123,19.0,10.15,-10.5,5.673623181001714,19.0,0.29333333333333333,0.31666666666666665,0.32075471698113206,0.21621621621621623,0.3333333333333333,0.3,0.3,0.30899999999999994,0.0,0.0,0.0,0.0,0.0,0.0,0.0,0.0,0.2776420264011347,0.2776420264011347,0.07511025776122089,3.2070284403810123,0.0,False,0,3,0.0,False,2,7,0,0,0,2240,0.19174340523711267,8,0.11428571428571428,1.0714285714285714,0.05714285714285714,0.0,0.9049107142857142,0.0,0.023660714285714285,0.0017857142857142857,0.0125,0.009821428571428571,0.0125,0.0017857142857142857,0.014285714285714285,0.01875,0.0,0.0,1,100,1,100,1,100,1,100,1,100,1,100,1,100,1,100,1,100,1,100
124,20.0,10.128571428571428,-11.0,5.537976496290805,20.0,0.22,0.4,0.1320754716981132,0.05405405405405406,0.31666666666666665,0.2611111111111111,0.15,0.24744444444444444,0.0,0.0,0.0,0.0,0.06666666666666665,0.0,-0.016666666666666663,0.02083333333333333,0.3030621852315814,0.3030621852315814,0.11146085582273448,3.162692085708102,0.0,False,1,3,0.006753160345974729,False,2,7,0,0,0,2240,0.19059551476742262,8,0.11428571428571428,1.1285714285714286,0.07142857142857142,0.0,0.9084821428571429,0.01607142857142857,0.0004464285714285714,0.015625,0.0008928571428571428,0.009821428571428571,0.0125,0.004464285714285714,0.0,0.0017857142857142857,0.011607142857142858,0.01830357142857143,1,100,1,100,1,100,1,100,1,100,1,100,1,100,1,100,1,100,1,100
125,17.5,9.803571428571429,-11.5,6.547840364224998,16.75,0.30666666666666664,0.48333333333333334,0.20754716981132076,0.16216216216216217,0.35,0.2,0.4166666666666667,0.32766666666666666,0.0,0.0,0.0,0.0,0.0,0.0,0.0,0.0,0.2656617214639724,0.2656617214639724,0.08414478090186912,3.21574570829134,0.0,False,1,3,0.00079840319361274,False,2,7,0,0,0,2240,0.1974249878097946,7,0.1,1.042857142857143,0.014285714285714285,0.0,0.9,0.0,0.005803571428571429,0.0,0.014285714285714285,0.0,0.014285714285714285,0.02857142857142857,0.0008928571428571428,0.014285714285714285,0.019196428571428573,0.0026785714285714286,1,100,1,100,1,100,1,100,1,100,1,100,1,100,1,100,1,100,1,100
126,19.0,10.088095238095235,-11.25,5.180547515693518,17.5,0.26,0.38333333333333336,0.16981132075471697,0.1891891891891892,0.26666666666666666,0.16666666666666666,0.25,0.2515,-0.006666666666666665,-0.016666666666666663,0.0,0.0,0.0,0.0,0.033333333333333326,0.0023333333333333322,0.2671594622608258,0.2671594622608258,0.11216978237755959,3.2172925233869614,0.0,False,0,3,-0.0016016160450184058,False,2,7,0,0,0,2240,0.1924800410933153,8,0.11428571428571428,1.0571428571428572,0.02857142857142857,0.0,0.9040178571428571,0.014285714285714285,0.024107142857142858,0.014285714285714285,0.0013392857142857143,0.0,0.0008928571428571428,0.014285714285714285,0.0,0.0,0.0125,0.014285714285714285,1,100,1,100,1,100,1,100,1,100,1,100,1,100,1,100,1,100,1,100
127,19.0,10.117857142857142,-9.0,6.131179954167508,15.5,0.22333333333333333,0.39166666666666666,0.1509433962264151,0.05405405405405406,0.25,0.23333333333333334,0.23333333333333334,0.2351666666666667,0.006666666666666665,0.016666666666666663,0.0,0.0,0.0,0.0,0.0,0.002666666666666666,0.25802230272326226,0.25802230272326226,0.08459213980460643,3.1963856696974795,0.0,False,2,3,0.0007984031936127955,False,2,7,0,0,0,2240,0.16858021913079374,7,0.1,1.0714285714285714,0.04285714285714286,0.0,0.915625,0.0,0.0,0.0,0.023660714285714285,0.0,0.014285714285714285,0.01607142857142857,0.0008928571428571428,0.0017857142857142857,0.014285714285714285,0.013392857142857142,1,100,1,100,1,100,1,100,1,100,1,100,1,100,1,100,1,100,1,100
128,19.5,10.092857142857143,-8.5,5.691952388720837,17.583333333333332,0.3,0.45,0.16981132075471697,0.24324324324324326,0.23333333333333334,0.21666666666666667,0.36666666666666664,0.2783333333333333,0.006666666666666657,0.016666666666666663,-0.01886792452830191,0.02702702702702703,0.0,0.0,0.0,0.0026666666666666627,0.27709098657984016,0.27709098657984016,0.07725951893219767,3.2433961394480115,0.0,False,0,3,-0.005913929716324984,False,2,7,0,0,0,2240,0.20287881129101798,9,0.12857142857142856,1.0714285714285714,0.02857142857142857,0.0,0.9,0.016517857142857143,0.014285714285714285,0.014285714285714285,0.014285714285714285,0.016517857142857143,0.0,0.014285714285714285,0.0004464285714285714,0.009375,0.0,0.0,1,100,1,100,1,100,1,100,1,100,1,100,1,100,1,100,1,100,1,100
129,21.0,10.270238095238094,-8.0,5.176784174345604,15.0,0.22333333333333333,0.3416666666666667,0.16981132075471697,0.10810810810810811,0.5166666666666667,0.16666666666666666,0.4166666666666667,0.34933333333333333,0.0,0.0,0.0,0.0,0.0,0.0,0.0,0.0,0.27029830444988084,0.27029830444988084,0.08520326998431031,3.2705769002338516,0.0,False,0,3,0.0,False,2,7,0,0,0,2240,0.17390445877311067,8,0.11428571428571428,1.0571428571428572,0.04285714285714286,0.0,0.9174107142857143,0.01830357142857143,0.004464285714285714,0.007142857142857143,0.004910714285714286,0.0,0.0,0.0,0.004910714285714286,0.014285714285714285,0.014285714285714285,0.014285714285714285,1,100,1,100,1,100,1,100,1,100,1,100,1,100,1,100,1,100,1,100
130,19.25,9.620238095238095,-12.0,6.358450128651538,14.25,0.22,0.35,0.1509433962264151,0.10810810810810811,0.16666666666666666,0.3333333333333333,0.38333333333333336,0.23716666666666666,0.0,0.0,0.0,0.0,0.0,0.0,0.03333333333333338,0.005000000000000007,0.24168969472518997,0.24168969472518997,0.08107295813630133,3.2940013729386792,0.0,False,0,3,-0.0008032128514056103,False,2,7,0,0,0,2240,0.18356488951297978,8,0.11428571428571428,1.1,0.07142857142857142,0.0,0.9017857142857143,0.0,0.0004464285714285714,0.0,0.0008928571428571428,0.0035714285714285713,0.026339285714285714,0.026785714285714284,0.026339285714285714,0.013839285714285714,0.0,0.0,1,100,1,100,1,100,1,100,1,100,1,100,1,100,1,100,1,100,1,100
131,19.75,10.375,-2.5,4.28370736740079,14.25,0.25,0.3416666666666667,0.20754716981132076,0.16216216216216217,0.25,0.3,0.3333333333333333,0.26749999999999996,0.0,0.0,0.0,0.0,0.0,0.0,0.033333333333333326,0.004999999999999998,0.2692347992344385,0.2692347992344385,0.10287743242977353,3.279261101746853,0.0,False,2,3,0.00023009840122600878,False,2,7,0,0,0,2240,0.1434722918314887,8,0.11428571428571428,1.0714285714285714,0.05714285714285714,0.0,0.9205357142857142,0.025,0.017857142857142856,0.03526785714285714,0.0,0.0,0.0,0.0008928571428571428,0.0,0.0,0.0,0.0004464285714285714,1,100,1,100,1,100,1,100,1,100,1,100,1,100,1,100,1,100,1,100
132,18.25,9.760714285714286,-9.5,6.409596002742088,15.0,0.20666666666666667,0.325,0.11320754716981132,0.14864864864864866,0.25,0.26666666666666666,0.4,0.2568333333333333,0.0,0.0,0.0,0.0,0.0,0.0,0.016666666666666663,0.002499999999999999,0.26465177834667775,0.26465177834667775,0.08765291614653133,3.168522174344265,0.0,False,0,3,-0.00079840319361274,False,2,7,0,0,0,2240,0.19518203805112552,8,0.11428571428571428,1.0857142857142856,0.07142857142857142,0.0,0.9,0.0,0.0004464285714285714,0.0,0.0017857142857142857,0.011160714285714286,0.040625,0.004910714285714286,0.014285714285714285,0.0125,0.010267857142857143,0.0040178571428571425,1,100,1,100,1,100,1,100,1,100,1,100,1,100,1,100,1,100,1,100
133,17.833333333333336,9.985714285714286,-11.5,5.685123503645342,17.833333333333336,0.2866666666666667,0.38333333333333336,0.24528301886792453,0.1891891891891892,0.23333333333333334,0.2833333333333333,0.45,0.2921666666666667,0.0,0.0,0.0,0.0,0.0,0.0,0.0,0.0,0.2723597711477374,0.2723597711477374,0.06677113097645526,3.196125492716648,0.0,False,0,3,-0.001202414448212008,False,2,7,0,0,0,2240,0.17266052811478494,7,0.1,1.0285714285714285,0.02857142857142857,0.0,0.9142857142857143,0.014285714285714285,0.014285714285714285,0.026785714285714284,0.007142857142857143,0.0017857142857142857,0.014285714285714285,0.0,0.0,0.0,0.0,0.007142857142857143,1,100,1,100,1,100,1,100,1,100,1,100,1,100,1,100,1,100,1,100
134,20.333333333333336,9.841666666666669,-10.75,6.2558567796600855,17.75,0.25333333333333335,0.38333333333333336,0.1320754716981132,0.21621621621621623,0.2944444444444444,0.13333333333333333,0.36666666666666664,0.2727222222222222,0.0033333333333333435,0.00833333333333336,0.0,0.0,0.0,0.0,0.0,0.0013333333333333374,0.26482550294324336,0.26482550294324336,0.08530430923476158,3.1851547726015657,0.0,False,1,3,-0.002106666550068914,False,2,7,0,0,0,2240,0.19993853836546321,8,0.11428571428571428,1.1857142857142857,0.08571428571428572,0.0,0.903125,0.0125,0.0,0.008482142857142856,0.014285714285714285,0.0,0.0,0.013839285714285714,0.020089285714285716,0.011607142857142858,0.0040178571428571425,0.012053571428571429,1,100,1,100,1,100,1,100,1,100,1,100,1,100,1,100,1,100,1,100
135,18.5,9.996428571428572,-11.5,6.050751555613162,18.5,0.2833333333333333,0.3416666666666667,0.20754716981132076,0.2972972972972973,0.36666666666666664,0.31666666666666665,0.25555555555555554,0.3116666666666667,0.0,0.0,0.0,0.0,0.0,0.0,0.0,0.0,0.31754275919379443,0.31754275919379443,0.10748796917543761,3.10719497478209,0.0,False,0,3,0.0,False,2,7,0,0,0,2240,0.18481504243177677,8,0.11428571428571428,1.0857142857142856,0.05714285714285714,0.0,0.9071428571428571,0.0,0.004464285714285714,0.01607142857142857,0.025,0.0,0.0035714285714285713,0.014285714285714285,0.023660714285714285,0.0017857142857142857,0.0,0.0040178571428571425,1,100,1,100,1,100,1,100,1,100,1,100,1,100,1,100,1,100,1,100
136,18.333333333333336,10.128571428571428,-10.75,5.523716645360376,18.333333333333336,0.22,0.3,0.1509433962264151,0.1891891891891892,0.25,0.3333333333333333,0.31666666666666665,0.2563333333333333,0.0,0.0,0.0,0.0,0.0,0.0,0.0,0.0,0.2677441939778712,0.2677441939778712,0.08001997101088076,3.1785653228045554,0.0,False,0,3,0.0,False,2,7,0,0,0,2240,0.17740989862139536,8,0.11428571428571428,1.042857142857143,0.04285714285714286,0.0,0.9133928571428571,0.014285714285714285,0.013392857142857142,0.0,0.0,0.0,0.0017857142857142857,0.014285714285714285,0.0,0.01607142857142857,0.014285714285714285,0.0125,1,100,1,100,1,100,1,100,1,100,1,100,1,100,1,100,1,100,1,100
137,19.833333333333336,9.892857142857142,-10.25,6.40083301339022,18.833333333333336,0.23555555555555557,0.35555555555555557,0.16981132075471697,0.13513513513513514,0.14444444444444443,0.23888888888888887,0.25,0.20616666666666666,0.0,0.0,0.0,0.0,0.0,0.0,0.033333333333333326,0.004999999999999998,0.2612506154783047,0.2612506154783047,0.08910832952568758,3.209390565346124,0.0,False,1,3,0.003747051351841779,False,2,7,0,0,0,2240,0.20011995223797951,7,0.1,1.042857142857143,0.04285714285714286,0.0,0.9004464285714285,0.0,0.0,0.007142857142857143,0.0,0.013839285714285714,0.014285714285714285,0.007142857142857143,0.014285714285714285,0.02857142857142857,0.0017857142857142857,0.0125,1,100,1,100,1,100,1,100,1,100,1,100,1,100,1,100,1,100,1,100
138,18.0,10.230952380952381,-7.5,4.690059807479264,16.0,0.31,0.44166666666666665,0.22641509433962265,0.21621621621621623,0.25,0.22777777777777777,0.36666666666666664,0.28927777777777774,0.0,0.0,0.0,0.0,0.0,0.0,0.033333333333333326,0.004999999999999998,0.2918617614472892,0.2918617614472892,0.0822733139052308,3.2062042217135645,0.0,False,0,3,-0.00382870622391579,False,2,7,0,0,0,2240,0.17417478984828913,8,0.11428571428571428,1.0714285714285714,0.04285714285714286,0.0,0.9129464285714286,0.0017857142857142857,0.025,0.014732142857142857,0.014285714285714285,0.014285714285714285,0.0026785714285714286,0.0,0.0,0.014285714285714285,0.0,0.0,1,100,1,100,1,100,1,100,1,100,1,100,1,100,1,100,1,100,1,100
139,25.0,10.046428571428573,-9.0,6.087859303210909,16.75,0.3,0.45,0.24528301886792453,0.13513513513513514,0.25,0.26666666666666666,0.38333333333333336,0.2916666666666667,0.0,0.0,0.0,0.0,0.016666666666666663,0.0,0.0,0.005833333333333332,0.27965081155687893,0.27965081155687893,0.0899984988037798,3.2622786737587255,0.0,True,2,3,0.005954757152361934,False,2,7,0,0,0,2240,0.18894977925646816,9,0.12857142857142856,1.0857142857142856,0.07142857142857142,0.0,0.9080357142857143,0.0035714285714285713,0.008035714285714285,0.0,0.0,0.0,0.010714285714285714,0.014285714285714285,0.023214285714285715,0.014285714285714285,0.014285714285714285,0.0035714285714285713,1,100,1,100,1,100,1,100,1,100,1,100,1,100,1,100,1,100,1,100
140,19.5,9.989285714285714,-11.0,6.231128993803207,15.0,0.23333333333333334,0.36666666666666664,0.1509433962264151,0.13513513513513514,0.23333333333333334,0.23333333333333334,0.4666666666666667,0.2683333333333333,0.03333333333333332,0.04999999999999999,0.037735849056603765,0.0,0.0,0.033333333333333326,0.033333333333333326,0.02166666666666666,0.21844758213887427,0.21844758213887427,0.07403644093096513,3.4749159402990295,0.0,False,0,3,-0.008850407982865932,False,2,7,0,0,0,2240,0.1879282453233702,11,0.15714285714285714,1.1571428571428573,0.11428571428571428,0.0,0.9058035714285714,0.0,0.016517857142857143,0.029910714285714287,0.006696428571428571,0.0,0.014285714285714285,0.014285714285714285,0.0,0.008482142857142856,0.003125,0.0008928571428571428,1,100,1,100,1,100,1,100,1,100,1,100,1,100,1,100,1,100,1,100
141,19.0,10.014285714285714,-13.333333333333334,5.850281017340911,15.0,0.20333333333333334,0.3416666666666667,0.1320754716981132,0.08108108108108109,0.3333333333333333,0.21666666666666667,0.48333333333333334,0.2921666666666667,0.0,0.016666666666666663,-0.018867924528301883,0.0,0.0,0.016666666666666663,0.0,0.0016666666666666663,0.25274278022997454,0.25274278022997454,0.08630326058361554,3.3846048137387146,0.0,False,2,3,-0.0003875236019381112,False,2,7,0,0,0,2240,0.20625037366919832,12,0.17142857142857143,1.1,0.1,0.0,0.8959821428571428,0.014285714285714285,0.027678571428571427,0.0,0.0,0.0,0.007142857142857143,0.0,0.014285714285714285,0.014285714285714285,0.012053571428571429,0.014285714285714285,1,100,1,100,1,100,1,100,1,100,1,100,1,100,1,100,1,100,1,100
142,21.25,9.704761904761906,-13.25,6.954524702105784,21.25,0.24333333333333335,0.35833333333333334,0.18867924528301888,0.13513513513513514,0.18333333333333332,0.38333333333333336,0.48333333333333334,0.2723333333333333,0.0,0.0,0.0,0.0,0.0,0.0,0.0,0.0,0.29825127644188315,0.29825127644188315,0.10833893245515784,3.151172281213404,0.0,False,2,3,0.0006446277458469485,False,2,7,0,0,0,2240,0.2897722130851753,12,0.17142857142857143,1.0714285714285714,0.07142857142857142,0.0,0.8526785714285714,0.0035714285714285713,0.014285714285714285,0.014732142857142857,0.021875,0.014285714285714285,0.009821428571428571,0.02857142857142857,0.014285714285714285,0.0,0.014285714285714285,0.011607142857142858,1,100,1,100,1,100,1,100,1,100,1,100,1,100,1,100,1,100,1,100
143,20.5,10.207142857142857,-8.25,5.140172910615012,20.5,0.16666666666666666,0.2833333333333333,0.1320754716981132,0.02702702702702703,0.31666666666666665,0.31666666666666665,0.38333333333333336,0.26666666666666666,0.0,0.0,0.0,0.0,0.0,0.0,0.0,0.0,0.2843281673236222,0.2843281673236222,0.07421852777346609,3.1777652617364764,0.0,False,1,3,0.00021169781648827657,False,2,7,0,0,0,2240,0.14859987500994692,6,0.08571428571428572,1.0142857142857142,0.014285714285714285,0.0,0.9285714285714286,0.009821428571428571,0.0,0.014285714285714285,0.014285714285714285,0.0,0.004464285714285714,0.0,0.0,0.0,0.014285714285714285,0.014285714285714285,1,100,1,100,1,100,1,100,1,100,1,100,1,100,1,100,1,100,1,100
144,19.5,10.007142857142858,-10.0,6.188374643282644,19.5,0.22333333333333333,0.35833333333333334,0.1320754716981132,0.13513513513513514,0.2833333333333333,0.23333333333333334,0.4666666666666667,0.2818333333333333,0.016666666666666673,0.041666666666666685,0.0,0.0,0.016666666666666663,0.033333333333333326,0.0,0.015833333333333335,0.27045888143391933,0.27045888143391933,0.09029677653333955,3.2703958822041934,0.0,False,0,3,-0.010996231948904922,False,2,7,0,0,0,2240,0.2039080684436033,8,0.11428571428571428,1.0142857142857142,0.014285714285714285,0.0,0.9,0.0,0.0,0.013392857142857142,0.014285714285714285,0.014285714285714285,0.014285714285714285,0.0,0.014285714285714285,0.0008928571428571428,0.014285714285714285,0.014285714285714285,1,100,1,100,1,100,1,100,1,100,1,100,1,100,1,100,1,100,1,100
145,20.833333333333332,10.103571428571428,-9.0,5.648455255085897,20.833333333333332,0.22333333333333333,0.35833333333333334,0.1509433962264151,0.10810810810810811,0.13333333333333333,0.3333333333333333,0.31666666666666665,0.21683333333333332,0.0,0.0,0.0,0.0,0.0,0.0,0.0,0.0,0.314997132423725,0.314997132423725,0.09363283291030206,3.164046004376788,0.0,False,1,3,0.0011615870121750027,False,2,7,0,0,0,2240,0.1900138292551354,11,0.15714285714285714,1.0857142857142856,0.08571428571428572,0.0,0.8995535714285714,0.0125,0.028125,0.0013392857142857143,0.01607142857142857,0.027232142857142858,0.015178571428571428,0.0,0.0,0.0,0.0,0.0,1,100,1,100,1,100,1,100,1,100,1,100,1,100,1,100,1,100,1,100
146,23.75,10.117857142857142,-10.75,6.033643981366281,17.75,0.24,0.35,0.1509433962264151,0.1891891891891892,0.4,0.26666666666666666,0.36666666666666664,0.31766666666666665,0.0,0.0,0.0,0.0,0.0,0.0,0.033333333333333326,0.004999999999999998,0.25965764102803274,0.25965764102803274,0.07115739313632684,3.2729494643425823,0.0007984031936127746,False,0,3,-0.0029894755942660445,False,2,6,0,1,0,2240,0.17204746045320035,7,0.1,1.042857142857143,0.04285714285714286,0.0,0.9142857142857143,0.007142857142857143,0.007142857142857143,0.013839285714285714,0.0,0.0,0.0,0.0,0.027678571428571427,0.014285714285714285,0.014285714285714285,0.0013392857142857143,1,100,1,100,1,100,1,100,1,100,1,100,1,100,1,100,1,100,1,100
147,19.75,9.248809523809525,-12.0,7.63239613784483,15.0,0.2633333333333333,0.44166666666666665,0.16981132075471697,0.10810810810810811,0.06666666666666667,0.31666666666666665,0.4,0.22033333333333333,0.006666666666666665,0.0,0.018867924528301883,0.0,0.0,0.0,0.0,0.002666666666666666,0.279850485228885,0.279850485228885,0.08364949545961016,3.154357094500302,0.0007984031936127746,False,1,3,-0.00029335268856228724,False,2,7,0,0,0,2240,0.3671733485877536,15,0.21428571428571427,1.1285714285714286,0.1,0.0,0.7977678571428571,0.014285714285714285,0.04642857142857143,0.006696428571428571,0.026339285714285714,0.027232142857142858,0.010267857142857143,0.014732142857142857,0.025892857142857145,0.0,0.015625,0.014732142857142857,1,100,1,100,1,100,1,100,1,100,1,100,1,100,1,100,1,100,1,100
148,20.666666666666664,10.064285714285715,-13.5,5.784646677905974,20.666666666666664,0.23333333333333334,0.35,0.1320754716981132,0.1891891891891892,0.25,0.36666666666666664,0.3,0.2625,0.0,0.0,0.0,0.0,0.0,0.0,0.0,0.0,0.268352852527876,0.268352852527876,0.07105154422808273,3.253742770027671,0.0,False,1,3,-0.004279320147583643,False,2,7,0,0,0,2240,0.15455871155750842,6,0.08571428571428572,1.0571428571428572,0.04285714285714286,0.0,0.9285714285714286,0.014285714285714285,0.002232142857142857,0.0,0.006696428571428571,0.013392857142857142,0.004910714285714286,0.0,0.007142857142857143,0.0,0.015178571428571428,0.007589285714285714,1,100,1,100,1,100,1,100,1,100,1,100,1,100,1,100,1,100,1,100
149,21.25,9.989285714285714,-10.75,6.2049794620704875,21.25,0.24333333333333335,0.3416666666666667,0.22641509433962265,0.10810810810810811,0.16111111111111112,0.4166666666666667,0.4444444444444444,0.2620555555555556,0.0,0.0,0.0,0.0,0.0,0.0,0.0,0.0,0.27920021585161187,0.27920021585161187,0.08269849494147886,3.2310819398078614,0.0,False,1,3,0.0005050505050505638,False,2,7,0,0,0,2240,0.1793361943832373,7,0.1,1.0571428571428572,0.04285714285714286,0.0,0.9142857142857143,0.0,0.0125,0.0125,0.0125,0.0,0.003125,0.014285714285714285,0.014285714285714285,0.014285714285714285,0.002232142857142857,0.0,1,100,1,100,1,100,1,100,1,100,1,100,1,100,1,100,1,100,1,100
150,17.583333333333332,10.157142857142857,-9.25,5.405180915161266,15.0,0.26,0.4,0.18867924528301888,0.13513513513513514,0.31666666666666665,0.21666666666666667,0.4611111111111111,0.30566666666666664,0.006666666666666665,0.016666666666666663,0.0,0.0,0.0,0.0,-0.005555555555555591,0.0018333333333333274,0.2706143451201528,0.2706143451201528,0.08701852714189484,3.22381733429818,0.0,True,2,3,0.007828282828282851,False,2,7,0,0,0,2240,0.1764058060266898,7,0.1,1.0285714285714285,0.02857142857142857,0.0,0.9142857142857143,0.008482142857142856,0.014285714285714285,0.014285714285714285,0.0,0.014285714285714285,0.0,0.005803571428571429,0.0,0.0,0.007589285714285714,0.020982142857142855,1,100,1,100,1,100,1,100,1,100,1,100,1,100,1,100,1,100,1,100
151,19.5,9.789285714285715,-15.0,6.795609013969852,19.5,0.26,0.4166666666666667,0.11320754716981132,0.21621621621621623,0.31666666666666665,0.21666666666666667,0.3,0.2815,0.0,0.0,0.0,0.0,0.0,0.0,0.0,0.0,0.30398723667427224,0.30398723667427224,0.09544133711401585,3.142624007188252,0.0,False,1,3,-0.0010101010101010166,False,2,7,0,0,0,2240,0.19855704256785994,8,0.11428571428571428,1.042857142857143,0.014285714285714285,0.0,0.9017857142857143,0.014285714285714285,0.0,0.0,0.0,0.0013392857142857143,0.014285714285714285,0.014285714285714285,0.0035714285714285713,0.014285714285714285,0.021875,0.014285714285714285,1,100,1,100,1,100,1,100,1,100,1,100,1,100,1,100,1,100,1,100
152,21.916666666666664,10.04642857142857,-8.5,5.869068023725759,15.5,0.23555555555555552,0.4222222222222222,0.11320754716981132,0.10810810810810811,0.3,0.43333333333333335,0.38333333333333336,0.3000555555555555,0.006666666666666665,0.0,0.018867924528301883,0.0,0.0,0.0,0.0,0.002666666666666666,0.2616691893078878,0.2616691893078878,0.0838079955459654,3.298242124731916,0.0,False,0,3,-0.006488465201761551,False,2,7,0,0,0,2240,0.19998261066532624,7,0.1,1.0571428571428572,0.02857142857142857,0.0,0.9,0.014285714285714285,0.014285714285714285,0.014732142857142857,0.008928571428571428,0.003125,0.0,0.02857142857142857,0.002232142857142857,0.0,0.013839285714285714,0.0,1,100,1,100,1,100,1,100,1,100,1,100,1,100,1,100,1,100,1,100
153,19.5,10.05,-8.5,5.67680116162011,15.5,0.21666666666666667,0.2916666666666667,0.1509433962264151,0.1891891891891892,0.26666666666666666,0.2111111111111111,0.45,0.26861111111111113,0.0,0.0,0.0,0.0,0.0,0.0,0.033333333333333326,0.004999999999999998,0.26229486384417483,0.26229486384417483,0.08927213116665537,3.3012017039305834,0.0,False,1,3,-0.003054497066473094,False,2,7,0,0,0,2240,0.1670705006156308,7,0.1,1.0285714285714285,0.02857142857142857,0.0,0.9142857142857143,0.0004464285714285714,0.015178571428571428,0.0,0.0,0.0,0.0,0.0,0.014285714285714285,0.013392857142857142,0.028125,0.014285714285714285,1,100,1,100,1,100,1,100,1,100,1,100,1,100,1,100,1,100,1,100
154,19.5,9.92142857142857,-9.0,6.156908071979207,19.5,0.23,0.3416666666666667,0.16981132075471697,0.13513513513513514,0.3,0.18333333333333332,0.43333333333333335,0.2803333333333333,0.006666666666666665,0.016666666666666663,0.0,0.0,0.0,0.0,0.0,0.002666666666666666,0.27268218218546475,0.27268218218546475,0.08819770098357503,3.2256818783025403,0.0,False,0,3,-0.0022318998366902543,False,2,7,0,0,0,2240,0.19869490488914907,8,0.11428571428571428,1.0285714285714285,0.02857142857142857,0.0,0.9,0.0,0.004464285714285714,0.010714285714285714,0.014285714285714285,0.0,0.027678571428571427,0.014285714285714285,0.014285714285714285,0.014285714285714285,0.0,0.0,1,100,1,100,1,100,1,100,1,100,1,100,1,100,1,100,1,100,1,100
155,22.0,10.075,-13.25,5.413463338516325,16.5,0.31,0.425,0.22641509433962265,0.24324324324324326,0.18333333333333332,0.16666666666666666,0.26666666666666666,0.24483333333333332,0.019999999999999993,0.016666666666666663,0.037735849056603765,0.0,0.0,0.0,0.0,0.007999999999999998,0.27319363949477216,0.27319363949477216,0.08574135652268544,3.2598163658079975,0.0,False,2,3,0.0016064257028112205,False,2,7,0,0,0,2240,0.1765156929920522,7,0.1,1.1142857142857143,0.07142857142857142,0.0,0.9142857142857143,0.0013392857142857143,0.015625,0.015178571428571428,0.023214285714285715,0.0,0.009821428571428571,0.0,0.0,0.0040178571428571425,0.010714285714285714,0.005803571428571429,1,100,1,100,1,100,1,100,1,100,1,100,1,100,1,100,1,100,1,100
156,17.5,10.053571428571429,-8.0,5.305414943346886,15.0,0.2633333333333333,0.375,0.18867924528301888,0.1891891891891892,0.3,0.5,0.4,0.3203333333333333,0.006666666666666667,0.016666666666666663,-0.018867924528301883,0.02702702702702703,0.033333333333333326,0.0,-0.04999999999999999,0.006833333333333332,0.302870636966301,0.302870636966301,0.12519120211566645,3.1784749595369326,0.0,False,1,3,-0.009045271997079274,False,2,7,0,0,0,2240,0.19777753253643365,9,0.12857142857142856,1.0857142857142856,0.08571428571428572,0.0,0.9040178571428571,0.025,0.009375,0.0,0.0013392857142857143,0.014285714285714285,0.014285714285714285,0.005357142857142857,0.012946428571428572,0.009821428571428571,0.0035714285714285713,0.0,1,100,1,100,1,100,1,100,1,100,1,100,1,100,1,100,1,100,1,100
157,19.0,9.920238095238094,-10.0,5.563298020414291,15.25,0.23666666666666666,0.2916666666666667,0.20754716981132076,0.1891891891891892,0.25,0.24444444444444444,0.4,0.26661111111111113,-0.013333333333333329,-0.04999999999999999,0.018867924528301883,0.0,0.06666666666666668,0.0,0.06666666666666671,0.02800000000000001,0.24748655907122108,0.24748655907122108,0.08012066411171816,3.4429093073436916,0.0,False,0,3,-0.030496309316380033,False,2,7,0,0,0,2240,0.170974410390009,10,0.14285714285714285,1.1571428571428573,0.12857142857142856,0.0,0.9120535714285715,0.0,0.01830357142857143,0.0004464285714285714,0.01607142857142857,0.02857142857142857,0.011607142857142858,0.0,0.0004464285714285714,0.0,0.0,0.0125,1,100,1,100,1,100,1,100,1,100,1,100,1,100,1,100,1,100,1,100
158,20.75,9.767857142857144,-11.75,6.252505733531621,14.0,0.28,0.4,0.22641509433962265,0.16216216216216217,0.43333333333333335,0.21666666666666667,0.38333333333333336,0.3428333333333334,0.01333333333333333,0.0,0.037735849056603765,0.0,0.06666666666666671,0.0,-0.09999999999999998,0.013666666666666681,0.2721067236343912,0.2721067236343912,0.10702330886480659,3.3554651740695314,0.0,True,3,3,0.024968882971552364,False,2,7,0,0,0,2240,0.18154126621199276,8,0.11428571428571428,1.0714285714285714,0.05714285714285714,0.0,0.9138392857142857,0.014285714285714285,0.0008928571428571428,0.007142857142857143,0.004910714285714286,0.0,0.0,0.014285714285714285,0.013839285714285714,0.014285714285714285,0.002232142857142857,0.014285714285714285,1,100,1,100,1,100,1,100,1,100,1,100,1,100,1,100,1,100,1,100
159,21.5,9.325,-11.5,6.937320711253995,17.5,0.24444444444444446,0.3611111111111111,0.16981132075471697,0.16216216216216217,0.3,0.2,0.3333333333333333,0.2727777777777778,0.02333333333333332,0.008333333333333304,0.018867924528301883,0.05405405405405406,0.016666666666666663,0.0,0.06666666666666665,0.025166666666666657,0.2741137658964656,0.2741137658964656,0.10837483485019739,3.233108153900305,0.0,False,1,3,-0.0018520826182610861,False,2,7,0,0,0,2240,0.32109884666035254,19,0.2714285714285714,1.2,0.15714285714285714,0.0,0.8276785714285714,0.0035714285714285713,0.01830357142857143,0.014285714285714285,0.030357142857142857,0.022767857142857142,0.01607142857142857,0.021875,0.0,0.0,0.020535714285714286,0.024553571428571428,1,100,1,100,1,100,1,100,1,100,1,100,1,100,1,100,1,100,1,100
160,19.75,10.13809523809524,-9.0,5.538857786424137,13.833333333333334,0.28833333333333333,0.42083333333333334,0.20754716981132076,0.1891891891891892,0.16666666666666666,0.3,0.31666666666666665,0.25116666666666665,-0.0033333333333333422,-0.025000000000000022,0.0,0.02702702702702703,-0.033333333333333354,0.0,0.0,-0.01300000000000001,0.23628073049471218,0.23628073049471218,0.09234120295371288,3.3942227811627568,0.0,False,1,3,-0.009429898873301201,False,2,7,0,0,0,2240,0.16454147285632414,8,0.11428571428571428,1.042857142857143,0.04285714285714286,0.0,0.9138392857142857,0.014285714285714285,0.005357142857142857,0.0,0.0,0.0,0.0,0.0,0.0,0.024553571428571428,0.014285714285714285,0.027678571428571427,1,100,1,100,1,100,1,100,1,100,1,100,1,100,1,100,1,100,1,100
161,22.25,9.948809523809523,-9.0,6.454085282728661,15.25,0.22333333333333333,0.4083333333333333,0.07547169811320754,0.13513513513513514,0.35,0.22777777777777777,0.4166666666666667,0.2971111111111111,-0.0033333333333333435,-0.00833333333333336,0.0,0.0,0.0,0.0,0.033333333333333326,0.003666666666666661,0.24940184739441648,0.24940184739441648,0.0786415303748108,3.3006162738415106,0.0,True,2,3,0.011510112305509468,False,2,7,0,0,0,2240,0.2113385934384014,12,0.17142857142857143,1.1428571428571428,0.11428571428571428,0.0,0.8964285714285715,0.010714285714285714,0.0004464285714285714,0.0004464285714285714,0.014285714285714285,0.0017857142857142857,0.019196428571428573,0.0125,0.012053571428571429,0.017410714285714286,0.014732142857142857,0.0,1,100,1,100,1,100,1,100,1,100,1,100,1,100,1,100,1,100,1,100
162,21.5,9.875,-12.0,6.423585478284336,14.75,0.2555555555555556,0.32222222222222224,0.24528301886792453,0.16216216216216217,0.3,0.21666666666666667,0.18333333333333332,0.2563888888888889,0.03333333333333333,-0.016666666666666663,0.11320754716981132,0.0,0.04999999999999999,0.0,-0.06666666666666668,0.02083333333333333,0.25311676756016993,0.25311676756016993,0.07558242405295287,3.423811559065148,0.0,False,2,3,0.0020083782781279425,False,2,7,0,0,0,2240,0.17057676824520682,12,0.17142857142857143,1.1571428571428573,0.11428571428571428,0.0,0.9165178571428572,0.014285714285714285,0.008482142857142856,0.021875,0.0035714285714285713,0.014285714285714285,0.017857142857142856,0.0,0.0013392857142857143,0.0017857142857142857,0.0,0.0,1,100,1,100,1,100,1,100,1,100,1,100,1,100,1,100,1,100,1,100
163,20.0,9.516666666666666,-11.5,6.4276745406095355,14.75,0.22333333333333333,0.2916666666666667,0.22641509433962265,0.10810810810810811,0.3,0.275,0.38333333333333336,0.2793333333333334,1.1842378929335004e-17,-0.06666666666666665,0.056603773584905676,0.02702702702702703,0.09999999999999998,0.033333333333333354,0.0,0.03833333333333333,0.2457977558331068,0.2457977558331068,0.09908164685597771,3.4849301761573606,0.0,False,1,3,-0.005095996397129099,True,3,6,1,0,0,2240,0.19821963652253674,15,0.21428571428571427,1.4,0.3,0.0,0.89375,0.0,0.004464285714285714,0.0004464285714285714,0.00625,0.0,0.03616071428571429,0.014285714285714285,0.01607142857142857,0.02857142857142857,0.0,0.0,1,100,1,100,1,100,1,100,1,100,1,100,1,100,1,100,1,100,1,100
164,21.75,9.457142857142857,-13.5,5.60776005095757,15.0,0.25,0.2916666666666667,0.20754716981132076,0.24324324324324326,0.4166666666666667,0.1,0.45,0.32333333333333336,0.020000000000000007,0.0,0.03773584905660379,0.02702702702702703,0.06666666666666671,0.03333333333333334,0.18333333333333335,0.06216666666666668,0.2793943146929944,0.2793943146929944,0.09552229968686214,3.354431953908904,0.0,False,1,3,-0.01596194248961008,False,3,5,1,1,0,2240,0.23002275593295501,20,0.2857142857142857,1.4857142857142858,0.4,0.0,0.88125,0.026785714285714284,0.022321428571428572,0.013392857142857142,0.008928571428571428,0.014285714285714285,0.02544642857142857,0.0017857142857142857,0.0004464285714285714,0.005357142857142857,0.0,0.0,1,100,1,100,1,100,1,100,1,100,1,100,1,100,1,100,1,100,1,100
165,18.5,10.113095238095239,-10.0,6.342396956172002,15.5,0.21333333333333335,0.21666666666666667,0.18867924528301888,0.24324324324324326,0.45,0.35,0.3,0.3228333333333333,-0.016666666666666673,-0.05833333333333335,-0.018867924528301883,0.05405405405405406,0.16666666666666669,0.1333333333333333,-0.06666666666666665,0.055,0.2761508017189426,0.2761508017189426,0.13591402445200873,3.683796335769498,0.0007984031936127746,False,1,3,-0.002555619562870093,True,4,7,0,0,0,2240,0.23644370715498386,17,0.24285714285714285,1.3857142857142857,0.3142857142857143,0.0,0.878125,0.0017857142857142857,0.03080357142857143,0.0,0.0,0.0,0.019642857142857142,0.009821428571428571,0.016964285714285713,0.014285714285714285,0.014285714285714285,0.014285714285714285,1,100,1,100,1,100,1,100,1,100,1,100,1,100,1,100,1,100,1,100
166,22.75,9.766666666666667,-8.0,5.993607705992555,22.75,0.22666666666666666,0.3,0.18867924528301888,0.16216216216216217,0.4166666666666667,0.43333333333333335,0.4,0.3398333333333333,-0.02666666666666668,-0.08333333333333337,-0.018867924528301883,0.05405405405405406,0.10000000000000003,0.0,-0.04999999999999999,0.01683333333333334,0.2566985962357869,0.2566985962357869,0.11326339653660915,3.639688184784138,0.0,False,2,3,-0.004288119635136423,False,4,7,0,0,0,2240,0.29282778458072656,24,0.34285714285714286,1.7428571428571429,0.6142857142857143,0.0,0.8294642857142858,0.023214285714285715,0.010714285714285714,0.0040178571428571425,0.024553571428571428,0.0017857142857142857,0.07410714285714286,0.016517857142857143,0.0013392857142857143,0.0017857142857142857,0.0125,0.0,1,100,1,100,1,100,1,100,1,100,1,100,1,100,1,100,1,100,1,100
167,19.333333333333336,9.879761904761903,-6.75,4.711343026984326,15.5,0.2511111111111111,0.3277777777777777,0.18867924528301888,0.21621621621621623,0.3,0.31666666666666665,0.31666666666666665,0.2846111111111111,-0.023333333333333334,-0.09166666666666667,-0.018867924528301883,0.08108108108108109,0.06666666666666665,0.033333333333333326,-0.04999999999999999,0.009833333333333328,0.2661773568598473,0.2661773568598473,0.13267058435155976,3.6089618863769353,0.0,True,2,3,0.006801348015906816,False,4,7,0,0,0,2240,0.2742527706115887,24,0.34285714285714286,1.8428571428571427,0.7571428571428571,0.0,0.8232142857142857,0.023214285714285715,0.008482142857142856,0.0,0.021875,0.014285714285714285,0.10178571428571428,0.0004464285714285714,0.0,0.0004464285714285714,0.0,0.00625,1,100,7,1900,7,1900,7,1600,1,100,1,100,7,2000,1,100,1,100,1,100
168,19.5,9.301190476190477,-16.25,6.179303218430547,14.5,0.2188888888888889,0.2972222222222223,0.16981132075471697,0.16216216216216217,0.38333333333333336,0.22222222222222224,0.3333333333333333,0.29394444444444445,0.02,0.016666666666666663,0.0,0.05405405405405406,0.03333333333333338,0.0,-0.06666666666666671,0.009666666666666678,0.23057623344038466,0.23057623344038466,0.07705640198245349,3.4178260128155515,0.0,False,1,3,-0.007584283787299417,False,4,7,0,0,0,2240,0.3087117495957079,24,0.34285714285714286,1.6,0.5857142857142857,0.0,0.8017857142857143,0.0017857142857142857,0.0,0.009821428571428571,0.0,0.0125,0.11205357142857143,0.014285714285714285,0.019196428571428573,0.0,0.014285714285714285,0.014285714285714285,1,100,1,100,1,100,1,100,1,100,1,100,1,100,1,100,1,100,1,100
169,20.25,10.007142857142858,-12.0,5.922812751079824,19.0,0.28555555555555556,0.4305555555555556,0.20754716981132076,0.16216216216216217,0.2833333333333333,0.2111111111111111,0.3333333333333333,0.28450000000000003,0.030000000000000023,0.07500000000000007,0.018867924528301883,-0.02702702702702703,0.033333333333333326,0.0,0.09999999999999998,0.03866666666666667,0.28068146292300394,0.28068146292300394,0.0986691640450388,3.288593441084243,0.0,False,0,3,-0.02957617076908614,False,4,7,0,0,0,2240,0.23761515617035556,14,0.2,1.4857142857142858,0.44285714285714284,0.0,0.8714285714285714,0.014285714285714285,0.008035714285714285,0.008482142857142856,0.012946428571428572,0.014285714285714285,0.05357142857142857,0.0,0.0004464285714285714,0.0,0.015178571428571428,0.0013392857142857143,1,100,1,100,1,100,1,100,1,100,1,100,1,100,1,100,1,100,1,100
170,19.5,10.067857142857141,-9.5,5.791984281409937,15.083333333333334,0.2866666666666667,0.38333333333333336,0.2830188679245283,0.13513513513513514,0.3777777777777777,0.3277777777777777,0.35,0.33216666666666667,0.0033333333333333453,-0.05833333333333329,0.09433962264150941,-0.02702702702702703,0.033333333333333326,0.0,-0.050000000000000044,0.0054999999999999945,0.29347207374225626,0.29347207374225626,0.09052018270869723,3.282616348172585,0.0,False,1,3,-0.021962136333393834,False,4,7,0,0,0,2240,0.2581283062216212,15,0.21428571428571427,1.5857142857142856,0.5428571428571428,0.0,0.8575892857142857,0.014285714285714285,0.0004464285714285714,0.0013392857142857143,0.0013392857142857143,0.0017857142857142857,0.05625,0.0026785714285714286,0.007589285714285714,0.014285714285714285,0.027232142857142858,0.015178571428571428,1,100,1,100,1,100,1,100,1,100,1,100,1,100,1,100,1,100,1,100
171,20.25,9.646428571428572,-11.0,6.18298092491913,15.416666666666666,0.22666666666666666,0.31666666666666665,0.16981132075471697,0.16216216216216217,0.25,0.35,0.3333333333333333,0.26316666666666666,0.019999999999999993,0.0,0.05660377358490565,0.0,0.033333333333333326,0.0,0.0,0.019666666666666662,0.31280503979263086,0.31280503979263086,0.11467118701625593,3.23792023474045,0.0,True,3,3,0.03179825088778265,False,4,7,0,0,0,2240,0.26895619135684995,17,0.24285714285714285,1.7428571428571429,0.6857142857142857,0.0,0.840625,0.0,0.015178571428571428,0.0004464285714285714,0.014285714285714285,0.029017857142857144,0.07276785714285715,0.012053571428571429,0.014285714285714285,0.0,0.0013392857142857143,0.0,1,100,1,100,1,100,1,100,1,100,1,100,1,100,1,100,1,100,1,100
172,19.25,9.614285714285714,-15.0,5.901425228526678,14.333333333333334,0.23333333333333334,0.3333333333333333,0.20754716981132076,0.10810810810810811,0.3,0.38333333333333336,0.36666666666666664,0.29166666666666663,0.011111111111111117,0.011111111111111127,0.018867924528301883,0.0,0.033333333333333326,0.0,0.04999999999999999,0.02361111111111111,0.27650947344692384,0.27650947344692384,0.11141144144715316,3.3248638356729407,0.0,False,2,3,-0.001428686985284644,False,4,7,0,0,0,2240,0.2585771817989818,15,0.21428571428571427,1.6142857142857143,0.5714285714285714,0.0,0.8580357142857142,0.00625,0.012946428571428572,0.011160714285714286,0.0,0.013839285714285714,0.059375,0.0,0.0,0.014285714285714285,0.009821428571428571,0.014285714285714285,1,100,1,100,1,100,1,100,1,100,1,100,1,100,1,100,1,100,1,100
173,20.5,9.946428571428571,-12.0,5.930718319443311,14.5,0.19666666666666666,0.225,0.20754716981132076,0.13513513513513514,0.4,0.2833333333333333,0.31111111111111106,0.29366666666666663,0.010000000000000009,-0.024999999999999994,0.03773584905660379,0.02702702702702703,0.10000000000000003,0.08333333333333331,-0.06666666666666676,0.03733333333333333,0.24914083843995105,0.24914083843995105,0.07974267480616229,3.5659382767870613,0.0,False,0,3,-0.03325671888546139,False,4,7,0,0,0,2240,0.2817771386435541,19,0.2714285714285714,1.9,0.7714285714285715,0.0,0.8370535714285714,0.002232142857142857,0.007589285714285714,0.0008928571428571428,0.013392857142857142,0.009375,0.08169642857142857,0.014285714285714285,0.009821428571428571,0.01830357142857143,0.0035714285714285713,0.0017857142857142857,1,100,1,100,1,100,1,100,1,100,1,100,1,100,1,100,1,100,1,100
174,22.0,9.332142857142857,-11.5,6.308944155763641,15.5,0.24,0.2916666666666667,0.2641509433962264,0.12162162162162163,0.35,0.4,0.4,0.3185,0.01333333333333333,-0.033333333333333326,0.07547169811320753,0.0,0.14999999999999997,0.03333333333333338,-0.08333333333333331,0.048666666666666664,0.29421843303778233,0.29421843303778233,0.16243103424403474,3.7281840663324686,0.0,False,1,3,-0.012070188453566222,False,4,7,0,0,0,2240,0.31871934432604565,26,0.37142857142857144,2.1285714285714286,0.8857142857142857,0.0,0.7790178571428571,0.0013392857142857143,0.005803571428571429,0.023660714285714285,0.0125,0.014285714285714285,0.14151785714285714,0.005357142857142857,0.014285714285714285,0.0,0.0004464285714285714,0.0017857142857142857,1,100,1,100,1,100,1,100,1,100,1,100,1,100,1,100,1,100,1,100
175,23.5,10.184523809523808,-9.0,6.302492150961013,17.5,0.2833333333333333,0.35833333333333334,0.24528301886792453,0.21621621621621623,0.24444444444444444,0.43333333333333335,0.38333333333333336,0.2997222222222222,0.04666666666666667,-0.033333333333333326,0.11320754716981132,0.08108108108108109,0.08333333333333331,0.10000000000000003,0.06666666666666671,0.06783333333333334,0.31058837661175154,0.31058837661175154,0.15884729263634104,3.7737111756771236,0.0,True,2,3,0.019022907088342478,False,4,7,0,0,0,2240,0.3082671506634111,26,0.37142857142857144,2.0428571428571427,0.9142857142857143,0.0,0.7870535714285715,0.0004464285714285714,0.0035714285714285713,0.002232142857142857,0.0,0.0,0.13526785714285713,0.014285714285714285,0.014285714285714285,0.025,0.0035714285714285713,0.014285714285714285,1,100,1,100,1,100,1,100,1,100,1,100,1,100,1,100,1,100,1,100
176,23.0,10.366666666666665,-6.0,5.614543190509379,18.75,0.3,0.4,0.2641509433962264,0.1891891891891892,0.2833333333333333,0.26666666666666666,0.36666666666666664,0.30083333333333334,0.05000000000000001,-0.024999999999999967,0.1509433962264151,0.02702702702702703,0.06666666666666665,0.033333333333333326,0.016666666666666663,0.04916666666666667,0.3178542452638838,0.3178542452638838,0.13099301579389597,3.4947160990177366,0.0,True,2,3,0.030092698866596823,False,4,7,0,0,0,2240,0.33203760945373223,22,0.3142857142857143,2.0285714285714285,0.9571428571428572,0.0,0.7611607142857143,0.009375,0.03526785714285714,0.004910714285714286,0.0017857142857142857,0.022321428571428572,0.14955357142857142,0.0013392857142857143,0.0,0.012053571428571429,0.002232142857142857,0.0,1,100,1,100,1,100,1,100,1,100,1,100,1,100,1,100,1,100,1,100
177,19.5,10.542857142857143,-10.25,6.458102804751153,15.5,0.27,0.35833333333333334,0.16981132075471697,0.2702702702702703,0.4166666666666667,0.3333333333333333,0.4,0.3471666666666667,0.016666666666666673,0.00833333333333336,0.037735849056603765,0.0,0.16666666666666669,0.06666666666666665,-0.033333333333333326,0.06666666666666667,0.3145083691689276,0.3145083691689276,0.1462572481907306,3.48495435197513,0.0,False,1,3,-0.016022415434434722,True,5,7,0,0,0,2240,0.33334804280401537,26,0.37142857142857144,1.9285714285714286,0.9142857142857143,0.0,0.7209821428571429,0.0004464285714285714,0.0013392857142857143,0.0,0.0,0.0,0.20714285714285716,0.0,0.026339285714285714,0.015178571428571428,0.014285714285714285,0.014285714285714285,1,100,1,100,1,100,1,100,1,100,1,100,1,100,1,100,1,100,1,100
178,21.0,10.21547619047619,-8.5,6.100424342141701,15.0,0.25666666666666665,0.30833333333333335,0.22641509433962265,0.21621621621621623,0.4,0.35,0.25,0.3151666666666666,0.05333333333333334,0.0,0.09433962264150944,0.08108108108108109,0.06666666666666671,-0.03333333333333338,-0.033333333333333326,0.03633333333333334,0.3051625178509963,0.3051625178509963,0.14004576340807492,3.5941116853551023,0.0,True,2,3,0.0066710317954816745,False,5,7,0,0,0,2240,0.3387354202319005,24,0.34285714285714286,2.0285714285714285,0.9428571428571428,0.0,0.734375,0.0040178571428571425,0.0,0.005357142857142857,0.0375,0.008482142857142856,0.18571428571428572,0.014285714285714285,0.003125,0.0004464285714285714,0.006696428571428571,0.0,1,100,1,100,1,100,7,1600,1,100,1,100,1,100,1,100,1,100,1,100
179,22.5,10.229761904761904,-8.5,6.181536700130211,14.833333333333334,0.30333333333333334,0.4083333333333333,0.2641509433962264,0.1891891891891892,0.36666666666666664,0.3722222222222223,0.18333333333333332,0.3143888888888889,0.05333333333333333,0.04999999999999999,0.018867924528301883,0.10810810810810811,0.1333333333333333,0.1166666666666667,-0.08333333333333334,0.06716666666666667,0.31865809575931503,0.31865809575931503,0.17755537361446025,3.9074739531524756,0.0,False,1,3,-0.010800232321046044,False,5,7,0,0,0,2240,0.37488537322220933,29,0.4142857142857143,2.085714285714286,0.9714285714285714,0.0,0.7147321428571428,0.008928571428571428,0.01607142857142857,0.014285714285714285,0.027678571428571427,0.0,0.18928571428571428,0.0026785714285714286,0.0,0.014285714285714285,0.004910714285714286,0.007142857142857143,1,100,7,1900,7,1900,7,1600,7,1900,1,100,7,2000,7,2000,7,2000,7,2000
180,22.0,9.571428571428571,-9.5,6.736778434346003,14.75,0.24,0.2833333333333333,0.16981132075471697,0.2702702702702703,0.36666666666666664,0.3333333333333333,0.4666666666666667,0.32766666666666666,0.024999999999999984,-0.07083333333333336,0.037735849056603765,0.16216216216216217,0.04999999999999999,0.09999999999999998,0.08333333333333331,0.04999999999999999,0.32854790601345685,0.32854790601345685,0.15648795508654104,3.6557970404572377,0.0,False,0,3,-0.010957857924166259,False,5,7,0,0,0,2240,0.424921101927516,37,0.5285714285714286,2.0285714285714285,0.9428571428571428,0.0,0.571875,0.007142857142857143,0.0013392857142857143,0.0,0.0,0.014285714285714285,0.3352678571428571,0.014285714285714285,0.013839285714285714,0.014285714285714285,0.014285714285714285,0.013392857142857142,1,100,1,100,1,100,7,1600,1,100,1,100,1,100,1,100,1,100,1,100
181,20.0,10.157142857142857,-6.5,4.9320088082194,13.5,0.2922222222222222,0.36388888888888893,0.22641509433962265,0.2702702702702703,0.3333333333333333,0.26666666666666666,0.26666666666666666,0.3002222222222222,0.09000000000000001,0.07500000000000001,0.07547169811320756,0.13513513513513514,0.09999999999999998,0.033333333333333326,0.06666666666666665,0.08433333333333332,0.2782845408124969,0.2782845408124969,0.12039188022883283,3.736904595336527,0.0,False,0,3,-0.012123616950108551,True,6,7,0,0,0,2240,0.3603903344523235,23,0.32857142857142857,1.9714285714285715,0.9428571428571428,0.0,0.7040178571428571,0.02857142857142857,0.014285714285714285,0.015625,0.014285714285714285,0.0017857142857142857,0.21026785714285715,0.011160714285714286,0.0,0.0,0.0,0.0,1,100,1,100,1,100,7,1600,1,100,1,100,1,100,1,100,1,100,1,100
182,19.0,10.694047619047618,-11.5,6.032233545983443,15.0,0.2833333333333333,0.4083333333333333,0.2641509433962264,0.10810810810810811,0.4666666666666667,0.2833333333333333,0.2833333333333333,0.3475,0.046666666666666655,0.04999999999999999,0.07547169811320753,0.0,0.15000000000000002,0.04999999999999999,-0.06666666666666665,0.06616666666666668,0.31159573878894276,0.31159573878894276,0.10546617608157179,3.4184066150284322,0.0,False,1,3,-0.011236490144938271,False,6,7,0,0,0,2240,0.38185020689815313,27,0.38571428571428573,1.957142857142857,0.9142857142857143,0.0,0.6736607142857143,0.017857142857142856,0.0,0.0,0.0,0.0,0.23705357142857142,0.014285714285714285,0.007589285714285714,0.014285714285714285,0.014285714285714285,0.020982142857142855,1,100,1,100,1,100,7,1600,1,100,1,100,1,100,1,100,1,100,1,100
183,18.0,10.216666666666669,-9.25,6.092579405270301,17.0,0.30666666666666664,0.4,0.24528301886792453,0.24324324324324326,0.45,0.55,0.3,0.38016666666666665,0.07333333333333336,0.06666666666666671,0.07547169811320756,0.08108108108108109,0.08333333333333337,0.20000000000000007,0.13333333333333333,0.09850000000000003,0.3010711812349501,0.3010711812349501,0.14865066022269688,3.609693774189482,0.0,True,2,3,0.007760741143974681,True,7,7,0,0,0,2240,0.40142579104700826,27,0.38571428571428573,1.9142857142857144,0.9142857142857143,0.0,0.6709821428571429,0.0,0.014285714285714285,0.014285714285714285,0.014285714285714285,0.011607142857142858,0.22901785714285713,0.014285714285714285,0.016964285714285713,0.0,0.014285714285714285,0.0,1,100,1,100,1,100,7,1600,1,100,1,100,1,100,1,100,1,100,1,100
184,25.5,10.702380952380953,-10.5,6.350424486320783,15.0,0.26666666666666666,0.36666666666666664,0.16981132075471697,0.24324324324324326,0.35,0.35,0.5166666666666667,0.3416666666666666,0.04666666666666666,0.016666666666666663,0.05660377358490565,0.08108108108108109,0.09999999999999998,0.033333333333333326,0.16666666666666674,0.08199999999999999,0.31321662382913373,0.31321662382913373,0.16661742232949217,3.488857024906011,0.0,True,3,3,0.014117220105244022,False,7,7,0,0,0,2240,0.3500634098521826,24,0.34285714285714286,2.0,0.9571428571428572,0.0,0.7102678571428571,0.021875,0.0,0.017410714285714286,0.0026785714285714286,0.0,0.2125,0.0,0.002232142857142857,0.01607142857142857,0.002232142857142857,0.014732142857142857,1,100,1,100,1,100,1,100,1,100,1,100,1,100,1,100,1,100,1,100
185,21.5,10.246428571428572,-13.0,6.451396977336279,15.0,0.20666666666666667,0.26666666666666666,0.1320754716981132,0.21621621621621623,0.26666666666666666,0.4,0.3,0.261,0.006666666666666672,-0.016666666666666663,-0.037735849056603765,0.10810810810810811,0.09444444444444447,0.2,-0.016666666666666663,0.05322222222222223,0.29030130076952093,0.29030130076952093,0.17459889154391717,3.959501023509753,0.0,False,1,3,-0.01999218066240649,False,7,6,1,0,0,2240,0.36879065290743523,26,0.37142857142857144,1.957142857142857,0.9428571428571428,0.0,0.6834821428571428,0.0004464285714285714,0.0,0.0,0.028125,0.014285714285714285,0.23258928571428572,0.0,0.014285714285714285,0.014285714285714285,0.002232142857142857,0.010267857142857143,1,100,1,100,1,100,7,1600,1,100,1,100,1,100,1,100,1,100,1,100
186,24.666666666666668,9.65952380952381,-9.0,5.830947519879753,15.5,0.33666666666666667,0.35833333333333334,0.32075471698113206,0.32432432432432434,0.5,0.45,0.31666666666666665,0.4021666666666666,0.04333333333333334,-0.008333333333333304,0.09433962264150941,0.05405405405405406,0.09999999999999998,0.2,0.033333333333333326,0.07733333333333334,0.33765592825545204,0.33765592825545204,0.15395818439790734,3.63252842617066,0.0,False,1,3,-0.010486098510050612,False,7,6,1,0,0,2240,0.42876648708805765,33,0.4714285714285714,2.0714285714285716,0.9714285714285714,0.0,0.6415178571428571,0.017857142857142856,0.013839285714285714,0.03482142857142857,0.014285714285714285,0.0040178571428571425,0.24241071428571428,0.013392857142857142,0.0004464285714285714,0.013839285714285714,0.0,0.0035714285714285713,1,100,1,100,1,100,7,1600,1,100,1,100,1,100,1,100,1,100,1,100
187,21.75,9.955952380952382,-13.0,7.028043618877414,16.0,0.25333333333333335,0.36666666666666664,0.20754716981132076,0.13513513513513514,0.5666666666666667,0.43333333333333335,0.25,0.38049999999999995,0.03333333333333334,0.0,0.056603773584905676,0.05405405405405406,0.06666666666666665,0.10000000000000003,-0.033333333333333326,0.04166666666666667,0.3334608864296477,0.3334608864296477,0.176735958532005,3.547661449645434,0.0,True,2,3,0.015560251044703821,False,7,5,1,1,0,2240,0.39256555359755985,36,0.5142857142857142,2.0714285714285716,0.9714285714285714,0.0,0.684375,0.006696428571428571,0.005357142857142857,0.0,0.015178571428571428,0.022321428571428572,0.2138392857142857,0.0,0.027232142857142858,0.0,0.013839285714285714,0.011160714285714286,1,100,1,100,1,100,1,100,1,100,1,100,1,100,1,100,1,100,1,100
188,25.0,9.916666666666666,-10.083333333333332,6.409488873463126,17.0,0.28,0.3333333333333333,0.18867924528301888,0.32432432432432434,0.5,0.3333333333333333,0.3333333333333333,0.37033333333333335,0.00222222222222222,-0.02777777777777779,-0.037735849056603765,0.10810810810810811,0.18333333333333335,0.033333333333333326,0.08333333333333331,0.08088888888888887,0.28642541496051344,0.28642541496051344,0.14735126315459626,4.014134964827556,0.0,False,0,3,-0.03666846664465884,False,7,5,1,1,0,2240,0.39772396328818604,41,0.5857142857142857,2.2142857142857144,0.9857142857142858,0.0,0.6767857142857143,0.03080357142857143,0.005357142857142857,0.008928571428571428,0.0125,0.01607142857142857,0.22098214285714285,0.017410714285714286,0.0,0.010267857142857143,0.0008928571428571428,0.0,1,100,7,1900,7,1900,7,1600,1,100,1,100,7,2000,1,100,1,100,1,100
189,25.0,10.315476190476192,-8.5,6.102235682829547,15.5,0.2833333333333333,0.39166666666666666,0.20754716981132076,0.21621621621621623,0.38333333333333336,0.48333333333333334,0.31666666666666665,0.3433333333333333,0.023333333333333345,0.025000000000000022,0.056603773584905676,-0.02702702702702703,0.10000000000000003,0.033333333333333326,0.016666666666666663,0.050166666666666686,0.3225953532875833,0.3225953532875833,0.1326565561829973,3.456989252601041,0.0,False,2,3,0.0024939290215966192,False,7,5,1,1,0,2240,0.4666322066276362,46,0.6571428571428571,2.2285714285714286,0.9428571428571428,0.0,0.6026785714285714,0.07053571428571428,0.015178571428571428,0.0004464285714285714,0.004910714285714286,0.0,0.240625,0.0,0.013839285714285714,0.014285714285714285,0.020982142857142855,0.016517857142857143,1,100,1,100,1,100,1,100,1,100,1,100,1,100,1,100,1,100,1,100
190,18.75,10.341666666666667,-13.25,7.250864070019846,16.0,0.32,0.36666666666666664,0.37735849056603776,0.16216216216216217,0.38333333333333336,0.31666666666666665,0.4,0.35383333333333333,0.056666666666666664,0.024999999999999967,0.09433962264150947,0.05405405405405406,0.03333333333333338,0.04999999999999999,0.0,0.03933333333333335,0.31949061594469574,0.31949061594469574,0.14622330731016972,3.4533104655967364,0.0,True,3,3,0.023051833536286315,False,7,5,1,1,0,2240,0.4418853911511633,41,0.5857142857142857,2.3285714285714287,0.9285714285714286,0.0,0.6419642857142858,0.04151785714285714,0.0017857142857142857,0.016517857142857143,0.014285714285714285,0.0013392857142857143,0.22678571428571428,0.014285714285714285,0.014285714285714285,0.022767857142857142,0.004464285714285714,0.0,1,100,1,100,1,100,1,100,1,100,1,100,1,100,1,100,1,100,1,100
191,20.0,10.416666666666666,-10.25,6.261608267469157,16.0,0.3466666666666667,0.43333333333333335,0.22641509433962265,0.3783783783783784,0.3333333333333333,0.38333333333333336,0.38333333333333336,0.3511666666666667,0.06,0.0,0.07547169811320756,0.13513513513513514,0.11666666666666664,0.0,0.0,0.06483333333333333,0.3198709493511456,0.3198709493511456,0.13003041015449932,3.448147425484919,0.0,True,3,3,0.007943204500090728,False,7,5,1,1,0,2240,0.4214196195482936,37,0.5285714285714286,2.3142857142857145,0.9571428571428572,0.0,0.6973214285714285,0.06473214285714286,0.014285714285714285,0.016964285714285713,0.003125,0.012946428571428572,0.15580357142857143,0.0017857142857142857,0.007589285714285714,0.0,0.009375,0.01607142857142857,1,100,1,100,1,100,1,100,1,100,1,100,1,100,1,100,1,100,1,100
192,18.75,10.308333333333334,-11.0,6.490489837703572,16.0,0.25333333333333335,0.3333333333333333,0.24528301886792453,0.13513513513513514,0.5,0.38333333333333336,0.4,0.37466666666666665,0.04,0.033333333333333326,0.07547169811320756,0.0,0.21666666666666667,0.13333333333333336,0.10000000000000003,0.12016666666666667,0.2987678895585973,0.2987678895585973,0.13954181815266872,3.8066444329304154,0.12345087116748614,False,1,3,-0.008625993722667868,True,8,5,2,0,0,2240,0.40045972138781727,32,0.45714285714285713,2.2,0.9714285714285714,0.0,0.6982142857142857,0.03705357142857143,0.0004464285714285714,0.0,0.0017857142857142857,0.01607142857142857,0.18392857142857144,0.019196428571428573,0.014285714285714285,0.0017857142857142857,0.007142857142857143,0.020089285714285716,1,100,1,100,1,100,1,100,1,100,1,100,1,100,1,100,1,100,1,100
193,19.0,10.527380952380952,-11.0,5.353954209766097,14.0,0.27,0.30833333333333335,0.20754716981132076,0.2972972972972973,0.3944444444444445,0.36666666666666664,0.38333333333333336,0.34022222222222226,0.03333333333333334,0.016666666666666663,0.03773584905660379,0.05405405405405406,0.13333333333333336,0.09999999999999998,0.050000000000000044,0.07750000000000001,0.31821314168547415,0.31821314168547415,0.15186015336978473,3.6378811562708826,0.0,True,2,3,0.010401923425875537,False,8,5,1,1,0,2240,0.3241441314797992,26,0.37142857142857144,1.9714285714285715,0.9142857142857143,0.0,0.7138392857142857,0.006696428571428571,0.02857142857142857,0.0,0.014285714285714285,0.0,0.22232142857142856,0.0,0.014285714285714285,0.0,0.0,0.0,1,100,1,100,1,100,7,1600,1,100,1,100,1,100,1,100,1,100,1,100
194,22.0,10.035714285714286,-11.0,6.395490279749266,17.5,0.30666666666666664,0.45,0.20754716981132076,0.21621621621621623,0.3333333333333333,0.4111111111111111,0.4,0.34044444444444444,-0.01333333333333333,-0.016666666666666663,-0.018867924528301883,0.0,0.1333333333333333,0.03333333333333338,0.06666666666666671,0.05466666666666667,0.31061945113059747,0.31061945113059747,0.13232993669470114,3.5379765295987067,0.0,True,3,3,0.012239577070758068,False,8,5,1,1,0,2240,0.3662764371571664,36,0.5142857142857142,2.0142857142857142,0.9571428571428572,0.0,0.703125,0.016517857142857143,0.003125,0.0,0.0,0.0,0.20714285714285716,0.013839285714285714,0.0,0.014285714285714285,0.014285714285714285,0.027678571428571427,1,100,1,100,1,100,1,100,1,100,1,100,1,100,1,100,1,100,1,100
195,23.25,10.721428571428573,-8.5,6.117725445445418,16.0,0.2377777777777778,0.3277777777777778,0.16981132075471697,0.1891891891891892,0.5333333333333333,0.38055555555555554,0.36666666666666664,0.37483333333333335,0.016666666666666656,0.008333333333333304,0.018867924528301883,0.02702702702702703,0.09999999999999998,0.05833333333333335,-0.10000000000000003,0.03249999999999998,0.31017852939611834,0.31017852939611834,0.14267124750134633,3.6339062291627044,0.0,True,2,3,0.012457450925094038,False,8,6,0,1,0,2240,0.3597191823048966,29,0.4142857142857143,2.0142857142857142,0.9285714285714286,0.0,0.7107142857142857,0.00625,0.014285714285714285,0.014285714285714285,0.0013392857142857143,0.014285714285714285,0.21026785714285715,0.010714285714285714,0.014285714285714285,0.0035714285714285713,0.0,0.0,1,100,1,100,1,100,1,100,1,100,1,100,1,100,1,100,1,100,1,100
196,22.5,10.592857142857143,-7.75,6.110564343711589,15.75,0.20666666666666667,0.26666666666666666,0.20754716981132076,0.10810810810810811,0.41111111111111115,0.38333333333333336,0.35,0.3173888888888889,0.01333333333333334,-0.016666666666666663,0.056603773584905676,0.0,0.06666666666666676,0.13333333333333336,0.0,0.04200000000000004,0.30564399374550155,0.30564399374550155,0.1424046940802586,3.530748288016884,0.0,False,0,3,-0.026315131693531557,False,8,6,1,0,0,2240,0.4105076081422975,31,0.44285714285714284,2.257142857142857,0.9857142857142858,0.0,0.6732142857142858,0.03482142857142857,0.04776785714285714,0.0,0.0,0.0,0.19866071428571427,0.012946428571428572,0.0026785714285714286,0.0017857142857142857,0.012946428571428572,0.015178571428571428,1,100,1,100,1,100,1,100,1,100,1,100,1,100,1,100,1,100,1,100
197,20.25,10.492857142857142,-8.5,6.769940312641959,18.583333333333332,0.3466666666666667,0.38333333333333336,0.33962264150943394,0.2972972972972973,0.3333333333333333,0.3,0.2,0.31533333333333335,0.04333333333333335,-0.07499999999999996,0.16981132075471697,0.05405405405405406,0.1333333333333333,0.06666666666666665,-0.08333333333333331,0.05816666666666667,0.26190710947582746,0.26190710947582746,0.14078575233614551,3.9795324466073327,0.0,False,1,3,-0.022312573344244968,False,8,6,1,0,0,2240,0.40379073590852976,26,0.37142857142857144,2.085714285714286,0.9,0.0,0.6950892857142857,0.01830357142857143,0.0,0.0,0.014285714285714285,0.014285714285714285,0.19598214285714285,0.014285714285714285,0.014285714285714285,0.014285714285714285,0.014285714285714285,0.004910714285714286,1,100,1,100,1,100,7,1600,1,100,1,100,1,100,1,100,1,100,1,100
198,22.0,10.811904761904762,-7.25,5.323906954556116,18.0,0.24666666666666667,0.3333333333333333,0.22641509433962265,0.13513513513513514,0.4,0.48333333333333334,0.4,0.347,0.06999999999999998,0.05833333333333329,0.11320754716981132,0.02702702702702703,0.16666666666666669,0.16666666666666669,0.03333333333333338,0.10800000000000001,0.31109607485770824,0.31109607485770824,0.16685345992935632,3.5749233551881274,0.0,False,1,3,-0.0019386928953338267,False,8,6,1,0,0,2240,0.38204953894853494,33,0.4714285714285714,2.0,0.9,0.0,0.7089285714285715,0.03705357142857143,0.014285714285714285,0.014285714285714285,0.014285714285714285,0.014285714285714285,0.1825892857142857,0.0,0.0,0.0,0.0,0.014285714285714285,1,100,1,100,1,100,1,100,1,100,1,100,1,100,1,100,1,100,1,100
199,21.75,10.135714285714286,-11.0,6.284431687324882,19.5,0.26666666666666666,0.43333333333333335,0.1320754716981132,0.1891891891891892,0.31666666666666665,0.25,0.4666666666666667,0.3125,0.023333333333333338,0.041666666666666685,0.018867924528301883,0.0,0.13333333333333333,0.033333333333333326,0.0,0.05933333333333333,0.33155607368687234,0.33155607368687234,0.16524291686797998,3.5392353482155805,0.005608060986460814,False,2,3,-0.009891225216598576,False,8,7,0,0,0,2240,0.3886492156130519,28,0.4,1.9857142857142858,0.9142857142857143,0.0,0.6892857142857143,0.014285714285714285,0.0026785714285714286,0.014285714285714285,0.0,0.0008928571428571428,0.21294642857142856,0.013392857142857142,0.024107142857142858,0.014285714285714285,0.0,0.013839285714285714,1,100,1,100,1,100,1,100,1,100,1,100,1,100,1,100,1,100,2,200
200,20.0,10.566666666666666,-9.5,6.070724048759791,15.0,0.3,0.43333333333333335,0.22641509433962265,0.1891891891891892,0.5,0.48333333333333334,0.4666666666666667,0.41333333333333333,0.07666666666666669,0.025000000000000022,0.15094339622641512,0.05405405405405406,0.04999999999999999,0.26666666666666666,-0.06666666666666665,0.06483333333333334,0.30315648367376236,0.30315648367376236,0.14757539199318292,3.5156534138732396,0.0,False,3,3,0.0023402689570354296,False,8,7,0,0,0,2240,0.4135261601394837,32,0.45714285714285713,2.0285714285714285,0.9428571428571428,0.0,0.6401785714285714,0.019642857142857142,0.014285714285714285,0.0040178571428571425,0.014732142857142857,0.014285714285714285,0.26026785714285716,0.0008928571428571428,0.017410714285714286,0.0,0.012946428571428572,0.0013392857142857143,1,100,1,100,1,100,1,100,1,100,1,100,1,100,1,100,1,100,1,100
201,23.5,10.728571428571428,-9.25,6.48401094687414,18.5,0.2966666666666667,0.44166666666666665,0.22641509433962265,0.16216216216216217,0.4,0.38333333333333336,0.4,0.357,0.02333333333333332,0.008333333333333304,0.018867924528301883,0.05405405405405406,0.10000000000000003,0.06666666666666671,0.13333333333333336,0.07100000000000001,0.33076291131986973,0.33076291131986973,0.15821590359502488,3.384681986884209,0.0,False,1,3,-0.008513507243757545,False,8,7,0,0,0,2240,0.37756584103609425,26,0.37142857142857144,1.957142857142857,0.9428571428571428,0.0,0.6973214285714285,0.0125,0.014285714285714285,0.0017857142857142857,0.0125,0.0,0.2044642857142857,0.0,0.014285714285714285,0.004910714285714286,0.0,0.03794642857142857,1,100,1,100,1,100,1,100,1,100,1,100,1,100,1,100,1,100,1,100
202,21.0,10.478571428571428,-10.5,6.933838204407279,17.0,0.31,0.475,0.22641509433962265,0.16216216216216217,0.43333333333333335,0.40555555555555556,0.2833333333333333,0.3587222222222222,0.05333333333333334,0.033333333333333326,0.07547169811320756,0.05405405405405406,0.13333333333333336,0.16666666666666666,-0.06666666666666665,0.07466666666666667,0.32466600205940804,0.32466600205940804,0.14458084561071358,3.577857683683382,0.0,True,2,3,0.01596394651369043,False,8,7,0,0,0,2240,0.3249053675393541,20,0.2857142857142857,1.9714285714285715,0.9428571428571428,0.0,0.7232142857142857,0.0,0.0,0.008482142857142856,0.0026785714285714286,0.0035714285714285713,0.215625,0.005803571428571429,0.0017857142857142857,0.0125,0.026339285714285714,0.0,1,100,1,100,1,100,1,100,1,100,1,100,1,100,1,100,1,100,1,100
203,23.0,10.698809523809524,-11.5,6.183476010052391,16.0,0.28,0.4,0.18867924528301888,0.21621621621621623,0.36666666666666664,0.4111111111111111,0.31666666666666665,0.32894444444444443,-0.00333333333333332,-0.024999999999999967,0.0,0.02702702702702703,0.08333333333333331,0.1166666666666667,0.033333333333333326,0.0445,0.3205838414445297,0.3205838414445297,0.13090600471200717,3.7605775488089175,0.0,False,2,3,0.0028239067684273644,False,8,7,0,0,0,2240,0.37616531333594233,28,0.4,1.9428571428571428,0.9285714285714286,0.0,0.6714285714285714,0.0013392857142857143,0.0,0.02857142857142857,0.002232142857142857,0.0,0.24330357142857142,0.012053571428571429,0.0,0.0125,0.014285714285714285,0.014285714285714285,1,100,1,100,1,100,7,1600,7,1900,1,100,1,100,1,100,1,100,1,100
204,22.5,10.414285714285715,-11.75,6.537240259014627,18.25,0.30333333333333334,0.35833333333333334,0.32075471698113206,0.1891891891891892,0.3333333333333333,0.2833333333333333,0.31111111111111106,0.31299999999999994,0.056666666666666664,0.041666666666666685,0.09433962264150941,0.02702702702702703,0.04999999999999999,0.033333333333333326,-0.033333333333333326,0.0385,0.28439841747683897,0.28439841747683897,0.14581825760672884,3.784417364613599,0.0,False,1,3,-0.0037369705034375755,False,8,7,0,0,0,2240,0.4170673849120538,35,0.5,1.9714285714285715,0.9571428571428572,0.0,0.5910714285714286,0.012053571428571429,0.005357142857142857,0.0,0.0,0.0,0.31026785714285715,0.029464285714285714,0.013839285714285714,0.023214285714285715,0.014285714285714285,0.0004464285714285714,1,100,1,100,1,100,7,1600,1,100,1,100,1,100,1,100,1,100,1,100
205,21.0,10.823809523809523,-8.0,5.380493553973811,18.5,0.2777777777777778,0.41111111111111115,0.22641509433962265,0.13513513513513514,0.21666666666666667,0.5666666666666667,0.35,0.2961111111111111,0.06333333333333338,0.0500000000000001,0.09433962264150944,0.04054054054054054,0.06666666666666668,0.27222222222222225,-0.03333333333333338,0.07088888888888892,0.3123345921033678,0.3123345921033678,0.1610672533477526,3.604582128186125,0.0,False,0,3,-0.021836903046772493,False,8,7,0,0,0,2240,0.39641611605049226,30,0.42857142857142855,1.9714285714285715,0.9428571428571428,0.0,0.6263392857142858,0.007142857142857143,0.022767857142857142,0.016517857142857143,0.014285714285714285,0.013839285714285714,0.2883928571428571,0.005357142857142857,0.0,0.0,0.005357142857142857,0.0,1,100,1,100,1,100,7,1600,7,1900,1,100,1,100,1,100,7,2000,1,100
206,21.0,10.075,-13.25,6.20656574389842,14.75,0.3466666666666667,0.31666666666666665,0.33962264150943394,0.40540540540540543,0.3333333333333333,0.18333333333333332,0.5,0.3486666666666667,0.09333333333333331,0.04999999999999999,0.1132075471698113,0.13513513513513514,0.1333333333333333,0.04999999999999999,0.033333333333333326,0.09399999999999999,0.3374586715579429,0.3374586715579429,0.16901091938066182,3.4796492812112176,0.0,False,1,3,-0.012041415526012567,False,8,7,0,0,0,2240,0.4396333898814747,38,0.5428571428571428,2.0,0.9714285714285714,0.0,0.47946428571428573,0.014285714285714285,0.003125,0.014285714285714285,0.0,0.0004464285714285714,0.421875,0.022321428571428572,0.011160714285714286,0.0017857142857142857,0.004910714285714286,0.026339285714285714,1,100,1,100,1,100,7,1600,1,100,1,100,1,100,1,100,1,100,1,100
207,23.75,10.060714285714285,-10.0,6.6903288621297765,22.333333333333332,0.3,0.45,0.22641509433962265,0.16216216216216217,0.36666666666666664,0.5333333333333333,0.31666666666666665,0.3491666666666667,0.07,0.07500000000000001,0.07547169811320756,0.05405405405405406,0.016666666666666663,0.09999999999999998,0.033333333333333326,0.048833333333333326,0.3057422212894401,0.3057422212894401,0.13804224944294205,3.4408909818187645,0.0,False,2,3,-0.008207899644303907,False,8,7,0,0,0,2240,0.4268523884550895,33,0.4714285714285714,1.9285714285714286,0.9285714285714286,0.0,0.521875,0.0,0.014285714285714285,0.014285714285714285,0.014285714285714285,0.010267857142857143,0.3834821428571429,0.014285714285714285,0.027232142857142858,0.0,0.0,0.0,1,100,1,100,1,100,7,1600,1,100,1,100,1,100,1,100,1,100,1,100
208,22.25,10.275,-9.75,6.459648099659034,15.5,0.27,0.325,0.22641509433962265,0.24324324324324326,0.26666666666666666,0.5333333333333333,0.43333333333333335,0.31966666666666665,0.06333333333333334,0.025000000000000022,0.09433962264150944,0.08108108108108109,0.1,0.25,0.08333333333333337,0.09783333333333336,0.33542247378189954,0.33542247378189954,0.15945555645433,3.509545512844337,0.0,True,3,3,0.014860221142235508,False,8,7,0,0,0,2240,0.38471641659109057,36,0.5142857142857142,1.9857142857142858,0.9714285714285714,0.0,0.6066964285714286,0.014285714285714285,0.012053571428571429,0.0013392857142857143,0.0,0.0,0.31160714285714286,0.0,0.0,0.014285714285714285,0.0375,0.002232142857142857,1,100,1,100,1,100,1,100,1,100,1,100,1,100,1,100,1,100,1,100
209,25.0,10.23690476190476,-10.0,6.511583630107356,16.5,0.3333333333333333,0.4166666666666667,0.3018867924528302,0.24324324324324326,0.3,0.3,0.5,0.3433333333333334,0.016666666666666677,-0.008333333333333304,0.018867924528301883,0.05405405405405406,0.13333333333333333,0.016666666666666663,0.033333333333333326,0.05999999999999999,0.3009704395517107,0.3009704395517107,0.13973977929500617,3.7383397680724713,0.0,False,2,3,-0.0037899374671613306,False,8,7,0,0,0,2240,0.4094595852516094,35,0.5,1.9857142857142858,0.9285714285714286,0.0,0.6455357142857143,0.0,0.0,0.002232142857142857,0.014285714285714285,0.014285714285714285,0.25223214285714285,0.014285714285714285,0.011160714285714286,0.028125,0.017410714285714286,0.0004464285714285714,1,100,1,100,1,100,1,100,1,100,1,100,1,100,1,100,1,100,1,100
210,21.75,10.221428571428572,-8.5,5.9102729658292645,15.75,0.27,0.30833333333333335,0.3018867924528302,0.16216216216216217,0.5,0.3333333333333333,0.4,0.37633333333333335,0.05333333333333334,-0.016666666666666663,0.1320754716981132,0.05405405405405406,0.09999999999999998,0.06666666666666665,0.06666666666666671,0.073,0.30199986421218655,0.30199986421218655,0.13076364612869915,3.7675730867582105,0.0,False,1,3,0.0008315242461408023,False,8,7,0,0,0,2240,0.41733677399841435,32,0.45714285714285713,1.957142857142857,0.9428571428571428,0.0,0.6129464285714286,0.014285714285714285,0.02857142857142857,0.0008928571428571428,0.014285714285714285,0.005357142857142857,0.2888392857142857,0.0125,0.008482142857142856,0.0,0.013839285714285714,0.0,1,100,1,100,1,100,7,1600,1,100,1,100,1,100,1,100,1,100,1,100
211,20.75,9.858333333333334,-9.5,6.6187017081590325,20.75,0.27666666666666667,0.3416666666666667,0.2830188679245283,0.16216216216216217,0.48333333333333334,0.4,0.3333333333333333,0.36983333333333335,0.02333333333333332,-0.05833333333333335,0.09433962264150941,0.05405405405405406,0.18333333333333335,0.23333333333333336,0.016666666666666663,0.09933333333333333,0.29496792589823395,0.29496792589823395,0.14422983168383932,3.8891027729134646,0.0,False,1,3,-0.006839971025455471,False,8,7,0,0,0,2240,0.4090053807934569,36,0.5142857142857142,1.9285714285714286,0.9285714285714286,0.0,0.5566964285714285,0.0,0.0,0.0040178571428571425,0.0,0.0,0.3575892857142857,0.010267857142857143,0.02142857142857143,0.014285714285714285,0.02142857142857143,0.014285714285714285,1,100,1,100,1,100,7,1600,1,100,1,100,1,100,1,100,1,100,1,100
212,21.083333333333332,10.746428571428572,-7.0,5.065727429279541,15.0,0.25333333333333335,0.38333333333333336,0.20754716981132076,0.10810810810810811,0.35,0.3,0.45,0.32133333333333336,0.0033333333333333435,0.00833333333333336,0.0,0.0,0.06666666666666665,-0.011111111111111072,0.06666666666666665,0.033555555555555554,0.2904337060332299,0.2904337060332299,0.11226752409747864,3.751219230032086,0.0,False,1,3,-0.017283195565787002,False,8,7,0,0,0,2240,0.40014032759251994,31,0.44285714285714284,1.9428571428571428,0.9428571428571428,0.0,0.49910714285714286,0.014285714285714285,0.014285714285714285,0.014285714285714285,0.0004464285714285714,0.0013392857142857143,0.428125,0.0004464285714285714,0.0,0.013839285714285714,0.0,0.013839285714285714,1,100,1,100,1,100,7,1600,7,1900,1,100,1,100,1,100,7,2000,1,100
213,21.5,10.867857142857142,-7.083333333333334,5.468715006366823,18.5,0.3233333333333333,0.375,0.2830188679245283,0.2972972972972973,0.36666666666666664,0.43333333333333335,0.26666666666666666,0.34099999999999997,0.09,-0.05833333333333335,0.1509433962264151,0.24324324324324326,0.1333333333333333,0.0,0.1,0.09766666666666665,0.32512158960647525,0.32512158960647525,0.16895207394630232,3.7658111852235656,0.0,False,0,3,-0.017794431217885487,False,8,7,0,0,0,2240,0.40932347550495685,37,0.5285714285714286,1.957142857142857,0.9428571428571428,0.0,0.528125,0.012946428571428572,0.01607142857142857,0.015625,0.0,0.0,0.38973214285714286,0.0,0.008035714285714285,0.00625,0.0,0.023214285714285715,1,100,1,100,1,100,7,1600,1,100,1,100,1,100,1,100,1,100,1,100
214,22.0,10.253571428571428,-12.5,6.883403027928697,15.75,0.3,0.45,0.22641509433962265,0.16216216216216217,0.43333333333333335,0.4666666666666667,0.41111111111111115,0.38,0.07333333333333333,0.06666666666666665,0.056603773584905676,0.10810810810810811,0.06666666666666671,0.30000000000000004,0.06666666666666676,0.0926666666666667,0.2988955276741151,0.2988955276741151,0.1313151717740131,3.92916973646719,0.0,False,1,3,-0.009241702793755302,False,8,7,0,0,0,2240,0.4143898535032461,32,0.45714285714285713,1.9714285714285715,0.9571428571428572,0.0,0.5736607142857143,0.014285714285714285,0.0004464285714285714,0.0,0.0017857142857142857,0.014285714285714285,0.34017857142857144,0.0013392857142857143,0.0125,0.015625,0.0125,0.013392857142857142,1,100,1,100,1,100,7,1600,1,100,1,100,7,2000,1,100,7,2000,1,100
215,21.0,10.45357142857143,-11.0,6.219778292415472,21.0,0.30666666666666664,0.4,0.22641509433962265,0.2702702702702703,0.38333333333333336,0.4,0.48333333333333334,0.3693333333333333,0.09000000000000001,0.07500000000000001,0.056603773584905676,0.16216216216216217,0.06666666666666671,0.13333333333333336,0.06666666666666665,0.08266666666666668,0.32600871641164547,0.32600871641164547,0.17042399319652043,3.809398217074431,0.0007984031936127746,True,2,3,0.023508842118610485,False,8,7,0,0,0,2240,0.39510048325326874,35,0.5,1.9428571428571428,0.9285714285714286,0.0,0.5133928571428571,0.014285714285714285,0.002232142857142857,0.014285714285714285,0.003125,0.0,0.4133928571428571,0.0,0.0,0.0,0.014285714285714285,0.025,1,100,1,100,1,100,7,1600,1,100,1,100,7,2000,1,100,7,2000,1,100
216,22.5,10.441666666666668,-10.25,7.07928946192443,16.5,0.3466666666666667,0.43333333333333335,0.2641509433962264,0.32432432432432434,0.36666666666666664,0.26666666666666666,0.4666666666666667,0.3636666666666667,0.09333333333333334,0.0,0.1320754716981132,0.1891891891891892,0.18333333333333332,0.04999999999999999,-0.016666666666666663,0.10400000000000001,0.34694547499864575,0.34694547499864575,0.21371220683860462,3.7968907930761326,0.0007984031936127746,False,1,3,-0.00384305017809089,False,8,7,0,0,0,2240,0.4125475526203203,36,0.5142857142857142,1.9428571428571428,0.9285714285714286,0.0,0.46205357142857145,0.0017857142857142857,0.0,0.0,0.0,0.014285714285714285,0.45223214285714286,0.014285714285714285,0.02857142857142857,0.0040178571428571425,0.0,0.022767857142857142,1,100,1,100,1,100,7,1600,1,100,1,100,1,100,1,100,1,100,1,100
217,20.0,10.335714285714285,-4.0,4.908911790405934,18.0,0.2633333333333333,0.225,0.2830188679245283,0.2972972972972973,0.4666666666666667,0.2,0.26666666666666666,0.32866666666666666,0.04777777777777776,-0.030555555555555586,0.11320754716981132,0.08108108108108109,0.23333333333333334,0.1,0.0,0.11077777777777778,0.2745416675472227,0.2745416675472227,0.13597246300875188,4.209559613886502,0.0,False,1,3,-0.009571188643766382,False,8,7,0,0,0,2240,0.42136440789670143,38,0.5428571428571428,1.9428571428571428,0.9428571428571428,0.0,0.49464285714285716,0.014285714285714285,0.02857142857142857,0.005803571428571429,0.004910714285714286,0.014285714285714285,0.41830357142857144,0.0,0.010714285714285714,0.008482142857142856,0.0,0.0,1,100,7,1900,7,1900,7,1600,1,100,1,100,7,2000,1,100,1,100,1,100
218,19.5,9.528571428571428,-14.0,6.369926953094133,16.5,0.2966666666666667,0.39166666666666666,0.22641509433962265,0.24324324324324326,0.38333333333333336,0.38333333333333336,0.5,0.3661666666666667,0.07666666666666667,0.05833333333333335,0.07547169811320756,0.10810810810810811,0.03333333333333338,0.0,0.11666666666666664,0.05983333333333335,0.31408740872884877,0.31408740872884877,0.1543550358210195,3.5815167401596955,0.0,False,2,3,-0.005672681653851819,False,8,7,0,0,0,2240,0.4127888027025117,31,0.44285714285714284,1.9857142857142858,0.9714285714285714,0.0,0.3933035714285714,0.0,0.00625,0.010267857142857143,0.010267857142857143,0.0,0.5272321428571428,0.013839285714285714,0.023214285714285715,0.005803571428571429,0.0040178571428571425,0.005803571428571429,1,100,1,100,1,100,7,1600,1,100,1,100,1,100,1,100,1,100,1,100
219,20.5,9.838095238095239,-13.5,6.489213970827565,17.0,0.2855555555555555,0.2972222222222222,0.2641509433962264,0.2972972972972973,0.48333333333333334,0.43333333333333335,0.25,0.36422222222222217,0.05000000000000001,-0.024999999999999967,0.1320754716981132,0.05405405405405406,0.2,0.13888888888888895,0.016666666666666663,0.1063888888888889,0.31368924558088396,0.31368924558088396,0.19561253542568022,3.770998583337159,0.0,False,1,3,-0.013407485867986624,False,8,7,0,0,0,2240,0.41915301631604784,34,0.4857142857142857,1.9857142857142858,0.9428571428571428,0.0,0.5223214285714286,0.004464285714285714,0.017410714285714286,0.00625,0.0,0.014285714285714285,0.3919642857142857,0.0,0.014285714285714285,0.0,0.009375,0.019642857142857142,1,100,7,1900,7,1900,7,1600,7,1900,1,100,7,2000,1,100,7,2000,7,2000
220,19.0,10.002380952380953,-13.0,5.483452224586235,18.25,0.3333333333333333,0.4583333333333333,0.3490566037735849,0.10810810810810811,0.5,0.38333333333333336,0.25,0.38416666666666666,0.06666666666666664,-0.00833333333333336,0.160377358490566,0.05405405405405406,0.23333333333333334,0.03333333333333338,0.0,0.11166666666666666,0.30550968769531645,0.30550968769531645,0.14700471273590096,3.598557157317348,0.0,False,2,3,0.001037046024781385,False,8,7,0,0,0,2240,0.4208770179206271,32,0.45714285714285713,1.9285714285714286,0.9285714285714286,0.0,0.45401785714285714,0.014285714285714285,0.012946428571428572,0.014285714285714285,0.0,0.0,0.4616071428571429,0.0,0.012946428571428572,0.014285714285714285,0.0013392857142857143,0.014285714285714285,1,100,7,1900,7,1900,7,1600,7,1900,1,100,7,2000,1,100,7,2000,7,2000
221,26.25,10.18452380952381,-13.5,6.837613248200924,16.5,0.24,0.3,0.16981132075471697,0.24324324324324326,0.23333333333333334,0.35,0.36666666666666664,0.26766666666666666,0.0022222222222222114,-0.04444444444444445,-0.01886792452830191,0.10810810810810811,0.05000000000000002,0.26666666666666666,0.033333333333333326,0.050055555555555555,0.3302128067098127,0.3302128067098127,0.16656422459935913,3.7122819348524563,0.0,True,3,3,0.017469332966050355,False,8,7,0,0,0,2240,0.4420551659882382,28,0.4,1.9714285714285715,0.9428571428571428,0.0,0.4549107142857143,0.015625,0.005803571428571429,0.0,0.0017857142857142857,0.011607142857142858,0.44821428571428573,0.014285714285714285,0.014285714285714285,0.014285714285714285,0.019196428571428573,0.0,1,100,1,100,1,100,7,1600,1,100,1,100,1,100,1,100,1,100,1,100
222,20.25,10.40952380952381,-10.5,6.332875028172353,16.333333333333332,0.3566666666666667,0.475,0.20754716981132076,0.3783783783783784,0.3,0.3,0.4222222222222222,0.3410000000000001,0.08999999999999998,-0.00833333333333336,0.09433962264150944,0.24324324324324326,0.16666666666666666,0.09999999999999998,0.016666666666666663,0.10683333333333332,0.30628610127924755,0.30628610127924755,0.15088129084413623,3.995666826259857,0.0,False,1,3,-0.007068648391424459,False,8,7,0,0,0,2240,0.43637113290030727,35,0.5,1.9857142857142858,0.9571428571428572,0.0,0.4674107142857143,0.010267857142857143,0.017410714285714286,0.016964285714285713,0.0,0.002232142857142857,0.43705357142857143,0.008928571428571428,0.0,0.0013392857142857143,0.014732142857142857,0.023660714285714285,1,100,1,100,1,100,7,1600,1,100,1,100,1,100,1,100,1,100,1,100
223,20.0,10.332142857142857,-13.0,6.698265779721069,17.5,0.31222222222222223,0.4138888888888889,0.20754716981132076,0.2972972972972973,0.4166666666666667,0.43333333333333335,0.4666666666666667,0.3840555555555556,0.05000000000000001,0.025000000000000022,-0.018867924528301883,0.1891891891891892,0.15000000000000002,0.04999999999999999,0.08333333333333331,0.09000000000000001,0.298179095138189,0.298179095138189,0.15763221639962136,3.941091202042793,0.0,False,2,3,0.003669368091127001,False,8,7,0,0,0,2240,0.38357493944147414,33,0.4714285714285714,1.957142857142857,0.9571428571428572,0.0,0.5647321428571429,0.0,0.0,0.012946428571428572,0.024553571428571428,0.0,0.36607142857142855,0.0013392857142857143,0.0013392857142857143,0.014285714285714285,0.012946428571428572,0.0017857142857142857,1,100,7,1900,7,1900,7,1600,1,100,1,100,7,2000,1,100,7,2000,1,100
224,19.0,9.992857142857142,-10.75,6.938373037547294,17.5,0.23555555555555552,0.3222222222222222,0.18867924528301888,0.16216216216216217,0.5666666666666667,0.35,0.5833333333333334,0.4150555555555555,0.009999999999999997,-0.025000000000000022,0.056603773584905676,0.0,0.033333333333333326,0.033333333333333326,0.25000000000000006,0.0565,0.3420302512900449,0.3420302512900449,0.15807812390310047,3.6232279872529496,0.0024096385542168677,False,2,3,0.0014717188478099996,False,8,7,0,0,0,2240,0.4274583293210434,36,0.5142857142857142,1.957142857142857,0.9428571428571428,0.0,0.5205357142857143,0.011607142857142858,0.012946428571428572,0.014285714285714285,0.015625,0.014285714285714285,0.38973214285714286,0.016517857142857143,0.0017857142857142857,0.0,0.0,0.0026785714285714286,1,100,1,100,1,100,7,1600,1,100,1,100,1,100,1,100,1,100,1,100
225,22.5,9.641666666666666,-9.333333333333332,5.952529641000045,17.0,0.24333333333333335,0.2916666666666667,0.18867924528301888,0.24324324324324326,0.5,0.32222222222222224,0.43333333333333335,0.3695555555555555,-0.013333333333333327,-0.08333333333333331,0.0,0.08108108108108109,0.16666666666666669,0.1,-0.016666666666666663,0.060500000000000005,0.34149200685886355,0.34149200685886355,0.17144661024792326,3.5809907384938042,0.0,False,2,3,-0.0069550930996714055,False,8,7,0,0,0,2240,0.41014564278546706,29,0.4142857142857143,2.0285714285714285,0.9571428571428572,0.0,0.5642857142857143,0.014285714285714285,0.017857142857142856,0.0013392857142857143,0.0,0.0013392857142857143,0.34866071428571427,0.0,0.009375,0.0013392857142857143,0.027232142857142858,0.014285714285714285,1,100,1,100,1,100,7,1600,1,100,1,100,1,100,1,100,1,100,1,100
226,24.0,10.333333333333332,-10.75,6.620974368422036,19.5,0.35,0.5083333333333333,0.24528301886792453,0.24324324324324326,0.43333333333333335,0.5166666666666667,0.4,0.4033333333333333,0.06333333333333331,0.09166666666666662,0.05660377358490565,0.02702702702702703,0.2666666666666667,0.17222222222222233,0.10000000000000003,0.1508888888888889,0.3506441965770297,0.3506441965770297,0.12996092517411326,3.5564686253633657,0.0,False,1,3,-0.002827878379786597,True,8,7,0,0,0,2240,0.40565010894845704,24,0.34285714285714286,1.9857142857142858,0.9571428571428572,0.0,0.646875,0.0125,0.0,0.0125,0.0017857142857142857,0.014732142857142857,0.25357142857142856,0.020089285714285716,0.014285714285714285,0.023660714285714285,0.0,0.0,1,100,1,100,1,100,7,1600,1,100,1,100,1,100,1,100,1,100,1,100
227,23.0,10.93095238095238,-10.333333333333334,5.573996660880791,15.25,0.31666666666666665,0.4583333333333333,0.20754716981132076,0.24324324324324326,0.4166666666666667,0.36666666666666664,0.31666666666666665,0.3566666666666667,0.02666666666666667,0.0,0.018867924528301883,0.08108108108108109,0.08333333333333337,-0.01666666666666672,-0.06666666666666671,0.02816666666666667,0.30764160494879783,0.30764160494879783,0.13853121310014752,3.654757881097972,0.0,False,1,3,-0.01822058693857259,False,8,7,0,0,0,2240,0.4021401010728101,16,0.22857142857142856,1.9857142857142858,0.9571428571428572,0.0,0.621875,0.014285714285714285,0.0040178571428571425,0.0035714285714285713,0.015178571428571428,0.0,0.29151785714285716,0.0040178571428571425,0.0,0.011607142857142858,0.022767857142857142,0.011160714285714286,1,100,1,100,1,100,7,1600,1,100,1,100,1,100,1,100,1,100,1,100
228,20.25,10.266666666666666,-10.25,6.405689435404837,17.0,0.33,0.44166666666666665,0.2830188679245283,0.21621621621621623,0.41111111111111115,0.26666666666666666,0.5,0.3775555555555556,0.036666666666666646,0.008333333333333304,0.07547169811320753,0.02702702702702703,0.2166666666666667,0.016666666666666663,0.09999999999999998,0.10716666666666666,0.3399390096525945,0.3399390096525945,0.17316644549528182,3.599008718597854,0.0,True,2,3,0.009295046271094176,False,8,7,0,0,0,2240,0.411357529252405,21,0.3,1.9,0.9,0.0,0.5629464285714286,0.0,0.0,0.0,0.0,0.014285714285714285,0.3513392857142857,0.014285714285714285,0.014285714285714285,0.014285714285714285,0.014285714285714285,0.014285714285714285,1,100,1,100,1,100,7,1600,1,100,1,100,1,100,1,100,1,100,1,100
229,21.0,10.28095238095238,-8.0,4.912572375745601,15.0,0.32666666666666666,0.38333333333333336,0.2830188679245283,0.2972972972972973,0.35,0.4166666666666667,0.4666666666666667,0.36483333333333334,0.06666666666666668,0.01666666666666672,0.07547169811320753,0.13513513513513514,0.16666666666666666,0.13333333333333336,0.10000000000000003,0.11333333333333333,0.2986403060982817,0.2986403060982817,0.14837098348028296,3.677815034407272,0.0,True,2,3,0.008220616088013832,False,8,7,0,0,0,2240,0.37263729387973205,23,0.32857142857142857,1.957142857142857,0.9428571428571428,0.0,0.5875,0.020089285714285716,0.015625,0.014285714285714285,0.011607142857142858,0.0,0.34732142857142856,0.0,0.0,0.0,0.0,0.0035714285714285713,1,100,1,100,1,100,7,1600,1,100,1,100,1,100,1,100,1,100,1,100
230,23.75,9.755952380952381,-12.0,6.1267420818421074,16.5,0.25666666666666665,0.3416666666666667,0.20754716981132076,0.1891891891891892,0.4,0.3333333333333333,0.4666666666666667,0.346,1.4802973661668755e-18,-0.033333333333333326,0.018867924528301883,0.02702702702702703,0.03333333333333338,0.07777777777777778,0.033333333333333326,0.02444444444444446,0.30017999779921717,0.30017999779921717,0.14537684397542994,3.6877072980727115,0.0,False,1,3,-0.007963135430489876,False,8,7,0,0,0,2240,0.37904474039323405,22,0.3142857142857143,1.9714285714285715,0.9571428571428572,0.0,0.609375,0.0,0.0,0.0,0.012053571428571429,0.0,0.321875,0.013839285714285714,0.014285714285714285,0.007142857142857143,0.009375,0.012053571428571429,1,100,1,100,1,100,7,1600,1,100,1,100,1,100,1,100,1,100,1,100
231,21.75,10.925,-7.0,6.087166926450776,16.5,0.28,0.36666666666666664,0.24528301886792453,0.1891891891891892,0.42777777777777776,0.5,0.35,0.36422222222222217,0.02666666666666667,0.0,0.09433962264150944,-0.02702702702702703,0.16666666666666663,0.22222222222222227,0.0,0.0912222222222222,0.3184067607756375,0.3184067607756375,0.15522758790560537,3.619043694283576,0.0024048288964240196,False,2,3,-0.0029245998692647435,False,8,7,0,0,0,2240,0.39544020729924517,22,0.3142857142857143,1.9714285714285715,0.9571428571428572,0.0,0.6058035714285714,0.002232142857142857,0.013839285714285714,0.0,0.014732142857142857,0.0125,0.3151785714285714,0.014285714285714285,0.013839285714285714,0.0,0.007589285714285714,0.0,1,100,1,100,1,100,7,1600,1,100,1,100,1,100,1,100,1,100,1,100
232,22.0,10.528571428571428,-13.0,6.200116577793622,19.5,0.30333333333333334,0.35833333333333334,0.2830188679245283,0.24324324324324326,0.4166666666666667,0.3,0.45,0.3646666666666667,0.05666666666666668,0.00833333333333336,0.1320754716981132,0.02702702702702703,0.10000000000000003,0.033333333333333326,0.10000000000000003,0.07600000000000001,0.3225172388580512,0.3225172388580512,0.13435037555411267,3.769298806549005,0.0007984031936127746,False,1,3,-0.012273566533720914,False,8,6,1,0,0,2240,0.4039665250672389,25,0.35714285714285715,1.9857142857142858,0.9714285714285714,0.0,0.6232142857142857,0.011607142857142858,0.016517857142857143,0.02857142857142857,0.0,0.0,0.27901785714285715,0.0,0.0,0.014285714285714285,0.0017857142857142857,0.025,1,100,1,100,1,100,7,1600,1,100,1,100,1,100,1,100,1,100,1,100
233,19.75,10.375,-10.0,6.276906369496726,19.75,0.28,0.38333333333333336,0.24528301886792453,0.16216216216216217,0.4666666666666667,0.41111111111111115,0.2833333333333333,0.3589444444444444,0.016666666666666684,-0.008333333333333304,0.07547169811320756,-0.02702702702702703,0.13333333333333336,0.13333333333333341,0.06666666666666665,0.07666666666666669,0.36099654773451756,0.36099654773451756,0.16128280739239545,3.4162727119692704,0.0015151515151515152,True,2,3,0.009786214354788103,False,8,6,1,0,0,2240,0.405713274717549,26,0.37142857142857144,1.9857142857142858,0.9571428571428572,0.0,0.6290178571428572,0.0026785714285714286,0.012946428571428572,0.010267857142857143,0.004464285714285714,0.009375,0.2825892857142857,0.0013392857142857143,0.01875,0.014285714285714285,0.014285714285714285,0.0,1,100,1,100,1,100,7,1600,1,100,1,100,1,100,1,100,1,100,1,100
234,19.5,10.376190476190475,-9.333333333333332,5.826079552138454,16.5,0.25666666666666665,0.275,0.2641509433962264,0.21621621621621623,0.3333333333333333,0.26666666666666666,0.4166666666666667,0.3085,0.036666666666666674,0.041666666666666685,0.018867924528301883,0.05405405405405406,0.09999999999999998,0.06666666666666665,0.033333333333333326,0.06133333333333332,0.3262528126174328,0.3262528126174328,0.1570325941763789,3.7130162639307005,0.0,False,2,3,-0.0027328329831756704,False,8,7,0,0,0,2240,0.36684182351302,30,0.42857142857142855,1.9428571428571428,0.9285714285714286,0.0,0.6924107142857143,0.004910714285714286,0.014285714285714285,0.014285714285714285,0.014285714285714285,0.03080357142857143,0.221875,0.0,0.0,0.0,0.0004464285714285714,0.006696428571428571,1,100,1,100,1,100,7,1600,1,100,1,100,1,100,1,100,1,100,1,100
235,23.5,9.945238095238095,-10.75,7.019133229432036,17.0,0.25666666666666665,0.325,0.2641509433962264,0.13513513513513514,0.36666666666666664,0.2,0.5166666666666667,0.3285,0.06666666666666667,0.04999999999999999,0.09433962264150944,0.05405405405405406,0.06666666666666665,0.13333333333333336,0.06666666666666671,0.07333333333333333,0.27103692699789667,0.27103692699789667,0.11625718989184829,3.805681900164622,0.0,False,1,3,-0.0056488884224977776,False,8,7,0,0,0,2240,0.3873121318811949,33,0.4714285714285714,1.9142857142857144,0.9142857142857143,0.0,0.5691964285714286,0.0,0.0,0.0,0.0,0.0,0.35892857142857143,0.014732142857142857,0.014285714285714285,0.014285714285714285,0.014285714285714285,0.014285714285714285,1,100,1,100,1,100,7,1600,1,100,1,100,1,100,1,100,1,100,1,100
236,22.5,10.610714285714286,-12.0,6.071494047265993,15.5,0.2966666666666667,0.4583333333333333,0.18867924528301888,0.1891891891891892,0.4,0.25,0.36666666666666664,0.33866666666666667,0.05666666666666666,0.04166666666666663,0.03773584905660379,0.10810810810810811,0.1444444444444445,0.033333333333333326,0.06666666666666665,0.08655555555555555,0.3227605091630054,0.3227605091630054,0.15425880622836108,3.6298941729538368,0.0007984031936127746,True,3,3,0.005627937261657834,False,8,7,0,0,0,2240,0.4205459211902708,26,0.37142857142857144,1.9285714285714286,0.9285714285714286,0.0,0.4303571428571429,0.014285714285714285,0.020089285714285716,0.007589285714285714,0.014285714285714285,0.014285714285714285,0.48392857142857143,0.014285714285714285,0.0,0.0008928571428571428,0.0,0.0,1,100,1,100,1,100,7,1600,1,100,1,100,1,100,1,100,1,100,1,100
237,23.25,10.330952380952382,-15.5,6.732943933644884,17.0,0.2833333333333333,0.39166666666666666,0.22641509433962265,0.1891891891891892,0.36666666666666664,0.4666666666666667,0.3,0.33333333333333337,0.07333333333333333,0.033333333333333326,0.11320754716981132,0.08108108108108109,0.1333333333333333,0.1166666666666667,0.033333333333333326,0.09266666666666666,0.30677173704191957,0.30677173704191957,0.13249084160995278,3.600766757831544,0.0,False,0,3,-0.03871718046200401,False,8,7,0,0,0,2240,0.42378266737119596,28,0.4,1.9714285714285715,0.9571428571428572,0.0,0.4888392857142857,0.014732142857142857,0.013392857142857142,0.0,0.0,0.010267857142857143,0.4236607142857143,0.0,0.01830357142857143,0.0013392857142857143,0.015178571428571428,0.014285714285714285,1,100,7,1900,7,1900,7,1600,7,1900,1,100,7,2000,1,100,7,2000,1,100
238,21.25,10.908333333333333,-7.0,6.266821015069812,18.5,0.2866666666666667,0.36666666666666664,0.24528301886792453,0.21621621621621623,0.3,0.4166666666666667,0.4166666666666667,0.32383333333333336,0.06666666666666665,-0.01666666666666672,0.169811320754717,0.05405405405405406,0.06666666666666665,0.06666666666666671,0.033333333333333326,0.06166666666666666,0.33393004061245896,0.33393004061245896,0.17636449141391064,3.5969191409076697,0.0,False,1,3,-0.0003103322380429985,False,8,7,0,0,0,2240,0.4134388911277953,26,0.37142857142857144,1.957142857142857,0.9428571428571428,0.0,0.36026785714285714,0.008928571428571428,0.0,0.014285714285714285,0.014285714285714285,0.020089285714285716,0.5553571428571429,0.005357142857142857,0.007142857142857143,0.014285714285714285,0.0,0.0,1,100,1,100,1,100,7,1600,1,100,1,100,1,100,1,100,1,100,1,100
239,22.5,10.967857142857143,-9.25,6.064326027685848,20.0,0.31,0.44166666666666665,0.18867924528301888,0.2702702702702703,0.31666666666666665,0.3333333333333333,0.35,0.32066666666666666,0.08333333333333334,0.10833333333333334,0.01886792452830191,0.13513513513513514,0.16666666666666666,0.04999999999999999,0.0,0.09666666666666668,0.35837686316547873,0.35837686316547873,0.14489068595193696,3.5160439070744967,0.0007984031936127746,False,2,3,0.0033186152946632075,False,8,7,0,0,0,2240,0.41451290385591594,28,0.4,1.9142857142857144,0.9,0.0,0.46964285714285714,0.014285714285714285,0.02857142857142857,0.0004464285714285714,0.014285714285714285,0.0,0.44419642857142855,0.0,0.0,0.0,0.014285714285714285,0.014285714285714285,1,100,1,100,1,100,7,1600,1,100,1,100,1,100,1,100,1,100,1,100
240,20.25,10.13809523809524,-10.0,6.77695800960472,16.0,0.34,0.5333333333333333,0.22641509433962265,0.1891891891891892,0.45,0.5333333333333333,0.4166666666666667,0.4093333333333333,0.013333333333333332,0.033333333333333326,-0.018867924528301883,0.02702702702702703,0.08333333333333337,0.1333333333333333,0.10000000000000003,0.06283333333333335,0.33509142114942564,0.33509142114942564,0.16824555222037366,3.6689927374167333,0.0016016160450183971,False,1,3,-0.01997540151533367,False,8,7,0,0,0,2240,0.4185517885955041,27,0.38571428571428573,1.9714285714285715,0.9428571428571428,0.0,0.4589285714285714,0.0,0.0,0.009375,0.0,0.0017857142857142857,0.45625,0.025,0.014732142857142857,0.004910714285714286,0.016517857142857143,0.0125,1,100,1,100,1,100,7,1600,1,100,1,100,1,100,1,100,1,100,1,100
241,22.5,11.239285714285714,-11.0,6.357003409385492,17.75,0.26666666666666666,0.3333333333333333,0.22641509433962265,0.21621621621621623,0.36666666666666664,0.45,0.5,0.355,0.07222222222222223,0.030555555555555558,0.07547169811320756,0.13513513513513514,0.033333333333333326,0.10000000000000003,0.06666666666666665,0.06055555555555556,0.3199486022478591,0.3199486022478591,0.1823477360722148,3.8534137639288786,0.0016016160450183971,False,1,3,-0.00861191089890323,False,8,7,0,0,0,2240,0.39641045036377165,26,0.37142857142857144,1.957142857142857,0.9428571428571428,0.0,0.5098214285714285,0.014285714285714285,0.0125,0.014285714285714285,0.0017857142857142857,0.022321428571428572,0.41875,0.0004464285714285714,0.0,0.004464285714285714,0.0,0.0013392857142857143,1,100,1,100,1,100,7,1600,1,100,1,100,1,100,1,100,7,2000,1,100
242,21.5,10.802380952380952,-9.5,6.0713543412829205,16.0,0.26,0.23333333333333334,0.2641509433962264,0.2972972972972973,0.4166666666666667,0.25,0.38333333333333336,0.33233333333333337,0.020000000000000007,-0.06666666666666665,0.018867924528301883,0.16216216216216217,0.13333333333333336,0.04999999999999999,0.1166666666666667,0.07716666666666669,0.3225490664041274,0.3225490664041274,0.14200671311630117,3.736496539596965,0.0008032128514056225,False,1,3,-0.024795777800611485,False,8,7,0,0,0,2240,0.4250895495860242,31,0.44285714285714284,1.9428571428571428,0.9285714285714286,0.0,0.45089285714285715,0.0035714285714285713,0.0,0.008928571428571428,0.008928571428571428,0.0,0.46517857142857144,0.014285714285714285,0.005357142857142857,0.014285714285714285,0.014285714285714285,0.014285714285714285,1,100,1,100,1,100,7,1600,1,100,1,100,1,100,1,100,7,2000,1,100
243,20.5,10.31904761904762,-9.5,6.231559644335199,18.75,0.2733333333333333,0.4,0.1320754716981132,0.2702702702702703,0.4666666666666667,0.48333333333333334,0.4,0.381,0.006666666666666668,-0.033333333333333326,0.018867924528301883,0.05405405405405406,0.15000000000000002,0.2,0.10000000000000003,0.09016666666666667,0.32489773404389954,0.32489773404389954,0.16011279740628273,3.8570415576295383,0.0,False,1,3,-0.013628311103240753,False,8,6,1,0,0,2240,0.43342435116207667,30,0.42857142857142855,1.9857142857142858,0.9571428571428572,0.0,0.3919642857142857,0.0004464285714285714,0.010714285714285714,0.026785714285714284,0.012946428571428572,0.007142857142857143,0.5080357142857143,0.014285714285714285,0.027678571428571427,0.0,0.0,0.0,1,100,7,1900,7,1900,7,1600,7,1900,1,100,7,2000,1,100,7,2000,1,100
244,20.75,10.057142857142857,-8.0,6.303037546526689,17.0,0.32,0.38333333333333336,0.32075471698113206,0.21621621621621623,0.36666666666666664,0.35555555555555557,0.6,0.38188888888888883,0.01333333333333333,-0.033333333333333326,0.09433962264150941,-0.02702702702702703,0.09999999999999998,0.20000000000000004,0.08333333333333326,0.0728333333333333,0.3146711445066542,0.3146711445066542,0.1287271568582441,3.676631658187823,0.0,False,0,3,-0.01821783596006238,False,8,7,0,0,0,2240,0.4364498529640087,32,0.45714285714285713,1.9428571428571428,0.9285714285714286,0.0,0.340625,0.014285714285714285,0.0035714285714285713,0.014285714285714285,0.0,0.0,0.5607142857142857,0.014285714285714285,0.009821428571428571,0.014285714285714285,0.013839285714285714,0.014285714285714285,1,100,1,100,1,100,7,1600,1,100,1,100,1,100,1,100,1,100,1,100
245,21.0,10.075,-9.0,6.537713394495926,15.166666666666666,0.25,0.4583333333333333,0.1320754716981132,0.08108108108108109,0.3,0.23333333333333334,0.36666666666666664,0.2833333333333333,0.013333333333333334,0.016666666666666663,0.05660377358490566,-0.05405405405405406,0.0,0.06666666666666668,0.033333333333333326,0.017,0.28471412414309755,0.28471412414309755,0.1286741595305191,3.662040030927557,0.0,False,0,3,-0.03639160160875765,False,8,7,0,0,0,2240,0.42523075959095946,36,0.5142857142857142,1.9857142857142858,0.9428571428571428,0.0,0.4575892857142857,0.0,0.0,0.0,0.014285714285714285,0.01830357142857143,0.45357142857142857,0.0017857142857142857,0.008035714285714285,0.022767857142857142,0.014732142857142857,0.008928571428571428,1,100,1,100,1,100,7,1600,1,100,1,100,1,100,1,100,1,100,1,100
246,18.5,11.38809523809524,-5.5,4.965253988018425,18.5,0.41333333333333333,0.5,0.3584905660377358,0.35135135135135137,0.4,0.5333333333333333,0.4666666666666667,0.4286666666666667,0.15111111111111108,0.09444444444444439,0.18867924528301885,0.1891891891891892,0.03333333333333338,0.1333333333333333,0.033333333333333326,0.09044444444444447,0.31772701402598236,0.31772701402598236,0.1641628389806732,3.779622518380544,0.0007984031936127746,False,1,3,-0.0209516891736789,False,8,6,0,1,0,2240,0.37115812074525556,30,0.42857142857142855,2.0,0.9571428571428572,0.0,0.5549107142857143,0.020089285714285716,0.013392857142857142,0.005803571428571429,0.0008928571428571428,0.004464285714285714,0.3879464285714286,0.0026785714285714286,0.0,0.0,0.0,0.009821428571428571,1,100,1,100,1,100,7,1600,1,100,1,100,1,100,1,100,7,2000,1,100
247,23.5,10.629761904761905,-11.5,7.069743766745557,18.666666666666668,0.2966666666666667,0.4083333333333333,0.20754716981132076,0.24324324324324326,0.43333333333333335,0.4166666666666667,0.5833333333333334,0.3995000000000001,0.029999999999999995,0.024999999999999967,0.056603773584905676,0.0,0.08333333333333337,0.20555555555555555,0.033333333333333326,0.06672222222222224,0.3410017618408066,0.3410017618408066,0.18800009813645194,3.5824080571970334,0.0,False,0,3,-0.015256902526940785,False,8,6,1,0,0,2240,0.4055177056406629,24,0.34285714285714286,1.9285714285714286,0.9142857142857143,0.0,0.5022321428571429,0.0,0.0,0.0013392857142857143,0.0,0.0,0.4174107142857143,0.014285714285714285,0.02857142857142857,0.014285714285714285,0.014285714285714285,0.007589285714285714,1,100,1,100,1,100,7,1600,1,100,1,100,1,100,1,100,1,100,1,100
248,21.0,10.342857142857143,-8.5,6.815708147435628,16.75,0.34,0.4166666666666667,0.32075471698113206,0.24324324324324326,0.43333333333333335,0.5166666666666667,0.4166666666666667,0.4018333333333334,0.06,-0.04999999999999999,0.1132075471698113,0.16216216216216217,0.13333333333333336,0.06666666666666671,0.0,0.07733333333333335,0.3320574683661763,0.3320574683661763,0.14279584314394214,3.6031592528706735,0.0015968063872255492,False,1,3,-0.012498424108336792,False,8,6,1,0,0,2240,0.41982750475365416,29,0.4142857142857143,1.9428571428571428,0.9285714285714286,0.0,0.5196428571428572,0.002232142857142857,0.01607142857142857,0.0,0.014285714285714285,0.014285714285714285,0.39464285714285713,0.015178571428571428,0.013392857142857142,0.0,0.0,0.010267857142857143,1,100,1,100,1,100,7,1600,1,100,1,100,1,100,1,100,1,100,1,100
249,20.5,11.067857142857143,-8.0,5.886868168791849,15.5,0.28,0.38333333333333336,0.20754716981132076,0.21621621621621623,0.3333333333333333,0.45,0.5,0.3486666666666667,0.05333333333333336,0.03333333333333338,0.056603773584905676,0.08108108108108109,0.033333333333333326,0.2,-0.06666666666666665,0.04300000000000002,0.3274170898801156,0.3274170898801156,0.13538620094604512,3.5606085929637623,0.0,False,1,3,-0.0019887934973427113,False,8,5,1,1,0,2240,0.4122121076455812,30,0.42857142857142855,1.9142857142857144,0.9142857142857143,0.0,0.5642857142857143,0.015178571428571428,0.014285714285714285,0.0,0.0,0.0,0.34910714285714284,0.0,0.014285714285714285,0.014285714285714285,0.014285714285714285,0.014285714285714285,1,100,1,100,1,100,7,1600,1,100,1,100,1,100,1,100,1,100,1,100
